run_id,model_contract_version,day,hour,asset_type,asset_id,variable_name,unit,active_flag,fixed_reason,block_id,local_index_start,local_index_end,global_index_start,global_index_end
20260718_161942_stage_0_e0522686,1.0,0,0,wind_capacity,1,QW1,MW,true,,GLOBAL_CAPACITY,1,1,1,1
20260718_161942_stage_0_e0522686,1.0,0,0,wind_capacity,2,QW2,MW,true,,GLOBAL_CAPACITY,2,2,2,2
20260718_161942_stage_0_e0522686,1.0,0,0,wind_capacity,3,QW3,MW,true,,GLOBAL_CAPACITY,3,3,3,3
20260718_161942_stage_0_e0522686,1.0,0,0,wind_capacity,4,QW4,MW,true,,GLOBAL_CAPACITY,4,4,4,4
20260718_161942_stage_0_e0522686,1.0,0,0,wind_capacity,5,QW5,MW,true,,GLOBAL_CAPACITY,5,5,5,5
20260718_161942_stage_0_e0522686,1.0,0,0,solar_capacity,1,QP1,MW,true,,GLOBAL_CAPACITY,6,6,6,6
20260718_161942_stage_0_e0522686,1.0,0,0,solar_capacity,2,QP2,MW,true,,GLOBAL_CAPACITY,7,7,7,7
20260718_161942_stage_0_e0522686,1.0,0,0,solar_capacity,3,QP3,MW,true,,GLOBAL_CAPACITY,8,8,8,8
20260718_161942_stage_0_e0522686,1.0,0,0,solar_capacity,4,QP4,MW,true,,GLOBAL_CAPACITY,9,9,9,9
20260718_161942_stage_0_e0522686,1.0,0,0,solar_capacity,5,QP5,MW,true,,GLOBAL_CAPACITY,10,10,10,10
20260718_161942_stage_0_e0522686,1.0,0,0,storage_power_capacity,1,QS1,MW,true,,GLOBAL_CAPACITY,11,11,11,11
20260718_161942_stage_0_e0522686,1.0,0,0,storage_power_capacity,2,QS2,MW,true,,GLOBAL_CAPACITY,12,12,12,12
20260718_161942_stage_0_e0522686,1.0,0,0,storage_energy_capacity,1,ES1,MWh,true,,GLOBAL_CAPACITY,13,13,13,13
20260718_161942_stage_0_e0522686,1.0,0,0,storage_energy_capacity,2,ES2,MWh,true,,GLOBAL_CAPACITY,14,14,14,14
20260718_161942_stage_0_e0522686,1.0,1,0,wind_capacity,1,QW1_d001,MW,true,,D001_CAPACITY,1,1,15,15
20260718_161942_stage_0_e0522686,1.0,1,0,wind_capacity,2,QW2_d001,MW,true,,D001_CAPACITY,2,2,16,16
20260718_161942_stage_0_e0522686,1.0,1,0,wind_capacity,3,QW3_d001,MW,true,,D001_CAPACITY,3,3,17,17
20260718_161942_stage_0_e0522686,1.0,1,0,wind_capacity,4,QW4_d001,MW,true,,D001_CAPACITY,4,4,18,18
20260718_161942_stage_0_e0522686,1.0,1,0,wind_capacity,5,QW5_d001,MW,true,,D001_CAPACITY,5,5,19,19
20260718_161942_stage_0_e0522686,1.0,1,0,solar_capacity,1,QP1_d001,MW,true,,D001_CAPACITY,6,6,20,20
20260718_161942_stage_0_e0522686,1.0,1,0,solar_capacity,2,QP2_d001,MW,true,,D001_CAPACITY,7,7,21,21
20260718_161942_stage_0_e0522686,1.0,1,0,solar_capacity,3,QP3_d001,MW,true,,D001_CAPACITY,8,8,22,22
20260718_161942_stage_0_e0522686,1.0,1,0,solar_capacity,4,QP4_d001,MW,true,,D001_CAPACITY,9,9,23,23
20260718_161942_stage_0_e0522686,1.0,1,0,solar_capacity,5,QP5_d001,MW,true,,D001_CAPACITY,10,10,24,24
20260718_161942_stage_0_e0522686,1.0,1,0,storage_power_capacity,1,QS1_d001,MW,true,,D001_CAPACITY,11,11,25,25
20260718_161942_stage_0_e0522686,1.0,1,0,storage_power_capacity,2,QS2_d001,MW,true,,D001_CAPACITY,12,12,26,26
20260718_161942_stage_0_e0522686,1.0,1,0,storage_energy_capacity,1,ES1_d001,MWh,true,,D001_CAPACITY,13,13,27,27
20260718_161942_stage_0_e0522686,1.0,1,0,storage_energy_capacity,2,ES2_d001,MWh,true,,D001_CAPACITY,14,14,28,28
20260718_161942_stage_0_e0522686,1.0,1,1,wind,1,PW,MW,true,,D001_H01,1,1,29,29
20260718_161942_stage_0_e0522686,1.0,1,1,wind,2,PW,MW,true,,D001_H01,2,2,30,30
20260718_161942_stage_0_e0522686,1.0,1,1,wind,3,PW,MW,true,,D001_H01,3,3,31,31
20260718_161942_stage_0_e0522686,1.0,1,1,wind,4,PW,MW,true,,D001_H01,4,4,32,32
20260718_161942_stage_0_e0522686,1.0,1,1,wind,5,PW,MW,true,,D001_H01,5,5,33,33
20260718_161942_stage_0_e0522686,1.0,1,1,hydro,1,PH,MW,true,,D001_H01,6,6,34,34
20260718_161942_stage_0_e0522686,1.0,1,1,hydro,2,PH,MW,true,,D001_H01,7,7,35,35
20260718_161942_stage_0_e0522686,1.0,1,1,hydro,3,PH,MW,true,,D001_H01,8,8,36,36
20260718_161942_stage_0_e0522686,1.0,1,1,hydro,4,PH,MW,true,,D001_H01,9,9,37,37
20260718_161942_stage_0_e0522686,1.0,1,1,thermal,1,PF,MW,true,,D001_H01,10,10,38,38
20260718_161942_stage_0_e0522686,1.0,1,1,thermal,2,PF,MW,true,,D001_H01,11,11,39,39
20260718_161942_stage_0_e0522686,1.0,1,1,thermal,3,PF,MW,true,,D001_H01,12,12,40,40
20260718_161942_stage_0_e0522686,1.0,1,1,thermal,4,PF,MW,true,,D001_H01,13,13,41,41
20260718_161942_stage_0_e0522686,1.0,1,1,storage,1,Pch,MW,true,,D001_H01,14,14,42,42
20260718_161942_stage_0_e0522686,1.0,1,1,storage,2,Pch,MW,true,,D001_H01,15,15,43,43
20260718_161942_stage_0_e0522686,1.0,1,1,storage,1,Pdis,MW,true,,D001_H01,16,16,44,44
20260718_161942_stage_0_e0522686,1.0,1,1,storage,2,Pdis,MW,true,,D001_H01,17,17,45,45
20260718_161942_stage_0_e0522686,1.0,1,1,storage,1,SOC,MWh,true,,D001_H01,18,18,46,46
20260718_161942_stage_0_e0522686,1.0,1,1,storage,2,SOC,MWh,true,,D001_H01,19,19,47,47
20260718_161942_stage_0_e0522686,1.0,1,2,wind,1,PW,MW,true,,D001_H02,1,1,48,48
20260718_161942_stage_0_e0522686,1.0,1,2,wind,2,PW,MW,true,,D001_H02,2,2,49,49
20260718_161942_stage_0_e0522686,1.0,1,2,wind,3,PW,MW,true,,D001_H02,3,3,50,50
20260718_161942_stage_0_e0522686,1.0,1,2,wind,4,PW,MW,true,,D001_H02,4,4,51,51
20260718_161942_stage_0_e0522686,1.0,1,2,wind,5,PW,MW,true,,D001_H02,5,5,52,52
20260718_161942_stage_0_e0522686,1.0,1,2,hydro,1,PH,MW,true,,D001_H02,6,6,53,53
20260718_161942_stage_0_e0522686,1.0,1,2,hydro,2,PH,MW,true,,D001_H02,7,7,54,54
20260718_161942_stage_0_e0522686,1.0,1,2,hydro,3,PH,MW,true,,D001_H02,8,8,55,55
20260718_161942_stage_0_e0522686,1.0,1,2,hydro,4,PH,MW,true,,D001_H02,9,9,56,56
20260718_161942_stage_0_e0522686,1.0,1,2,thermal,1,PF,MW,true,,D001_H02,10,10,57,57
20260718_161942_stage_0_e0522686,1.0,1,2,thermal,2,PF,MW,true,,D001_H02,11,11,58,58
20260718_161942_stage_0_e0522686,1.0,1,2,thermal,3,PF,MW,true,,D001_H02,12,12,59,59
20260718_161942_stage_0_e0522686,1.0,1,2,thermal,4,PF,MW,true,,D001_H02,13,13,60,60
20260718_161942_stage_0_e0522686,1.0,1,2,storage,1,Pch,MW,true,,D001_H02,14,14,61,61
20260718_161942_stage_0_e0522686,1.0,1,2,storage,2,Pch,MW,true,,D001_H02,15,15,62,62
20260718_161942_stage_0_e0522686,1.0,1,2,storage,1,Pdis,MW,true,,D001_H02,16,16,63,63
20260718_161942_stage_0_e0522686,1.0,1,2,storage,2,Pdis,MW,true,,D001_H02,17,17,64,64
20260718_161942_stage_0_e0522686,1.0,1,2,storage,1,SOC,MWh,true,,D001_H02,18,18,65,65
20260718_161942_stage_0_e0522686,1.0,1,2,storage,2,SOC,MWh,true,,D001_H02,19,19,66,66
20260718_161942_stage_0_e0522686,1.0,1,3,wind,1,PW,MW,true,,D001_H03,1,1,67,67
20260718_161942_stage_0_e0522686,1.0,1,3,wind,2,PW,MW,true,,D001_H03,2,2,68,68
20260718_161942_stage_0_e0522686,1.0,1,3,wind,3,PW,MW,true,,D001_H03,3,3,69,69
20260718_161942_stage_0_e0522686,1.0,1,3,wind,4,PW,MW,true,,D001_H03,4,4,70,70
20260718_161942_stage_0_e0522686,1.0,1,3,wind,5,PW,MW,true,,D001_H03,5,5,71,71
20260718_161942_stage_0_e0522686,1.0,1,3,hydro,1,PH,MW,true,,D001_H03,6,6,72,72
20260718_161942_stage_0_e0522686,1.0,1,3,hydro,2,PH,MW,true,,D001_H03,7,7,73,73
20260718_161942_stage_0_e0522686,1.0,1,3,hydro,3,PH,MW,true,,D001_H03,8,8,74,74
20260718_161942_stage_0_e0522686,1.0,1,3,hydro,4,PH,MW,true,,D001_H03,9,9,75,75
20260718_161942_stage_0_e0522686,1.0,1,3,thermal,1,PF,MW,true,,D001_H03,10,10,76,76
20260718_161942_stage_0_e0522686,1.0,1,3,thermal,2,PF,MW,true,,D001_H03,11,11,77,77
20260718_161942_stage_0_e0522686,1.0,1,3,thermal,3,PF,MW,true,,D001_H03,12,12,78,78
20260718_161942_stage_0_e0522686,1.0,1,3,thermal,4,PF,MW,true,,D001_H03,13,13,79,79
20260718_161942_stage_0_e0522686,1.0,1,3,storage,1,Pch,MW,true,,D001_H03,14,14,80,80
20260718_161942_stage_0_e0522686,1.0,1,3,storage,2,Pch,MW,true,,D001_H03,15,15,81,81
20260718_161942_stage_0_e0522686,1.0,1,3,storage,1,Pdis,MW,true,,D001_H03,16,16,82,82
20260718_161942_stage_0_e0522686,1.0,1,3,storage,2,Pdis,MW,true,,D001_H03,17,17,83,83
20260718_161942_stage_0_e0522686,1.0,1,3,storage,1,SOC,MWh,true,,D001_H03,18,18,84,84
20260718_161942_stage_0_e0522686,1.0,1,3,storage,2,SOC,MWh,true,,D001_H03,19,19,85,85
20260718_161942_stage_0_e0522686,1.0,1,4,wind,1,PW,MW,true,,D001_H04,1,1,86,86
20260718_161942_stage_0_e0522686,1.0,1,4,wind,2,PW,MW,true,,D001_H04,2,2,87,87
20260718_161942_stage_0_e0522686,1.0,1,4,wind,3,PW,MW,true,,D001_H04,3,3,88,88
20260718_161942_stage_0_e0522686,1.0,1,4,wind,4,PW,MW,true,,D001_H04,4,4,89,89
20260718_161942_stage_0_e0522686,1.0,1,4,wind,5,PW,MW,true,,D001_H04,5,5,90,90
20260718_161942_stage_0_e0522686,1.0,1,4,hydro,1,PH,MW,true,,D001_H04,6,6,91,91
20260718_161942_stage_0_e0522686,1.0,1,4,hydro,2,PH,MW,true,,D001_H04,7,7,92,92
20260718_161942_stage_0_e0522686,1.0,1,4,hydro,3,PH,MW,true,,D001_H04,8,8,93,93
20260718_161942_stage_0_e0522686,1.0,1,4,hydro,4,PH,MW,true,,D001_H04,9,9,94,94
20260718_161942_stage_0_e0522686,1.0,1,4,thermal,1,PF,MW,true,,D001_H04,10,10,95,95
20260718_161942_stage_0_e0522686,1.0,1,4,thermal,2,PF,MW,true,,D001_H04,11,11,96,96
20260718_161942_stage_0_e0522686,1.0,1,4,thermal,3,PF,MW,true,,D001_H04,12,12,97,97
20260718_161942_stage_0_e0522686,1.0,1,4,thermal,4,PF,MW,true,,D001_H04,13,13,98,98
20260718_161942_stage_0_e0522686,1.0,1,4,storage,1,Pch,MW,true,,D001_H04,14,14,99,99
20260718_161942_stage_0_e0522686,1.0,1,4,storage,2,Pch,MW,true,,D001_H04,15,15,100,100
20260718_161942_stage_0_e0522686,1.0,1,4,storage,1,Pdis,MW,true,,D001_H04,16,16,101,101
20260718_161942_stage_0_e0522686,1.0,1,4,storage,2,Pdis,MW,true,,D001_H04,17,17,102,102
20260718_161942_stage_0_e0522686,1.0,1,4,storage,1,SOC,MWh,true,,D001_H04,18,18,103,103
20260718_161942_stage_0_e0522686,1.0,1,4,storage,2,SOC,MWh,true,,D001_H04,19,19,104,104
20260718_161942_stage_0_e0522686,1.0,1,5,wind,1,PW,MW,true,,D001_H05,1,1,105,105
20260718_161942_stage_0_e0522686,1.0,1,5,wind,2,PW,MW,true,,D001_H05,2,2,106,106
20260718_161942_stage_0_e0522686,1.0,1,5,wind,3,PW,MW,true,,D001_H05,3,3,107,107
20260718_161942_stage_0_e0522686,1.0,1,5,wind,4,PW,MW,true,,D001_H05,4,4,108,108
20260718_161942_stage_0_e0522686,1.0,1,5,wind,5,PW,MW,true,,D001_H05,5,5,109,109
20260718_161942_stage_0_e0522686,1.0,1,5,hydro,1,PH,MW,true,,D001_H05,6,6,110,110
20260718_161942_stage_0_e0522686,1.0,1,5,hydro,2,PH,MW,true,,D001_H05,7,7,111,111
20260718_161942_stage_0_e0522686,1.0,1,5,hydro,3,PH,MW,true,,D001_H05,8,8,112,112
20260718_161942_stage_0_e0522686,1.0,1,5,hydro,4,PH,MW,true,,D001_H05,9,9,113,113
20260718_161942_stage_0_e0522686,1.0,1,5,thermal,1,PF,MW,true,,D001_H05,10,10,114,114
20260718_161942_stage_0_e0522686,1.0,1,5,thermal,2,PF,MW,true,,D001_H05,11,11,115,115
20260718_161942_stage_0_e0522686,1.0,1,5,thermal,3,PF,MW,true,,D001_H05,12,12,116,116
20260718_161942_stage_0_e0522686,1.0,1,5,thermal,4,PF,MW,true,,D001_H05,13,13,117,117
20260718_161942_stage_0_e0522686,1.0,1,5,storage,1,Pch,MW,true,,D001_H05,14,14,118,118
20260718_161942_stage_0_e0522686,1.0,1,5,storage,2,Pch,MW,true,,D001_H05,15,15,119,119
20260718_161942_stage_0_e0522686,1.0,1,5,storage,1,Pdis,MW,true,,D001_H05,16,16,120,120
20260718_161942_stage_0_e0522686,1.0,1,5,storage,2,Pdis,MW,true,,D001_H05,17,17,121,121
20260718_161942_stage_0_e0522686,1.0,1,5,storage,1,SOC,MWh,true,,D001_H05,18,18,122,122
20260718_161942_stage_0_e0522686,1.0,1,5,storage,2,SOC,MWh,true,,D001_H05,19,19,123,123
20260718_161942_stage_0_e0522686,1.0,1,6,wind,1,PW,MW,true,,D001_H06,1,1,124,124
20260718_161942_stage_0_e0522686,1.0,1,6,wind,2,PW,MW,true,,D001_H06,2,2,125,125
20260718_161942_stage_0_e0522686,1.0,1,6,wind,3,PW,MW,true,,D001_H06,3,3,126,126
20260718_161942_stage_0_e0522686,1.0,1,6,wind,4,PW,MW,true,,D001_H06,4,4,127,127
20260718_161942_stage_0_e0522686,1.0,1,6,wind,5,PW,MW,true,,D001_H06,5,5,128,128
20260718_161942_stage_0_e0522686,1.0,1,6,hydro,1,PH,MW,true,,D001_H06,6,6,129,129
20260718_161942_stage_0_e0522686,1.0,1,6,hydro,2,PH,MW,true,,D001_H06,7,7,130,130
20260718_161942_stage_0_e0522686,1.0,1,6,hydro,3,PH,MW,true,,D001_H06,8,8,131,131
20260718_161942_stage_0_e0522686,1.0,1,6,hydro,4,PH,MW,true,,D001_H06,9,9,132,132
20260718_161942_stage_0_e0522686,1.0,1,6,thermal,1,PF,MW,true,,D001_H06,10,10,133,133
20260718_161942_stage_0_e0522686,1.0,1,6,thermal,2,PF,MW,true,,D001_H06,11,11,134,134
20260718_161942_stage_0_e0522686,1.0,1,6,thermal,3,PF,MW,true,,D001_H06,12,12,135,135
20260718_161942_stage_0_e0522686,1.0,1,6,thermal,4,PF,MW,true,,D001_H06,13,13,136,136
20260718_161942_stage_0_e0522686,1.0,1,6,storage,1,Pch,MW,true,,D001_H06,14,14,137,137
20260718_161942_stage_0_e0522686,1.0,1,6,storage,2,Pch,MW,true,,D001_H06,15,15,138,138
20260718_161942_stage_0_e0522686,1.0,1,6,storage,1,Pdis,MW,true,,D001_H06,16,16,139,139
20260718_161942_stage_0_e0522686,1.0,1,6,storage,2,Pdis,MW,true,,D001_H06,17,17,140,140
20260718_161942_stage_0_e0522686,1.0,1,6,storage,1,SOC,MWh,true,,D001_H06,18,18,141,141
20260718_161942_stage_0_e0522686,1.0,1,6,storage,2,SOC,MWh,true,,D001_H06,19,19,142,142
20260718_161942_stage_0_e0522686,1.0,1,7,wind,1,PW,MW,true,,D001_H07,1,1,143,143
20260718_161942_stage_0_e0522686,1.0,1,7,wind,2,PW,MW,true,,D001_H07,2,2,144,144
20260718_161942_stage_0_e0522686,1.0,1,7,wind,3,PW,MW,true,,D001_H07,3,3,145,145
20260718_161942_stage_0_e0522686,1.0,1,7,wind,4,PW,MW,true,,D001_H07,4,4,146,146
20260718_161942_stage_0_e0522686,1.0,1,7,wind,5,PW,MW,true,,D001_H07,5,5,147,147
20260718_161942_stage_0_e0522686,1.0,1,7,hydro,1,PH,MW,true,,D001_H07,6,6,148,148
20260718_161942_stage_0_e0522686,1.0,1,7,hydro,2,PH,MW,true,,D001_H07,7,7,149,149
20260718_161942_stage_0_e0522686,1.0,1,7,hydro,3,PH,MW,true,,D001_H07,8,8,150,150
20260718_161942_stage_0_e0522686,1.0,1,7,hydro,4,PH,MW,true,,D001_H07,9,9,151,151
20260718_161942_stage_0_e0522686,1.0,1,7,thermal,1,PF,MW,true,,D001_H07,10,10,152,152
20260718_161942_stage_0_e0522686,1.0,1,7,thermal,2,PF,MW,true,,D001_H07,11,11,153,153
20260718_161942_stage_0_e0522686,1.0,1,7,thermal,3,PF,MW,true,,D001_H07,12,12,154,154
20260718_161942_stage_0_e0522686,1.0,1,7,thermal,4,PF,MW,true,,D001_H07,13,13,155,155
20260718_161942_stage_0_e0522686,1.0,1,7,storage,1,Pch,MW,true,,D001_H07,14,14,156,156
20260718_161942_stage_0_e0522686,1.0,1,7,storage,2,Pch,MW,true,,D001_H07,15,15,157,157
20260718_161942_stage_0_e0522686,1.0,1,7,storage,1,Pdis,MW,true,,D001_H07,16,16,158,158
20260718_161942_stage_0_e0522686,1.0,1,7,storage,2,Pdis,MW,true,,D001_H07,17,17,159,159
20260718_161942_stage_0_e0522686,1.0,1,7,storage,1,SOC,MWh,true,,D001_H07,18,18,160,160
20260718_161942_stage_0_e0522686,1.0,1,7,storage,2,SOC,MWh,true,,D001_H07,19,19,161,161
20260718_161942_stage_0_e0522686,1.0,1,8,wind,1,PW,MW,true,,D001_H08,1,1,162,162
20260718_161942_stage_0_e0522686,1.0,1,8,wind,2,PW,MW,true,,D001_H08,2,2,163,163
20260718_161942_stage_0_e0522686,1.0,1,8,wind,3,PW,MW,true,,D001_H08,3,3,164,164
20260718_161942_stage_0_e0522686,1.0,1,8,wind,4,PW,MW,true,,D001_H08,4,4,165,165
20260718_161942_stage_0_e0522686,1.0,1,8,wind,5,PW,MW,true,,D001_H08,5,5,166,166
20260718_161942_stage_0_e0522686,1.0,1,8,solar,1,PP,MW,true,,D001_H08,6,6,167,167
20260718_161942_stage_0_e0522686,1.0,1,8,solar,2,PP,MW,true,,D001_H08,7,7,168,168
20260718_161942_stage_0_e0522686,1.0,1,8,solar,3,PP,MW,true,,D001_H08,8,8,169,169
20260718_161942_stage_0_e0522686,1.0,1,8,solar,4,PP,MW,true,,D001_H08,9,9,170,170
20260718_161942_stage_0_e0522686,1.0,1,8,solar,5,PP,MW,true,,D001_H08,10,10,171,171
20260718_161942_stage_0_e0522686,1.0,1,8,hydro,1,PH,MW,true,,D001_H08,11,11,172,172
20260718_161942_stage_0_e0522686,1.0,1,8,hydro,2,PH,MW,true,,D001_H08,12,12,173,173
20260718_161942_stage_0_e0522686,1.0,1,8,hydro,3,PH,MW,true,,D001_H08,13,13,174,174
20260718_161942_stage_0_e0522686,1.0,1,8,hydro,4,PH,MW,true,,D001_H08,14,14,175,175
20260718_161942_stage_0_e0522686,1.0,1,8,thermal,1,PF,MW,true,,D001_H08,15,15,176,176
20260718_161942_stage_0_e0522686,1.0,1,8,thermal,2,PF,MW,true,,D001_H08,16,16,177,177
20260718_161942_stage_0_e0522686,1.0,1,8,thermal,3,PF,MW,true,,D001_H08,17,17,178,178
20260718_161942_stage_0_e0522686,1.0,1,8,thermal,4,PF,MW,true,,D001_H08,18,18,179,179
20260718_161942_stage_0_e0522686,1.0,1,8,storage,1,Pch,MW,true,,D001_H08,19,19,180,180
20260718_161942_stage_0_e0522686,1.0,1,8,storage,2,Pch,MW,true,,D001_H08,20,20,181,181
20260718_161942_stage_0_e0522686,1.0,1,8,storage,1,Pdis,MW,true,,D001_H08,21,21,182,182
20260718_161942_stage_0_e0522686,1.0,1,8,storage,2,Pdis,MW,true,,D001_H08,22,22,183,183
20260718_161942_stage_0_e0522686,1.0,1,8,storage,1,SOC,MWh,true,,D001_H08,23,23,184,184
20260718_161942_stage_0_e0522686,1.0,1,8,storage,2,SOC,MWh,true,,D001_H08,24,24,185,185
20260718_161942_stage_0_e0522686,1.0,1,9,wind,1,PW,MW,true,,D001_H09,1,1,186,186
20260718_161942_stage_0_e0522686,1.0,1,9,wind,2,PW,MW,true,,D001_H09,2,2,187,187
20260718_161942_stage_0_e0522686,1.0,1,9,wind,3,PW,MW,true,,D001_H09,3,3,188,188
20260718_161942_stage_0_e0522686,1.0,1,9,wind,4,PW,MW,true,,D001_H09,4,4,189,189
20260718_161942_stage_0_e0522686,1.0,1,9,wind,5,PW,MW,true,,D001_H09,5,5,190,190
20260718_161942_stage_0_e0522686,1.0,1,9,solar,1,PP,MW,true,,D001_H09,6,6,191,191
20260718_161942_stage_0_e0522686,1.0,1,9,solar,2,PP,MW,true,,D001_H09,7,7,192,192
20260718_161942_stage_0_e0522686,1.0,1,9,solar,3,PP,MW,true,,D001_H09,8,8,193,193
20260718_161942_stage_0_e0522686,1.0,1,9,solar,4,PP,MW,true,,D001_H09,9,9,194,194
20260718_161942_stage_0_e0522686,1.0,1,9,solar,5,PP,MW,true,,D001_H09,10,10,195,195
20260718_161942_stage_0_e0522686,1.0,1,9,hydro,1,PH,MW,true,,D001_H09,11,11,196,196
20260718_161942_stage_0_e0522686,1.0,1,9,hydro,2,PH,MW,true,,D001_H09,12,12,197,197
20260718_161942_stage_0_e0522686,1.0,1,9,hydro,3,PH,MW,true,,D001_H09,13,13,198,198
20260718_161942_stage_0_e0522686,1.0,1,9,hydro,4,PH,MW,true,,D001_H09,14,14,199,199
20260718_161942_stage_0_e0522686,1.0,1,9,thermal,1,PF,MW,true,,D001_H09,15,15,200,200
20260718_161942_stage_0_e0522686,1.0,1,9,thermal,2,PF,MW,true,,D001_H09,16,16,201,201
20260718_161942_stage_0_e0522686,1.0,1,9,thermal,3,PF,MW,true,,D001_H09,17,17,202,202
20260718_161942_stage_0_e0522686,1.0,1,9,thermal,4,PF,MW,true,,D001_H09,18,18,203,203
20260718_161942_stage_0_e0522686,1.0,1,9,storage,1,Pch,MW,true,,D001_H09,19,19,204,204
20260718_161942_stage_0_e0522686,1.0,1,9,storage,2,Pch,MW,true,,D001_H09,20,20,205,205
20260718_161942_stage_0_e0522686,1.0,1,9,storage,1,Pdis,MW,true,,D001_H09,21,21,206,206
20260718_161942_stage_0_e0522686,1.0,1,9,storage,2,Pdis,MW,true,,D001_H09,22,22,207,207
20260718_161942_stage_0_e0522686,1.0,1,9,storage,1,SOC,MWh,true,,D001_H09,23,23,208,208
20260718_161942_stage_0_e0522686,1.0,1,9,storage,2,SOC,MWh,true,,D001_H09,24,24,209,209
20260718_161942_stage_0_e0522686,1.0,1,10,wind,1,PW,MW,true,,D001_H10,1,1,210,210
20260718_161942_stage_0_e0522686,1.0,1,10,wind,2,PW,MW,true,,D001_H10,2,2,211,211
20260718_161942_stage_0_e0522686,1.0,1,10,wind,3,PW,MW,true,,D001_H10,3,3,212,212
20260718_161942_stage_0_e0522686,1.0,1,10,wind,4,PW,MW,true,,D001_H10,4,4,213,213
20260718_161942_stage_0_e0522686,1.0,1,10,wind,5,PW,MW,true,,D001_H10,5,5,214,214
20260718_161942_stage_0_e0522686,1.0,1,10,solar,1,PP,MW,true,,D001_H10,6,6,215,215
20260718_161942_stage_0_e0522686,1.0,1,10,solar,2,PP,MW,true,,D001_H10,7,7,216,216
20260718_161942_stage_0_e0522686,1.0,1,10,solar,3,PP,MW,true,,D001_H10,8,8,217,217
20260718_161942_stage_0_e0522686,1.0,1,10,solar,4,PP,MW,true,,D001_H10,9,9,218,218
20260718_161942_stage_0_e0522686,1.0,1,10,solar,5,PP,MW,true,,D001_H10,10,10,219,219
20260718_161942_stage_0_e0522686,1.0,1,10,hydro,1,PH,MW,true,,D001_H10,11,11,220,220
20260718_161942_stage_0_e0522686,1.0,1,10,hydro,2,PH,MW,true,,D001_H10,12,12,221,221
20260718_161942_stage_0_e0522686,1.0,1,10,hydro,3,PH,MW,true,,D001_H10,13,13,222,222
20260718_161942_stage_0_e0522686,1.0,1,10,hydro,4,PH,MW,true,,D001_H10,14,14,223,223
20260718_161942_stage_0_e0522686,1.0,1,10,thermal,1,PF,MW,true,,D001_H10,15,15,224,224
20260718_161942_stage_0_e0522686,1.0,1,10,thermal,2,PF,MW,true,,D001_H10,16,16,225,225
20260718_161942_stage_0_e0522686,1.0,1,10,thermal,3,PF,MW,true,,D001_H10,17,17,226,226
20260718_161942_stage_0_e0522686,1.0,1,10,thermal,4,PF,MW,true,,D001_H10,18,18,227,227
20260718_161942_stage_0_e0522686,1.0,1,10,storage,1,Pch,MW,true,,D001_H10,19,19,228,228
20260718_161942_stage_0_e0522686,1.0,1,10,storage,2,Pch,MW,true,,D001_H10,20,20,229,229
20260718_161942_stage_0_e0522686,1.0,1,10,storage,1,Pdis,MW,true,,D001_H10,21,21,230,230
20260718_161942_stage_0_e0522686,1.0,1,10,storage,2,Pdis,MW,true,,D001_H10,22,22,231,231
20260718_161942_stage_0_e0522686,1.0,1,10,storage,1,SOC,MWh,true,,D001_H10,23,23,232,232
20260718_161942_stage_0_e0522686,1.0,1,10,storage,2,SOC,MWh,true,,D001_H10,24,24,233,233
20260718_161942_stage_0_e0522686,1.0,1,11,wind,1,PW,MW,true,,D001_H11,1,1,234,234
20260718_161942_stage_0_e0522686,1.0,1,11,wind,2,PW,MW,true,,D001_H11,2,2,235,235
20260718_161942_stage_0_e0522686,1.0,1,11,wind,3,PW,MW,true,,D001_H11,3,3,236,236
20260718_161942_stage_0_e0522686,1.0,1,11,wind,4,PW,MW,true,,D001_H11,4,4,237,237
20260718_161942_stage_0_e0522686,1.0,1,11,wind,5,PW,MW,true,,D001_H11,5,5,238,238
20260718_161942_stage_0_e0522686,1.0,1,11,solar,1,PP,MW,true,,D001_H11,6,6,239,239
20260718_161942_stage_0_e0522686,1.0,1,11,solar,2,PP,MW,true,,D001_H11,7,7,240,240
20260718_161942_stage_0_e0522686,1.0,1,11,solar,3,PP,MW,true,,D001_H11,8,8,241,241
20260718_161942_stage_0_e0522686,1.0,1,11,solar,4,PP,MW,true,,D001_H11,9,9,242,242
20260718_161942_stage_0_e0522686,1.0,1,11,solar,5,PP,MW,true,,D001_H11,10,10,243,243
20260718_161942_stage_0_e0522686,1.0,1,11,hydro,1,PH,MW,true,,D001_H11,11,11,244,244
20260718_161942_stage_0_e0522686,1.0,1,11,hydro,2,PH,MW,true,,D001_H11,12,12,245,245
20260718_161942_stage_0_e0522686,1.0,1,11,hydro,3,PH,MW,true,,D001_H11,13,13,246,246
20260718_161942_stage_0_e0522686,1.0,1,11,hydro,4,PH,MW,true,,D001_H11,14,14,247,247
20260718_161942_stage_0_e0522686,1.0,1,11,thermal,1,PF,MW,true,,D001_H11,15,15,248,248
20260718_161942_stage_0_e0522686,1.0,1,11,thermal,2,PF,MW,true,,D001_H11,16,16,249,249
20260718_161942_stage_0_e0522686,1.0,1,11,thermal,3,PF,MW,true,,D001_H11,17,17,250,250
20260718_161942_stage_0_e0522686,1.0,1,11,thermal,4,PF,MW,true,,D001_H11,18,18,251,251
20260718_161942_stage_0_e0522686,1.0,1,11,storage,1,Pch,MW,true,,D001_H11,19,19,252,252
20260718_161942_stage_0_e0522686,1.0,1,11,storage,2,Pch,MW,true,,D001_H11,20,20,253,253
20260718_161942_stage_0_e0522686,1.0,1,11,storage,1,Pdis,MW,true,,D001_H11,21,21,254,254
20260718_161942_stage_0_e0522686,1.0,1,11,storage,2,Pdis,MW,true,,D001_H11,22,22,255,255
20260718_161942_stage_0_e0522686,1.0,1,11,storage,1,SOC,MWh,true,,D001_H11,23,23,256,256
20260718_161942_stage_0_e0522686,1.0,1,11,storage,2,SOC,MWh,true,,D001_H11,24,24,257,257
20260718_161942_stage_0_e0522686,1.0,1,12,wind,1,PW,MW,true,,D001_H12,1,1,258,258
20260718_161942_stage_0_e0522686,1.0,1,12,wind,2,PW,MW,true,,D001_H12,2,2,259,259
20260718_161942_stage_0_e0522686,1.0,1,12,wind,3,PW,MW,true,,D001_H12,3,3,260,260
20260718_161942_stage_0_e0522686,1.0,1,12,wind,4,PW,MW,true,,D001_H12,4,4,261,261
20260718_161942_stage_0_e0522686,1.0,1,12,wind,5,PW,MW,true,,D001_H12,5,5,262,262
20260718_161942_stage_0_e0522686,1.0,1,12,solar,1,PP,MW,true,,D001_H12,6,6,263,263
20260718_161942_stage_0_e0522686,1.0,1,12,solar,2,PP,MW,true,,D001_H12,7,7,264,264
20260718_161942_stage_0_e0522686,1.0,1,12,solar,3,PP,MW,true,,D001_H12,8,8,265,265
20260718_161942_stage_0_e0522686,1.0,1,12,solar,4,PP,MW,true,,D001_H12,9,9,266,266
20260718_161942_stage_0_e0522686,1.0,1,12,solar,5,PP,MW,true,,D001_H12,10,10,267,267
20260718_161942_stage_0_e0522686,1.0,1,12,hydro,1,PH,MW,true,,D001_H12,11,11,268,268
20260718_161942_stage_0_e0522686,1.0,1,12,hydro,2,PH,MW,true,,D001_H12,12,12,269,269
20260718_161942_stage_0_e0522686,1.0,1,12,hydro,3,PH,MW,true,,D001_H12,13,13,270,270
20260718_161942_stage_0_e0522686,1.0,1,12,hydro,4,PH,MW,true,,D001_H12,14,14,271,271
20260718_161942_stage_0_e0522686,1.0,1,12,thermal,1,PF,MW,true,,D001_H12,15,15,272,272
20260718_161942_stage_0_e0522686,1.0,1,12,thermal,2,PF,MW,true,,D001_H12,16,16,273,273
20260718_161942_stage_0_e0522686,1.0,1,12,thermal,3,PF,MW,true,,D001_H12,17,17,274,274
20260718_161942_stage_0_e0522686,1.0,1,12,thermal,4,PF,MW,true,,D001_H12,18,18,275,275
20260718_161942_stage_0_e0522686,1.0,1,12,storage,1,Pch,MW,true,,D001_H12,19,19,276,276
20260718_161942_stage_0_e0522686,1.0,1,12,storage,2,Pch,MW,true,,D001_H12,20,20,277,277
20260718_161942_stage_0_e0522686,1.0,1,12,storage,1,Pdis,MW,true,,D001_H12,21,21,278,278
20260718_161942_stage_0_e0522686,1.0,1,12,storage,2,Pdis,MW,true,,D001_H12,22,22,279,279
20260718_161942_stage_0_e0522686,1.0,1,12,storage,1,SOC,MWh,true,,D001_H12,23,23,280,280
20260718_161942_stage_0_e0522686,1.0,1,12,storage,2,SOC,MWh,true,,D001_H12,24,24,281,281
20260718_161942_stage_0_e0522686,1.0,1,13,wind,1,PW,MW,true,,D001_H13,1,1,282,282
20260718_161942_stage_0_e0522686,1.0,1,13,wind,2,PW,MW,true,,D001_H13,2,2,283,283
20260718_161942_stage_0_e0522686,1.0,1,13,wind,3,PW,MW,true,,D001_H13,3,3,284,284
20260718_161942_stage_0_e0522686,1.0,1,13,wind,4,PW,MW,true,,D001_H13,4,4,285,285
20260718_161942_stage_0_e0522686,1.0,1,13,wind,5,PW,MW,true,,D001_H13,5,5,286,286
20260718_161942_stage_0_e0522686,1.0,1,13,solar,1,PP,MW,true,,D001_H13,6,6,287,287
20260718_161942_stage_0_e0522686,1.0,1,13,solar,2,PP,MW,true,,D001_H13,7,7,288,288
20260718_161942_stage_0_e0522686,1.0,1,13,solar,3,PP,MW,true,,D001_H13,8,8,289,289
20260718_161942_stage_0_e0522686,1.0,1,13,solar,4,PP,MW,true,,D001_H13,9,9,290,290
20260718_161942_stage_0_e0522686,1.0,1,13,solar,5,PP,MW,true,,D001_H13,10,10,291,291
20260718_161942_stage_0_e0522686,1.0,1,13,hydro,1,PH,MW,true,,D001_H13,11,11,292,292
20260718_161942_stage_0_e0522686,1.0,1,13,hydro,2,PH,MW,true,,D001_H13,12,12,293,293
20260718_161942_stage_0_e0522686,1.0,1,13,hydro,3,PH,MW,true,,D001_H13,13,13,294,294
20260718_161942_stage_0_e0522686,1.0,1,13,hydro,4,PH,MW,true,,D001_H13,14,14,295,295
20260718_161942_stage_0_e0522686,1.0,1,13,thermal,1,PF,MW,true,,D001_H13,15,15,296,296
20260718_161942_stage_0_e0522686,1.0,1,13,thermal,2,PF,MW,true,,D001_H13,16,16,297,297
20260718_161942_stage_0_e0522686,1.0,1,13,thermal,3,PF,MW,true,,D001_H13,17,17,298,298
20260718_161942_stage_0_e0522686,1.0,1,13,thermal,4,PF,MW,true,,D001_H13,18,18,299,299
20260718_161942_stage_0_e0522686,1.0,1,13,storage,1,Pch,MW,true,,D001_H13,19,19,300,300
20260718_161942_stage_0_e0522686,1.0,1,13,storage,2,Pch,MW,true,,D001_H13,20,20,301,301
20260718_161942_stage_0_e0522686,1.0,1,13,storage,1,Pdis,MW,true,,D001_H13,21,21,302,302
20260718_161942_stage_0_e0522686,1.0,1,13,storage,2,Pdis,MW,true,,D001_H13,22,22,303,303
20260718_161942_stage_0_e0522686,1.0,1,13,storage,1,SOC,MWh,true,,D001_H13,23,23,304,304
20260718_161942_stage_0_e0522686,1.0,1,13,storage,2,SOC,MWh,true,,D001_H13,24,24,305,305
20260718_161942_stage_0_e0522686,1.0,1,14,wind,1,PW,MW,true,,D001_H14,1,1,306,306
20260718_161942_stage_0_e0522686,1.0,1,14,wind,2,PW,MW,true,,D001_H14,2,2,307,307
20260718_161942_stage_0_e0522686,1.0,1,14,wind,3,PW,MW,true,,D001_H14,3,3,308,308
20260718_161942_stage_0_e0522686,1.0,1,14,wind,4,PW,MW,true,,D001_H14,4,4,309,309
20260718_161942_stage_0_e0522686,1.0,1,14,wind,5,PW,MW,true,,D001_H14,5,5,310,310
20260718_161942_stage_0_e0522686,1.0,1,14,solar,1,PP,MW,true,,D001_H14,6,6,311,311
20260718_161942_stage_0_e0522686,1.0,1,14,solar,2,PP,MW,true,,D001_H14,7,7,312,312
20260718_161942_stage_0_e0522686,1.0,1,14,solar,3,PP,MW,true,,D001_H14,8,8,313,313
20260718_161942_stage_0_e0522686,1.0,1,14,solar,4,PP,MW,true,,D001_H14,9,9,314,314
20260718_161942_stage_0_e0522686,1.0,1,14,solar,5,PP,MW,true,,D001_H14,10,10,315,315
20260718_161942_stage_0_e0522686,1.0,1,14,hydro,1,PH,MW,true,,D001_H14,11,11,316,316
20260718_161942_stage_0_e0522686,1.0,1,14,hydro,2,PH,MW,true,,D001_H14,12,12,317,317
20260718_161942_stage_0_e0522686,1.0,1,14,hydro,3,PH,MW,true,,D001_H14,13,13,318,318
20260718_161942_stage_0_e0522686,1.0,1,14,hydro,4,PH,MW,true,,D001_H14,14,14,319,319
20260718_161942_stage_0_e0522686,1.0,1,14,thermal,1,PF,MW,true,,D001_H14,15,15,320,320
20260718_161942_stage_0_e0522686,1.0,1,14,thermal,2,PF,MW,true,,D001_H14,16,16,321,321
20260718_161942_stage_0_e0522686,1.0,1,14,thermal,3,PF,MW,true,,D001_H14,17,17,322,322
20260718_161942_stage_0_e0522686,1.0,1,14,thermal,4,PF,MW,true,,D001_H14,18,18,323,323
20260718_161942_stage_0_e0522686,1.0,1,14,storage,1,Pch,MW,true,,D001_H14,19,19,324,324
20260718_161942_stage_0_e0522686,1.0,1,14,storage,2,Pch,MW,true,,D001_H14,20,20,325,325
20260718_161942_stage_0_e0522686,1.0,1,14,storage,1,Pdis,MW,true,,D001_H14,21,21,326,326
20260718_161942_stage_0_e0522686,1.0,1,14,storage,2,Pdis,MW,true,,D001_H14,22,22,327,327
20260718_161942_stage_0_e0522686,1.0,1,14,storage,1,SOC,MWh,true,,D001_H14,23,23,328,328
20260718_161942_stage_0_e0522686,1.0,1,14,storage,2,SOC,MWh,true,,D001_H14,24,24,329,329
20260718_161942_stage_0_e0522686,1.0,1,15,wind,1,PW,MW,true,,D001_H15,1,1,330,330
20260718_161942_stage_0_e0522686,1.0,1,15,wind,2,PW,MW,true,,D001_H15,2,2,331,331
20260718_161942_stage_0_e0522686,1.0,1,15,wind,3,PW,MW,true,,D001_H15,3,3,332,332
20260718_161942_stage_0_e0522686,1.0,1,15,wind,4,PW,MW,true,,D001_H15,4,4,333,333
20260718_161942_stage_0_e0522686,1.0,1,15,wind,5,PW,MW,true,,D001_H15,5,5,334,334
20260718_161942_stage_0_e0522686,1.0,1,15,solar,1,PP,MW,true,,D001_H15,6,6,335,335
20260718_161942_stage_0_e0522686,1.0,1,15,solar,2,PP,MW,true,,D001_H15,7,7,336,336
20260718_161942_stage_0_e0522686,1.0,1,15,solar,3,PP,MW,true,,D001_H15,8,8,337,337
20260718_161942_stage_0_e0522686,1.0,1,15,solar,4,PP,MW,true,,D001_H15,9,9,338,338
20260718_161942_stage_0_e0522686,1.0,1,15,solar,5,PP,MW,true,,D001_H15,10,10,339,339
20260718_161942_stage_0_e0522686,1.0,1,15,hydro,1,PH,MW,true,,D001_H15,11,11,340,340
20260718_161942_stage_0_e0522686,1.0,1,15,hydro,2,PH,MW,true,,D001_H15,12,12,341,341
20260718_161942_stage_0_e0522686,1.0,1,15,hydro,3,PH,MW,true,,D001_H15,13,13,342,342
20260718_161942_stage_0_e0522686,1.0,1,15,hydro,4,PH,MW,true,,D001_H15,14,14,343,343
20260718_161942_stage_0_e0522686,1.0,1,15,thermal,1,PF,MW,true,,D001_H15,15,15,344,344
20260718_161942_stage_0_e0522686,1.0,1,15,thermal,2,PF,MW,true,,D001_H15,16,16,345,345
20260718_161942_stage_0_e0522686,1.0,1,15,thermal,3,PF,MW,true,,D001_H15,17,17,346,346
20260718_161942_stage_0_e0522686,1.0,1,15,thermal,4,PF,MW,true,,D001_H15,18,18,347,347
20260718_161942_stage_0_e0522686,1.0,1,15,storage,1,Pch,MW,true,,D001_H15,19,19,348,348
20260718_161942_stage_0_e0522686,1.0,1,15,storage,2,Pch,MW,true,,D001_H15,20,20,349,349
20260718_161942_stage_0_e0522686,1.0,1,15,storage,1,Pdis,MW,true,,D001_H15,21,21,350,350
20260718_161942_stage_0_e0522686,1.0,1,15,storage,2,Pdis,MW,true,,D001_H15,22,22,351,351
20260718_161942_stage_0_e0522686,1.0,1,15,storage,1,SOC,MWh,true,,D001_H15,23,23,352,352
20260718_161942_stage_0_e0522686,1.0,1,15,storage,2,SOC,MWh,true,,D001_H15,24,24,353,353
20260718_161942_stage_0_e0522686,1.0,1,16,wind,1,PW,MW,true,,D001_H16,1,1,354,354
20260718_161942_stage_0_e0522686,1.0,1,16,wind,2,PW,MW,true,,D001_H16,2,2,355,355
20260718_161942_stage_0_e0522686,1.0,1,16,wind,3,PW,MW,true,,D001_H16,3,3,356,356
20260718_161942_stage_0_e0522686,1.0,1,16,wind,4,PW,MW,true,,D001_H16,4,4,357,357
20260718_161942_stage_0_e0522686,1.0,1,16,wind,5,PW,MW,true,,D001_H16,5,5,358,358
20260718_161942_stage_0_e0522686,1.0,1,16,solar,1,PP,MW,true,,D001_H16,6,6,359,359
20260718_161942_stage_0_e0522686,1.0,1,16,solar,2,PP,MW,true,,D001_H16,7,7,360,360
20260718_161942_stage_0_e0522686,1.0,1,16,solar,3,PP,MW,true,,D001_H16,8,8,361,361
20260718_161942_stage_0_e0522686,1.0,1,16,solar,4,PP,MW,true,,D001_H16,9,9,362,362
20260718_161942_stage_0_e0522686,1.0,1,16,solar,5,PP,MW,true,,D001_H16,10,10,363,363
20260718_161942_stage_0_e0522686,1.0,1,16,hydro,1,PH,MW,true,,D001_H16,11,11,364,364
20260718_161942_stage_0_e0522686,1.0,1,16,hydro,2,PH,MW,true,,D001_H16,12,12,365,365
20260718_161942_stage_0_e0522686,1.0,1,16,hydro,3,PH,MW,true,,D001_H16,13,13,366,366
20260718_161942_stage_0_e0522686,1.0,1,16,hydro,4,PH,MW,true,,D001_H16,14,14,367,367
20260718_161942_stage_0_e0522686,1.0,1,16,thermal,1,PF,MW,true,,D001_H16,15,15,368,368
20260718_161942_stage_0_e0522686,1.0,1,16,thermal,2,PF,MW,true,,D001_H16,16,16,369,369
20260718_161942_stage_0_e0522686,1.0,1,16,thermal,3,PF,MW,true,,D001_H16,17,17,370,370
20260718_161942_stage_0_e0522686,1.0,1,16,thermal,4,PF,MW,true,,D001_H16,18,18,371,371
20260718_161942_stage_0_e0522686,1.0,1,16,storage,1,Pch,MW,true,,D001_H16,19,19,372,372
20260718_161942_stage_0_e0522686,1.0,1,16,storage,2,Pch,MW,true,,D001_H16,20,20,373,373
20260718_161942_stage_0_e0522686,1.0,1,16,storage,1,Pdis,MW,true,,D001_H16,21,21,374,374
20260718_161942_stage_0_e0522686,1.0,1,16,storage,2,Pdis,MW,true,,D001_H16,22,22,375,375
20260718_161942_stage_0_e0522686,1.0,1,16,storage,1,SOC,MWh,true,,D001_H16,23,23,376,376
20260718_161942_stage_0_e0522686,1.0,1,16,storage,2,SOC,MWh,true,,D001_H16,24,24,377,377
20260718_161942_stage_0_e0522686,1.0,1,17,wind,1,PW,MW,true,,D001_H17,1,1,378,378
20260718_161942_stage_0_e0522686,1.0,1,17,wind,2,PW,MW,true,,D001_H17,2,2,379,379
20260718_161942_stage_0_e0522686,1.0,1,17,wind,3,PW,MW,true,,D001_H17,3,3,380,380
20260718_161942_stage_0_e0522686,1.0,1,17,wind,4,PW,MW,true,,D001_H17,4,4,381,381
20260718_161942_stage_0_e0522686,1.0,1,17,wind,5,PW,MW,true,,D001_H17,5,5,382,382
20260718_161942_stage_0_e0522686,1.0,1,17,solar,1,PP,MW,true,,D001_H17,6,6,383,383
20260718_161942_stage_0_e0522686,1.0,1,17,solar,2,PP,MW,true,,D001_H17,7,7,384,384
20260718_161942_stage_0_e0522686,1.0,1,17,solar,3,PP,MW,true,,D001_H17,8,8,385,385
20260718_161942_stage_0_e0522686,1.0,1,17,solar,4,PP,MW,true,,D001_H17,9,9,386,386
20260718_161942_stage_0_e0522686,1.0,1,17,solar,5,PP,MW,true,,D001_H17,10,10,387,387
20260718_161942_stage_0_e0522686,1.0,1,17,hydro,1,PH,MW,true,,D001_H17,11,11,388,388
20260718_161942_stage_0_e0522686,1.0,1,17,hydro,2,PH,MW,true,,D001_H17,12,12,389,389
20260718_161942_stage_0_e0522686,1.0,1,17,hydro,3,PH,MW,true,,D001_H17,13,13,390,390
20260718_161942_stage_0_e0522686,1.0,1,17,hydro,4,PH,MW,true,,D001_H17,14,14,391,391
20260718_161942_stage_0_e0522686,1.0,1,17,thermal,1,PF,MW,true,,D001_H17,15,15,392,392
20260718_161942_stage_0_e0522686,1.0,1,17,thermal,2,PF,MW,true,,D001_H17,16,16,393,393
20260718_161942_stage_0_e0522686,1.0,1,17,thermal,3,PF,MW,true,,D001_H17,17,17,394,394
20260718_161942_stage_0_e0522686,1.0,1,17,thermal,4,PF,MW,true,,D001_H17,18,18,395,395
20260718_161942_stage_0_e0522686,1.0,1,17,storage,1,Pch,MW,true,,D001_H17,19,19,396,396
20260718_161942_stage_0_e0522686,1.0,1,17,storage,2,Pch,MW,true,,D001_H17,20,20,397,397
20260718_161942_stage_0_e0522686,1.0,1,17,storage,1,Pdis,MW,true,,D001_H17,21,21,398,398
20260718_161942_stage_0_e0522686,1.0,1,17,storage,2,Pdis,MW,true,,D001_H17,22,22,399,399
20260718_161942_stage_0_e0522686,1.0,1,17,storage,1,SOC,MWh,true,,D001_H17,23,23,400,400
20260718_161942_stage_0_e0522686,1.0,1,17,storage,2,SOC,MWh,true,,D001_H17,24,24,401,401
20260718_161942_stage_0_e0522686,1.0,1,18,wind,1,PW,MW,true,,D001_H18,1,1,402,402
20260718_161942_stage_0_e0522686,1.0,1,18,wind,2,PW,MW,true,,D001_H18,2,2,403,403
20260718_161942_stage_0_e0522686,1.0,1,18,wind,3,PW,MW,true,,D001_H18,3,3,404,404
20260718_161942_stage_0_e0522686,1.0,1,18,wind,4,PW,MW,true,,D001_H18,4,4,405,405
20260718_161942_stage_0_e0522686,1.0,1,18,wind,5,PW,MW,true,,D001_H18,5,5,406,406
20260718_161942_stage_0_e0522686,1.0,1,18,solar,1,PP,MW,true,,D001_H18,6,6,407,407
20260718_161942_stage_0_e0522686,1.0,1,18,solar,2,PP,MW,true,,D001_H18,7,7,408,408
20260718_161942_stage_0_e0522686,1.0,1,18,solar,3,PP,MW,true,,D001_H18,8,8,409,409
20260718_161942_stage_0_e0522686,1.0,1,18,solar,4,PP,MW,true,,D001_H18,9,9,410,410
20260718_161942_stage_0_e0522686,1.0,1,18,solar,5,PP,MW,true,,D001_H18,10,10,411,411
20260718_161942_stage_0_e0522686,1.0,1,18,hydro,1,PH,MW,true,,D001_H18,11,11,412,412
20260718_161942_stage_0_e0522686,1.0,1,18,hydro,2,PH,MW,true,,D001_H18,12,12,413,413
20260718_161942_stage_0_e0522686,1.0,1,18,hydro,3,PH,MW,true,,D001_H18,13,13,414,414
20260718_161942_stage_0_e0522686,1.0,1,18,hydro,4,PH,MW,true,,D001_H18,14,14,415,415
20260718_161942_stage_0_e0522686,1.0,1,18,thermal,1,PF,MW,true,,D001_H18,15,15,416,416
20260718_161942_stage_0_e0522686,1.0,1,18,thermal,2,PF,MW,true,,D001_H18,16,16,417,417
20260718_161942_stage_0_e0522686,1.0,1,18,thermal,3,PF,MW,true,,D001_H18,17,17,418,418
20260718_161942_stage_0_e0522686,1.0,1,18,thermal,4,PF,MW,true,,D001_H18,18,18,419,419
20260718_161942_stage_0_e0522686,1.0,1,18,storage,1,Pch,MW,true,,D001_H18,19,19,420,420
20260718_161942_stage_0_e0522686,1.0,1,18,storage,2,Pch,MW,true,,D001_H18,20,20,421,421
20260718_161942_stage_0_e0522686,1.0,1,18,storage,1,Pdis,MW,true,,D001_H18,21,21,422,422
20260718_161942_stage_0_e0522686,1.0,1,18,storage,2,Pdis,MW,true,,D001_H18,22,22,423,423
20260718_161942_stage_0_e0522686,1.0,1,18,storage,1,SOC,MWh,true,,D001_H18,23,23,424,424
20260718_161942_stage_0_e0522686,1.0,1,18,storage,2,SOC,MWh,true,,D001_H18,24,24,425,425
20260718_161942_stage_0_e0522686,1.0,1,19,wind,1,PW,MW,true,,D001_H19,1,1,426,426
20260718_161942_stage_0_e0522686,1.0,1,19,wind,2,PW,MW,true,,D001_H19,2,2,427,427
20260718_161942_stage_0_e0522686,1.0,1,19,wind,3,PW,MW,true,,D001_H19,3,3,428,428
20260718_161942_stage_0_e0522686,1.0,1,19,wind,4,PW,MW,true,,D001_H19,4,4,429,429
20260718_161942_stage_0_e0522686,1.0,1,19,wind,5,PW,MW,true,,D001_H19,5,5,430,430
20260718_161942_stage_0_e0522686,1.0,1,19,solar,1,PP,MW,true,,D001_H19,6,6,431,431
20260718_161942_stage_0_e0522686,1.0,1,19,solar,2,PP,MW,true,,D001_H19,7,7,432,432
20260718_161942_stage_0_e0522686,1.0,1,19,solar,3,PP,MW,true,,D001_H19,8,8,433,433
20260718_161942_stage_0_e0522686,1.0,1,19,solar,4,PP,MW,true,,D001_H19,9,9,434,434
20260718_161942_stage_0_e0522686,1.0,1,19,solar,5,PP,MW,true,,D001_H19,10,10,435,435
20260718_161942_stage_0_e0522686,1.0,1,19,hydro,1,PH,MW,true,,D001_H19,11,11,436,436
20260718_161942_stage_0_e0522686,1.0,1,19,hydro,2,PH,MW,true,,D001_H19,12,12,437,437
20260718_161942_stage_0_e0522686,1.0,1,19,hydro,3,PH,MW,true,,D001_H19,13,13,438,438
20260718_161942_stage_0_e0522686,1.0,1,19,hydro,4,PH,MW,true,,D001_H19,14,14,439,439
20260718_161942_stage_0_e0522686,1.0,1,19,thermal,1,PF,MW,true,,D001_H19,15,15,440,440
20260718_161942_stage_0_e0522686,1.0,1,19,thermal,2,PF,MW,true,,D001_H19,16,16,441,441
20260718_161942_stage_0_e0522686,1.0,1,19,thermal,3,PF,MW,true,,D001_H19,17,17,442,442
20260718_161942_stage_0_e0522686,1.0,1,19,thermal,4,PF,MW,true,,D001_H19,18,18,443,443
20260718_161942_stage_0_e0522686,1.0,1,19,storage,1,Pch,MW,true,,D001_H19,19,19,444,444
20260718_161942_stage_0_e0522686,1.0,1,19,storage,2,Pch,MW,true,,D001_H19,20,20,445,445
20260718_161942_stage_0_e0522686,1.0,1,19,storage,1,Pdis,MW,true,,D001_H19,21,21,446,446
20260718_161942_stage_0_e0522686,1.0,1,19,storage,2,Pdis,MW,true,,D001_H19,22,22,447,447
20260718_161942_stage_0_e0522686,1.0,1,19,storage,1,SOC,MWh,true,,D001_H19,23,23,448,448
20260718_161942_stage_0_e0522686,1.0,1,19,storage,2,SOC,MWh,true,,D001_H19,24,24,449,449
20260718_161942_stage_0_e0522686,1.0,1,20,wind,1,PW,MW,true,,D001_H20,1,1,450,450
20260718_161942_stage_0_e0522686,1.0,1,20,wind,2,PW,MW,true,,D001_H20,2,2,451,451
20260718_161942_stage_0_e0522686,1.0,1,20,wind,3,PW,MW,true,,D001_H20,3,3,452,452
20260718_161942_stage_0_e0522686,1.0,1,20,wind,4,PW,MW,true,,D001_H20,4,4,453,453
20260718_161942_stage_0_e0522686,1.0,1,20,wind,5,PW,MW,true,,D001_H20,5,5,454,454
20260718_161942_stage_0_e0522686,1.0,1,20,hydro,1,PH,MW,true,,D001_H20,6,6,455,455
20260718_161942_stage_0_e0522686,1.0,1,20,hydro,2,PH,MW,true,,D001_H20,7,7,456,456
20260718_161942_stage_0_e0522686,1.0,1,20,hydro,3,PH,MW,true,,D001_H20,8,8,457,457
20260718_161942_stage_0_e0522686,1.0,1,20,hydro,4,PH,MW,true,,D001_H20,9,9,458,458
20260718_161942_stage_0_e0522686,1.0,1,20,thermal,1,PF,MW,true,,D001_H20,10,10,459,459
20260718_161942_stage_0_e0522686,1.0,1,20,thermal,2,PF,MW,true,,D001_H20,11,11,460,460
20260718_161942_stage_0_e0522686,1.0,1,20,thermal,3,PF,MW,true,,D001_H20,12,12,461,461
20260718_161942_stage_0_e0522686,1.0,1,20,thermal,4,PF,MW,true,,D001_H20,13,13,462,462
20260718_161942_stage_0_e0522686,1.0,1,20,storage,1,Pch,MW,true,,D001_H20,14,14,463,463
20260718_161942_stage_0_e0522686,1.0,1,20,storage,2,Pch,MW,true,,D001_H20,15,15,464,464
20260718_161942_stage_0_e0522686,1.0,1,20,storage,1,Pdis,MW,true,,D001_H20,16,16,465,465
20260718_161942_stage_0_e0522686,1.0,1,20,storage,2,Pdis,MW,true,,D001_H20,17,17,466,466
20260718_161942_stage_0_e0522686,1.0,1,20,storage,1,SOC,MWh,true,,D001_H20,18,18,467,467
20260718_161942_stage_0_e0522686,1.0,1,20,storage,2,SOC,MWh,true,,D001_H20,19,19,468,468
20260718_161942_stage_0_e0522686,1.0,1,21,wind,1,PW,MW,true,,D001_H21,1,1,469,469
20260718_161942_stage_0_e0522686,1.0,1,21,wind,2,PW,MW,true,,D001_H21,2,2,470,470
20260718_161942_stage_0_e0522686,1.0,1,21,wind,3,PW,MW,true,,D001_H21,3,3,471,471
20260718_161942_stage_0_e0522686,1.0,1,21,wind,4,PW,MW,true,,D001_H21,4,4,472,472
20260718_161942_stage_0_e0522686,1.0,1,21,wind,5,PW,MW,true,,D001_H21,5,5,473,473
20260718_161942_stage_0_e0522686,1.0,1,21,hydro,1,PH,MW,true,,D001_H21,6,6,474,474
20260718_161942_stage_0_e0522686,1.0,1,21,hydro,2,PH,MW,true,,D001_H21,7,7,475,475
20260718_161942_stage_0_e0522686,1.0,1,21,hydro,3,PH,MW,true,,D001_H21,8,8,476,476
20260718_161942_stage_0_e0522686,1.0,1,21,hydro,4,PH,MW,true,,D001_H21,9,9,477,477
20260718_161942_stage_0_e0522686,1.0,1,21,thermal,1,PF,MW,true,,D001_H21,10,10,478,478
20260718_161942_stage_0_e0522686,1.0,1,21,thermal,2,PF,MW,true,,D001_H21,11,11,479,479
20260718_161942_stage_0_e0522686,1.0,1,21,thermal,3,PF,MW,true,,D001_H21,12,12,480,480
20260718_161942_stage_0_e0522686,1.0,1,21,thermal,4,PF,MW,true,,D001_H21,13,13,481,481
20260718_161942_stage_0_e0522686,1.0,1,21,storage,1,Pch,MW,true,,D001_H21,14,14,482,482
20260718_161942_stage_0_e0522686,1.0,1,21,storage,2,Pch,MW,true,,D001_H21,15,15,483,483
20260718_161942_stage_0_e0522686,1.0,1,21,storage,1,Pdis,MW,true,,D001_H21,16,16,484,484
20260718_161942_stage_0_e0522686,1.0,1,21,storage,2,Pdis,MW,true,,D001_H21,17,17,485,485
20260718_161942_stage_0_e0522686,1.0,1,21,storage,1,SOC,MWh,true,,D001_H21,18,18,486,486
20260718_161942_stage_0_e0522686,1.0,1,21,storage,2,SOC,MWh,true,,D001_H21,19,19,487,487
20260718_161942_stage_0_e0522686,1.0,1,22,wind,1,PW,MW,true,,D001_H22,1,1,488,488
20260718_161942_stage_0_e0522686,1.0,1,22,wind,2,PW,MW,true,,D001_H22,2,2,489,489
20260718_161942_stage_0_e0522686,1.0,1,22,wind,3,PW,MW,true,,D001_H22,3,3,490,490
20260718_161942_stage_0_e0522686,1.0,1,22,wind,4,PW,MW,true,,D001_H22,4,4,491,491
20260718_161942_stage_0_e0522686,1.0,1,22,wind,5,PW,MW,true,,D001_H22,5,5,492,492
20260718_161942_stage_0_e0522686,1.0,1,22,hydro,1,PH,MW,true,,D001_H22,6,6,493,493
20260718_161942_stage_0_e0522686,1.0,1,22,hydro,2,PH,MW,true,,D001_H22,7,7,494,494
20260718_161942_stage_0_e0522686,1.0,1,22,hydro,3,PH,MW,true,,D001_H22,8,8,495,495
20260718_161942_stage_0_e0522686,1.0,1,22,hydro,4,PH,MW,true,,D001_H22,9,9,496,496
20260718_161942_stage_0_e0522686,1.0,1,22,thermal,1,PF,MW,true,,D001_H22,10,10,497,497
20260718_161942_stage_0_e0522686,1.0,1,22,thermal,2,PF,MW,true,,D001_H22,11,11,498,498
20260718_161942_stage_0_e0522686,1.0,1,22,thermal,3,PF,MW,true,,D001_H22,12,12,499,499
20260718_161942_stage_0_e0522686,1.0,1,22,thermal,4,PF,MW,true,,D001_H22,13,13,500,500
20260718_161942_stage_0_e0522686,1.0,1,22,storage,1,Pch,MW,true,,D001_H22,14,14,501,501
20260718_161942_stage_0_e0522686,1.0,1,22,storage,2,Pch,MW,true,,D001_H22,15,15,502,502
20260718_161942_stage_0_e0522686,1.0,1,22,storage,1,Pdis,MW,true,,D001_H22,16,16,503,503
20260718_161942_stage_0_e0522686,1.0,1,22,storage,2,Pdis,MW,true,,D001_H22,17,17,504,504
20260718_161942_stage_0_e0522686,1.0,1,22,storage,1,SOC,MWh,true,,D001_H22,18,18,505,505
20260718_161942_stage_0_e0522686,1.0,1,22,storage,2,SOC,MWh,true,,D001_H22,19,19,506,506
20260718_161942_stage_0_e0522686,1.0,1,23,wind,1,PW,MW,true,,D001_H23,1,1,507,507
20260718_161942_stage_0_e0522686,1.0,1,23,wind,2,PW,MW,true,,D001_H23,2,2,508,508
20260718_161942_stage_0_e0522686,1.0,1,23,wind,3,PW,MW,true,,D001_H23,3,3,509,509
20260718_161942_stage_0_e0522686,1.0,1,23,wind,4,PW,MW,true,,D001_H23,4,4,510,510
20260718_161942_stage_0_e0522686,1.0,1,23,wind,5,PW,MW,true,,D001_H23,5,5,511,511
20260718_161942_stage_0_e0522686,1.0,1,23,hydro,1,PH,MW,true,,D001_H23,6,6,512,512
20260718_161942_stage_0_e0522686,1.0,1,23,hydro,2,PH,MW,true,,D001_H23,7,7,513,513
20260718_161942_stage_0_e0522686,1.0,1,23,hydro,3,PH,MW,true,,D001_H23,8,8,514,514
20260718_161942_stage_0_e0522686,1.0,1,23,hydro,4,PH,MW,true,,D001_H23,9,9,515,515
20260718_161942_stage_0_e0522686,1.0,1,23,thermal,1,PF,MW,true,,D001_H23,10,10,516,516
20260718_161942_stage_0_e0522686,1.0,1,23,thermal,2,PF,MW,true,,D001_H23,11,11,517,517
20260718_161942_stage_0_e0522686,1.0,1,23,thermal,3,PF,MW,true,,D001_H23,12,12,518,518
20260718_161942_stage_0_e0522686,1.0,1,23,thermal,4,PF,MW,true,,D001_H23,13,13,519,519
20260718_161942_stage_0_e0522686,1.0,1,23,storage,1,Pch,MW,true,,D001_H23,14,14,520,520
20260718_161942_stage_0_e0522686,1.0,1,23,storage,2,Pch,MW,true,,D001_H23,15,15,521,521
20260718_161942_stage_0_e0522686,1.0,1,23,storage,1,Pdis,MW,true,,D001_H23,16,16,522,522
20260718_161942_stage_0_e0522686,1.0,1,23,storage,2,Pdis,MW,true,,D001_H23,17,17,523,523
20260718_161942_stage_0_e0522686,1.0,1,23,storage,1,SOC,MWh,true,,D001_H23,18,18,524,524
20260718_161942_stage_0_e0522686,1.0,1,23,storage,2,SOC,MWh,true,,D001_H23,19,19,525,525
20260718_161942_stage_0_e0522686,1.0,1,24,wind,1,PW,MW,true,,D001_H24,1,1,526,526
20260718_161942_stage_0_e0522686,1.0,1,24,wind,2,PW,MW,true,,D001_H24,2,2,527,527
20260718_161942_stage_0_e0522686,1.0,1,24,wind,3,PW,MW,true,,D001_H24,3,3,528,528
20260718_161942_stage_0_e0522686,1.0,1,24,wind,4,PW,MW,true,,D001_H24,4,4,529,529
20260718_161942_stage_0_e0522686,1.0,1,24,wind,5,PW,MW,true,,D001_H24,5,5,530,530
20260718_161942_stage_0_e0522686,1.0,1,24,hydro,1,PH,MW,true,,D001_H24,6,6,531,531
20260718_161942_stage_0_e0522686,1.0,1,24,hydro,2,PH,MW,true,,D001_H24,7,7,532,532
20260718_161942_stage_0_e0522686,1.0,1,24,hydro,3,PH,MW,true,,D001_H24,8,8,533,533
20260718_161942_stage_0_e0522686,1.0,1,24,hydro,4,PH,MW,true,,D001_H24,9,9,534,534
20260718_161942_stage_0_e0522686,1.0,1,24,thermal,1,PF,MW,true,,D001_H24,10,10,535,535
20260718_161942_stage_0_e0522686,1.0,1,24,thermal,2,PF,MW,true,,D001_H24,11,11,536,536
20260718_161942_stage_0_e0522686,1.0,1,24,thermal,3,PF,MW,true,,D001_H24,12,12,537,537
20260718_161942_stage_0_e0522686,1.0,1,24,thermal,4,PF,MW,true,,D001_H24,13,13,538,538
20260718_161942_stage_0_e0522686,1.0,1,24,storage,1,Pch,MW,true,,D001_H24,14,14,539,539
20260718_161942_stage_0_e0522686,1.0,1,24,storage,2,Pch,MW,true,,D001_H24,15,15,540,540
20260718_161942_stage_0_e0522686,1.0,1,24,storage,1,Pdis,MW,true,,D001_H24,16,16,541,541
20260718_161942_stage_0_e0522686,1.0,1,24,storage,2,Pdis,MW,true,,D001_H24,17,17,542,542
20260718_161942_stage_0_e0522686,1.0,1,24,storage,1,SOC,MWh,true,,D001_H24,18,18,543,543
20260718_161942_stage_0_e0522686,1.0,1,24,storage,2,SOC,MWh,true,,D001_H24,19,19,544,544
