run_id,day,hour,PW_1,PW_2,PW_3,PW_4,PW_5,PP_1,PP_2,PP_3,PP_4,PP_5,PH_1,PH_2,PH_3,PH_4,PF_1,PF_2,PF_3,PF_4,Pch_1,Pch_2,Pdis_1,Pdis_2,SOC_1,SOC_2
20260811_121452_stage_B_2C_4168a6e9,14,1,443.52437854043393,187.41212845406139,373.38529867882318,276.56780916463026,290.0908512385912,0,0,0,0,0,9.4413424636949657,9.3975102916005167,7.3093193449632867,7.3082462407264366,584.42643164116623,584.42643164116623,322.18287328512287,322.18287328512287,201.52290162136023,166.54211561684707,60.240304112308614,60.169218855795592,414.43693659026161,333.03321826356989
20260811_121452_stage_B_2C_4168a6e9,14,2,439.48290368734325,125.25360398176083,181.14231306753112,209.1367753779522,249.99093113254014,0,0,0,0,0,10.394931939814825,10.341699118625977,7.9671704287516762,7.9658971941644943,596.5362747688614,596.5362747688614,332.16784119959163,332.16784119959163,121.38593260346281,115.30989184220859,91.592374435090292,86.018992145190481,421.91497100549992,341.23546298245719
20260811_121452_stage_B_2C_4168a6e9,14,3,383.48675214055157,206.84968031916603,336.07568539854771,140.95242365754908,229.26077423177318,0,0,0,0,0,10.42134873455089,10.367816283398023,7.9531506678428645,7.9518861879560427,596.76047218254985,596.76047218254985,332.17629625965395,332.17629625965395,182.25037771707417,165.58337913355643,59.866648318737873,56.774054026149749,519.4218128189359,427.17822195138046
20260811_121452_stage_B_2C_4168a6e9,14,4,295.57156747621616,103.73650895343062,164.67264367893358,189.43220978238205,182.00585711459019,0,0,0,0,0,19.594780777168847,19.397665040716959,13.234307880886192,13.230841818451703,614.85695902609257,614.85695902609257,347.32243661281746,347.32243661281746,73.410154125034168,72.933990730914047,65.686811458695743,65.422159596656684,512.50560546624911,420.12752516847337
20260811_121452_stage_B_2C_4168a6e9,14,5,37.847973046616374,45.93876109614628,126.07150089561149,91.11481493725482,56.283653325483392,0,0,0,0,0,84.443893376193358,81.166681330723279,30.844956070617936,30.827215348691514,619.49266988033821,619.49266988033821,351.25711675032841,351.25711675032841,36.102336137470218,37.201214927963967,112.6550489124006,104.60947946436225,419.82543142063793,337.37586364323835
20260811_121452_stage_B_2C_4168a6e9,14,6,215.65750296913927,143.34678472638308,178.01511194775841,29.471028130807234,118.99187181939674,0,0,0,0,0,68.657887297778061,66.361357050050003,28.076826053151606,28.061979340746255,619.42103622021864,619.42103622021864,351.13915818512339,351.13915818512339,50.571760803684185,52.092563464186426,58.09275073979439,56.810835382181594,400.79251532196008,321.13602033635982
20260811_121452_stage_B_2C_4168a6e9,14,7,71.360113025514281,93.401568529667614,39.363701159391411,15.575452176427261,179.69514296447889,0,0,0,0,0,196.23784104333154,191.28942200956195,48.630485422986801,48.592879303622347,620.26229041702607,620.26229041702607,351.94673420811336,351.94673420811336,30.780535795601931,33.004498205543484,148.45352194484897,116.76685717103578,263.54663982150316,221.09911630908783
20260811_121452_stage_B_2C_4168a6e9,14,8,324.57489459242697,174.28938426708845,37.744214801975694,75.277648751531771,73.110325536282943,22.133532504288016,18.782802336878454,112.17218320662118,99.916755453912984,21.485684679241761,103.0975763521418,98.706636238446194,33.491185897181232,33.470666054269074,619.8899011169475,619.8899011169475,351.52557910637671,351.52557910637671,42.391560043918048,44.371195213986276,70.821663185736924,64.856640953232784,223.00830698798845,188.97025760919496
20260811_121452_stage_B_2C_4168a6e9,14,9,194.47245191230135,84.436480149549894,98.48617814691471,107.43117540902321,4.7403502131927402,95.725766668562642,41.755967278248754,130.4349229400971,145.06136701900076,25.334199528772753,144.64647484342052,138.61883257441184,39.031211896383063,39.004299336485396,620.07344517161039,620.07344517161039,351.71891676994306,351.71891676994306,32.877244031539547,34.636453164848803,132.24337759538642,112.50591780153023,105.66074039927784,95.136490122525487
20260811_121452_stage_B_2C_4168a6e9,14,10,156.19865904345983,76.968277903417956,62.997284874618131,28.841211854116061,70.914829450194077,241.67272785108102,241.15145143395071,286.87839168083519,313.40621115394794,206.45775607381088,34.583386095531431,33.940516923063491,19.299107715633159,19.291649194872903,618.00774300143428,618.00774300143428,349.91552429964344,349.91552429964344,51.066824024358759,51.37696424879389,72.574283239408246,71.421509183056216,70.982789532969306,62.018525520822102
20260811_121452_stage_B_2C_4168a6e9,14,11,43.046052332550154,20.082469097728207,26.992367204791215,28.017080227723831,63.070628043425039,511.83836656828299,358.0545311151572,467.69958248342573,275.37768743055426,382.95465025897397,8.7027810320594838,8.665288558520718,6.7688639570888327,6.7679416167672386,559.36729181562941,559.36729181562941,300.87212513213564,300.87212513213564,188.35107041755768,168.64735974802161,80.740634481455388,67.740671861545039,150.78693681826525,138.53373611454705
20260811_121452_stage_B_2C_4168a6e9,14,12,51.15403089967397,53.409407776553884,3.8885941018228163,10.281201628807267,47.383193939182874,731.22440193866146,580.93649755327033,564.39386640550424,421.13208990750155,474.83046652820434,8.2791087412384741,8.2446832831331456,6.4359082432899504,6.4350751287679806,487.99250055109093,487.99250055109093,251.62924492771259,251.62924492771259,199.58535304296197,165.36050723208703,83.703493985402559,73.970349256426957,237.40987235092814,205.16891567183987
20260811_121452_stage_B_2C_4168a6e9,14,13,67.954147799903168,22.440477460399556,101.34117923562964,74.207712397507777,16.616268741911625,550.83452861743126,650.28821164831572,569.39857372835138,482.86520078425536,376.4637130715941,8.2650620121806355,8.2307423930759764,6.4261795099806331,6.4253487870619859,483.84641487812956,483.84641487812956,249.36505137379214,249.36505137379214,183.00735768565403,152.6098047605399,99.98374476162229,87.453138993130352,291.02344453288083,245.34758551951433
20260811_121452_stage_B_2C_4168a6e9,14,14,13.085421724923313,6.757427763282128,80.890778189829703,46.138067690761012,59.311132556155705,716.61905081012003,732.28468564961133,540.90727024645844,572.50038879424187,457.15002414194902,8.2662540185335978,8.2319766592447028,6.4312209134953031,6.4303886025400203,487.44779098295714,487.44779098295714,251.4239745879251,251.4239745879251,178.17552811881797,149.68573022905613,104.50159554998628,90.612043894976523,335.26853589538786,279.38469395346868
20260811_121452_stage_B_2C_4168a6e9,14,15,86.213865839662134,23.2351148463725,55.592673344133615,50.999089879283133,9.2141150465338075,457.0526015876099,513.5673662411649,453.69742830762704,334.72256269018374,316.4547945152421,8.2570075275699875,8.2226452154537988,6.4095556086308569,6.4087300563640746,470.59417217764235,470.59417217764235,242.05497653344534,242.05497653344534,196.93954355917592,162.97042589596523,87.53316674967455,77.030954577459681,415.25505093234119,340.46812772932662
20260811_121452_stage_B_2C_4168a6e9,14,16,124.8109878739432,63.166003758085282,50.910087664368092,0.95475216028942167,73.408858955590375,477.8953787755421,503.01197599215374,360.49650058866297,289.14960576488011,355.94291468242329,8.340422425943542,8.3056418144334891,6.486213326167265,6.4853679728478317,506.85237045524968,506.85237045524968,263.51697235614898,263.51697235614898,214.31498096667181,182.79016527571275,69.106777378153978,57.89497148610365,531.35322560439693,440.65153038179744
20260811_121452_stage_B_2C_4168a6e9,14,17,37.830230778254197,15.559269344672451,79.14943756260358,1.0238533460788302,13.543789282434096,240.72614600011931,280.00630452625643,252.01387847631139,197.20123535135673,167.2915951184147,102.4266930197852,97.717868677459151,32.463368223766075,32.443128326069647,619.63653035166806,619.63653035166806,351.31906705252777,351.31906705252777,40.83905629651742,41.629242612796638,80.420317219325142,80.739988848015273,478.75246824979018,388.40675001329743
20260811_121452_stage_B_2C_4168a6e9,14,18,77.776140805069076,101.04668749120614,173.49266587390926,114.05105017567863,58.652163242285702,242.34204039607135,168.93919769895859,201.00719970570668,160.12250029810295,138.93291544530285,152.51698182803091,146.33766124998462,39.785679475138608,39.757647812855318,620.3143728011629,620.3143728011629,351.84601112761692,351.84601112761692,52.58198692414269,53.662113170753379,48.261257659295381,48.901543079740364,472.45263686007911,382.36760400059723
20260811_121452_stage_B_2C_4168a6e9,14,19,53.881241681996009,15.49368013206573,0,85.936407652542172,106.9421549258287,145.34022271197074,67.211888042008354,96.35927736248469,98.730563097584962,9.887150319000547,268.5259966216833,267.93173361567693,108.89962874694139,108.87373422260319,621.72602331246549,621.72602331246549,353.1354571460501,353.1354571460501,26.071352883542289,27.949074286165594,165.95096064184068,134.33282647844965,311.52689818655529,258.26307477098021
20260811_121452_stage_B_2C_4168a6e9,14,20,230.69857275688068,140.55865814468066,234.38980011841679,117.88261087648026,64.792427276947706,0,0,0,0,0,264.42049575169779,263.65322587501197,101.85230324305935,101.81856586215201,621.56858630352406,621.56858630352406,352.99668406837782,352.99668406837782,29.155420306210523,30.947889703204105,114.74817210226,96.157937258023253,210.26880745963342,179.27402299494898
20260811_121452_stage_B_2C_4168a6e9,14,21,107.02526944004414,77.519552250255103,189.76857647807299,176.36007626488782,114.15339641442249,0,0,0,0,0,263.02139406927063,262.20306946478496,99.667549638975217,99.631348310483929,621.45382642685695,621.45382642685695,352.91982496587855,352.91982496587855,27.954887050207805,29.682853558856159,144.36913395732654,125.17107153506846,75.018056963346453,66.90962282562144
20260811_121452_stage_B_2C_4168a6e9,14,22,601.82324500267919,336.35658995820415,510.19381134843655,340.68122847950616,385.09910487982455,0,0,0,0,0,11.288838486871249,11.235034155731821,8.6809883348807997,8.6795361805844458,605.84161540141815,605.84161540141815,339.52255411072457,339.52255411072457,271.1798879328644,225.10210818562314,20.304883568052396,21.210396699430135,296.51897436064399,245.93441274887107
20260811_121452_stage_B_2C_4168a6e9,14,23,487.22466071915352,227.58799151778175,477.63199464875987,347.79823302065506,289.62337435466532,0,0,0,0,0,15.563399334367569,15.453512864439885,11.265677387518487,11.263209384999914,613.14414504184185,613.14414504184185,345.74631082670129,345.74631082670129,166.6846228990116,148.92209874367001,41.53390196549794,42.879854707755207,400.38635500809005,332.32001860955717
20260811_121452_stage_B_2C_4168a6e9,14,24,458.39910732692601,190.00595733671457,234.14780303020603,122.78627532108025,254.42465947602938,0,0,0,0,0,22.146838413478143,21.923210005834708,14.900148056126257,14.895840440866783,616.21625283935543,616.21625283935543,348.48601504909851,348.48601504909851,44.853561454248066,47.094402053370779,126.67910755497965,112.23448076846952,299.99999636693582,250.00000182595809
20260811_121452_stage_B_2C_4168a6e9,15,1,90.922725013400864,118.39360315062194,198.13975618420923,146.8207801314378,154.85168818487091,0,0,0,0,0,51.521695681074441,49.251659559521414,23.115600062524347,24.756434440380357,622.71332595531055,622.71332595531055,353.85760173099635,353.85760173099635,30.347468278183474,32.39359877158541,64.207703289651107,57.617565979462512,255.9708252732442,215.13472296542679
20260811_121452_stage_B_2C_4168a6e9,15,2,157.91859176467176,23.398660889883072,26.696399840728407,119.54815842620327,123.34627655972973,0,0,0,0,0,68.651585014369374,64.872928358781493,26.549065402802842,28.710625897129844,622.82450583722061,622.82450583722061,353.98535188726743,353.98535188726743,24.752348329251358,26.330278787170396,114.49453377006358,93.276085743081879,151.03179013616645,135.19187860378901
20260811_121452_stage_B_2C_4168a6e9,15,3,226.06334950020275,96.202376711852168,168.52932243371345,15.190572787358274,164.04897429484475,0,0,0,0,0,35.248656043099103,34.134768241222304,18.786999922495259,19.872598273064387,622.30097422630104,622.30097422630104,353.5082939132115,353.5082939132115,32.405631156743688,34.021807400321833,64.683782541927698,62.047501528260831,108.3259886862046,96.869836899344747
20260811_121452_stage_B_2C_4168a6e9,15,4,207.8478175851177,224.45154012419064,225.62926671633898,227.25392513391279,147.85803292278601,0,0,0,0,0,16.004150773114471,15.772899990877244,10.971943147600181,11.336646112629147,620.43030800530187,620.43030800530187,351.85904403693723,351.85904403693723,127.48500607405087,123.04940769200749,28.631009747131476,30.198477427880803,191.25026110048103,174.06044001339583
20260811_121452_stage_B_2C_4168a6e9,15,5,254.41962910159052,127.0162236326336,236.86623555879746,181.71142148042932,187.67941931427271,0,0,0,0,0,15.125090230435799,14.916651761508334,10.523181107501827,10.858925854624545,620.10720399788909,620.10720399788909,351.60354755835453,351.60354755835453,127.13654948474961,116.05672593510874,29.433206676296258,31.221787589280726,272.96959266309358,243.82061825579271
20260811_121452_stage_B_2C_4168a6e9,15,6,417.8320016718767,103.92555054075602,309.0429542565405,120.9710274363571,260.00222410473577,0,0,0,0,0,13.792216382167343,13.620144752740996,9.7819948787385211,10.071128474522006,619.69357947131437,619.69357947131437,351.20555568387596,351.20555568387596,202.99686974942213,169.67657005420475,25.017732957206839,26.818194037604641,427.86929437400971,366.73153792946096
20260811_121452_stage_B_2C_4168a6e9,15,7,297.31568224009527,37.32490900490108,187.03727850269115,184.67630917466411,158.19794077757973,0,0,0,0,0,23.18981885661097,22.676468242927818,14.492825916600893,15.140403063509613,621.31436013508721,621.31436013508721,352.74802349215696,352.74802349215696,32.937500528957671,34.305922963909268,80.046058543178845,79.020961915618571,368.57297980209557,309.80579980184723
20260811_121452_stage_B_2C_4168a6e9,15,8,257.46124600231792,20.41241190926613,42.483521002130566,52.920264751814592,189.01512091333686,54.000814853995998,69.242564227699461,107.68370652422813,86.124047149010863,23.007227018044038,27.933583043717093,27.18010668487269,16.346437551408027,17.177035437439159,621.63725846799946,621.63725846799946,353.03399441747257,353.03399441747257,27.554182137037888,29.001600535942202,130.03871423792233,116.18647559483092,248.88428346107096,206.81115628993871
20260811_121452_stage_B_2C_4168a6e9,15,9,220.67826545524917,137.9477138190887,6.1313604036365383,6.6112953281294873,12.245624680733043,141.85126936766733,189.32901989972433,85.791097258576329,124.47247141829446,135.3097087223382,29.436289257877284,28.596023016612474,16.835484633312003,17.723238747379305,621.60352832035198,621.60352832035198,353.02377590761296,353.02377590761296,25.532685386697008,26.916005614188919,184.06493089685068,156.17028963948704,67.347110423708571,57.513017298834207
20260811_121452_stage_B_2C_4168a6e9,15,10,65.975869873797791,32.594606155488798,109.15999399983191,53.339475851225714,29.410163402265024,290.15742571513294,329.2358177714375,324.64573750190743,326.8307625175571,325.40371521922816,6.0903330150147239,6.0571784458372466,4.9745680605404683,5.0458569908882245,591.15690183568745,591.15690183568745,326.9326588507177,326.9326588507177,147.89170338590358,139.97368493692923,85.949868853252184,76.814893576616726,104.94978918963052,98.139451990274267
20260811_121452_stage_B_2C_4168a6e9,15,11,91.691120758572282,64.382939644327351,33.318166217253115,55.394173783347092,31.495132024694954,604.44054338191916,475.49520971215054,395.38987049644049,405.49491895158747,345.39743313949577,5.6290348056389288,5.6005271273361039,4.5376211670140467,4.5980773449742562,485.36089681901024,485.36089681901024,250.20007469391896,250.20007469391896,209.63878359934105,174.56828700036053,74.781884311259319,65.438474707831887,210.53371186097155,182.54149394856321
20260811_121452_stage_B_2C_4168a6e9,15,12,30.8583138990568,47.223223464151864,76.290894973121979,35.198012217601153,44.022382542519715,697.42349472926287,554.41888186599044,514.54818443958607,431.38736726493948,458.93543631683536,5.6161985494806581,5.5878477138917679,4.532907216742899,4.5932649353704322,484.68508385520033,484.68508385520033,249.83665919871416,249.83665919871416,183.04751623490569,153.21216983315583,99.826219764767359,86.753570066913582,264.35845451153409,224.03959116849944
20260811_121452_stage_B_2C_4168a6e9,15,13,64.388678128716748,52.382414698297467,56.997943007830635,55.668324943760645,52.837560587701944,513.11298399571297,664.81496266953957,581.98750342228163,441.18636152589846,346.50102278132181,5.6126292206182686,5.584321466840068,4.5288864911467481,4.5891617201526191,480.2347244807234,480.2347244807234,247.33654007858601,247.33654007858601,173.95009260852498,145.95747892971946,109.6541224736696,94.918165286136812,299.07562399957362,249.93669410953936
20260811_121452_stage_B_2C_4168a6e9,15,14,96.039493346398046,1.3295085443745818,50.478644397194543,39.382642882421791,43.025165887815319,559.88482868281244,544.28156886156216,583.4676910587317,413.31172672546148,436.30352376501594,5.6145754703593669,5.5862508902362435,4.5277886148159139,4.5880381830185986,476.24571230499498,476.24571230499498,245.14234269186198,245.14234269186198,176.02315289912619,146.66263355868259,107.93978364348371,94.148445510392989,337.56336867158302,277.323680411917
20260811_121452_stage_B_2C_4168a6e9,15,15,43.79468723299793,59.310946811729821,81.431437967626209,52.430803323086202,2.135604365597926,711.69981280653724,543.05307050859005,492.47842387144192,474.49023089278268,449.53644632994781,5.6155261794960696,5.5871826629345787,4.5328119083060825,4.5931527519736974,485.07916209747464,485.07916209747464,250.03286609340634,250.03286609340634,183.21756633418318,153.64640098813297,99.607723544747941,86.342049782757115,391.78392998929468,319.66983043150663
20260811_121452_stage_B_2C_4168a6e9,15,16,109.13410492995538,47.17829343781446,77.091529318806579,41.365716677889054,41.433070953771676,418.9383197655867,422.58726270029337,431.74396110193402,410.26893752690705,362.32772930776025,5.6295237859104441,5.6010114739364534,4.5370284823341835,4.5974371060854651,484.17663423742624,484.17663423742619,249.60161484585581,249.60161484585581,211.1623005991438,176.26817595759499,73.45282446096607,63.98722736022313,500.21575112745069,407.21426950420528
20260811_121452_stage_B_2C_4168a6e9,15,17,93.684174212262789,48.196175843644326,38.52237073139095,21.193401780904097,29.101561388650875,416.49323477599688,297.42173421642377,247.05942191232407,337.30000853854955,266.40147071108322,6.177425172998122,6.1431803808462275,5.0430541236456978,5.1161193358993335,594.9177294664089,594.9177294664089,329.8954189645417,329.8954189645417,142.87768174955517,135.80417166653405,84.846948122675073,76.355275306892992,534.53127789907808,444.59882921864943
20260811_121452_stage_B_2C_4168a6e9,15,18,193.10875826454267,106.30133868435449,22.985931402439626,61.069039960131512,190.92361910841302,243.28576463485257,92.45093236607751,134.21994247063253,133.61520995825504,187.60669097110679,99.304676120468187,92.125617271102954,30.303359656008521,33.188804434328851,622.99810698767726,622.99810698767726,354.0926479006593,354.0926479006593,28.239499843867218,29.434489396381526,70.85722559134237,72.145568569518915,481.21657710151163,390.92812682037186
20260811_121452_stage_B_2C_4168a6e9,15,19,320.54262150115528,92.426973127030465,180.67552306280254,173.67092903483635,176.33004338511628,141.7077695726224,129.13382647774577,70.434183019238418,6.5569315865814213,66.132329180179624,116.49757957543164,108.38234995930792,33.21377881667388,36.548388509084766,623.35319871651734,623.35319871651734,354.34556551497997,354.34556551497997,37.375697362512469,38.65586888055595,38.503266990079837,39.87754398218636,472.07329696101732,381.41002661044291
20260811_121452_stage_B_2C_4168a6e9,15,20,217.1411471541777,254.388015503471,219.34209607737267,117.31388960184515,135.56075994309742,0,0,0,0,0,242.30267097000149,238.7864484845563,69.237932142398222,77.388743499224702,623.77068137210836,623.77068137210836,354.75980848839805,354.75980848839805,28.199982326571259,30.013713479221764,50.629857250662084,49.06115545797369,441.19788410975133,353.90997378843826
20260811_121452_stage_B_2C_4168a6e9,15,21,161.88408432619258,204.30498437956248,293.3144410663117,112.57082974430027,131.32412246187772,0,0,0,0,0,239.1407777687989,235.30677138376899,66.068331426530506,74.152012215050135,623.7562220670327,623.7562220670327,354.74408738047913,354.74408738047913,35.933884786670205,38.314666067319138,34.611154256212679,34.570422930360117,435.08154235529616,349.98159221529193
20260811_121452_stage_B_2C_4168a6e9,15,22,17.157135792415382,137.12169396888893,82.063268014417091,45.927067523128542,194.06132549613363,0,0,0,0,0,275.57758616565997,274.94523944817394,118.69484312596823,121.31170029946176,624.28516174185029,624.28516174185029,355.22853708667247,355.22853708667247,20.575046316873529,22.239173793957782,98.306349364377567,78.620613255161189,344.36980696895159,282.64061167967532
20260811_121452_stage_B_2C_4168a6e9,15,23,145.49934977835656,70.338196802876197,152.09346891953433,59.992166278104683,124.28426363987951,0,0,0,0,0,271.83565491040201,270.97907135132124,112.05558822513171,115.70362798730143,624.19571023050139,624.19571023050139,355.14076121650129,355.14076121650129,23.966689646686863,25.810528530033629,57.138150568075886,51.184736821731207,302.45299368644089,248.99815755478204
20260811_121452_stage_B_2C_4168a6e9,15,24,245.73096544378151,23.039985094453048,163.34510280785196,52.247845759171241,106.1234362669134,0,0,0,0,0,255.5850835251938,253.46591075457499,84.206024903360031,91.883532590887398,623.91335715647847,623.91335715647847,354.88698776864027,354.88698776864027,36.666012753211156,39.831959562164833,31.907167917655634,31.362227401295105,299.99999636693582,250.00000182595809
20260811_121452_stage_B_2C_4168a6e9,16,1,149.42654694137298,28.970871505740185,4.09536526102809,15.392107532473711,55.571929791413154,0,0,0,0,0,109.17925668876693,109.71523628540186,36.136937119788122,37.511208456266083,586.50240795628372,586.50240795628372,324.02438534864541,324.02438534864541,111.80864162013097,104.91341234637837,122.95964424292772,106.70936353147195,264.00594688846741,225.85611345828531
20260811_121452_stage_B_2C_4168a6e9,16,2,116.98320594576302,78.360151628483223,6.253877034615102,49.230399534005194,14.982818332098503,0,0,0,0,0,86.801767979583516,87.178123299857504,32.797671279947814,33.94245079566813,582.17612663067302,582.17612663067302,320.44735223637571,320.44735223637571,132.26662879869539,121.22830440348656,106.54318879070374,95.17432084735951,264.66459192873356,229.21234203546817
20260811_121452_stage_B_2C_4168a6e9,16,3,72.130851003514621,5.2086745655706936,11.672501248201257,29.962008277083331,97.634362147941616,0,0,0,0,0,81.299678575526642,81.636893474750522,31.867086057495776,32.953033911351625,580.37668944907887,580.37668944907887,319.04643026083119,319.04643026083119,131.70837495422049,119.11864668507801,109.31821605367927,98.297476904363037,261.73744488344391,227.19970526941273
20260811_121452_stage_B_2C_4168a6e9,16,4,24.9355369760891,23.86140993002547,72.601211840927235,50.237030737715301,56.317815288987028,0,0,0,0,0,70.86846445880272,71.131226546773121,29.932430163788247,30.895649397460154,576.26834504532394,576.26834504532394,315.74946984524894,315.74946984524894,143.48383498349975,127.61113747256613,102.78258139339725,93.495985940954625,276.67002815370785,238.16530017143941
20260811_121452_stage_B_2C_4168a6e9,16,5,58.668821745621358,39.956063400027141,106.74605259796934,0,46.247932968169351,0,0,0,0,0,66.297871685870021,66.529626425015579,28.990392463170181,29.896176637829843,573.80416760037224,573.80416760037224,313.78308097408723,313.78308097408723,148.90433554804693,131.48281840486942,100.32839356841176,91.551325311912791,299.20793729315909,254.77614194480762
20260811_121452_stage_B_2C_4168a6e9,16,6,126.62532385711673,33.194445351952638,42.218203080804358,0.96489461620233863,87.213437873143846,0,0,0,0,0,65.721250624231359,65.949477935589115,28.836007600206397,29.733500000777738,573.42073071433401,573.42073071433401,313.45873099158968,313.45873099158968,150.76776402663333,132.90122474881497,99.065427570698546,90.388096852877652,324.82622761635281,273.95602549332148
20260811_121452_stage_B_2C_4168a6e9,16,7,113.34858003321324,12.174902129625634,22.981372588149906,46.626111580218847,35.82353305384607,0,0,0,0,0,83.823967904747434,84.182164427818492,32.159596634709509,33.272644981222648,580.89424203608587,580.89424203608587,319.50782747318243,319.50782747318243,115.74252753498578,106.93775878491661,127.17614725187151,110.30712671594262,287.68767211798263,247.63653427092137
20260811_121452_stage_B_2C_4168a6e9,16,8,39.712566036326379,30.915303040320872,32.564476178309782,20.309100255567717,34.216002478618783,91.621318465549336,3.9987058552235335,43.224375877685837,26.599131562603571,5.9311228736966894,85.745716610058551,86.118394146127457,32.374033436092354,33.503312570037046,581.55802611632134,581.55802611632134,319.98140372386933,319.98140372386933,109.46852115616153,102.00666019286793,135.3993025409338,116.16345974149685,235.7656716686015,210.37201762061713
20260811_121452_stage_B_2C_4168a6e9,16,9,64.786448273505627,55.364506944439604,79.518651899049857,2.4464536674614195,6.2225221786467637,139.20029286670015,81.294627246106586,122.09698650895602,50.143630670818673,60.590161160669041,62.400673143657158,62.608258293251154,27.915781362893881,28.764038147120111,571.44143600508062,571.44143600508062,311.67242388036016,311.67242388036016,144.26733417726041,128.72240723278159,107.47349941192596,95.935489863958267,246.19127308155146,219.62719539238896
20260811_121452_stage_B_2C_4168a6e9,16,10,127.22682329015012,53.397177765133506,79.795804958056024,29.228319062098716,63.83833275555908,90.404654511427893,141.69697706615099,106.41240631797204,11.155962445817693,39.67623239936075,59.412360694664052,59.601423505228176,27.220459984792647,28.029929600261561,568.8978183601713,568.8978183601713,309.71317609783404,309.71317609783404,135.41293453677841,121.56739744162893,118.56712701841833,104.09435168730464,236.32166192196487,213.37746232618301
20260811_121452_stage_B_2C_4168a6e9,16,11,134.31639172018996,70.958070445225545,150.71198609555782,106.25182934461996,13.62358586796282,7.2859233753688031,10.645294656527545,113.09370548334725,72.400040097917511,57.133884905718467,55.220509700830213,55.38454277954979,26.217109387594711,26.970953500697714,564.53589042769363,564.53589042769363,306.35921638742855,306.35921638742855,128.64841641429166,115.86117278315693,130.1249523613229,112.3805958447726,207.52195629335753,192.78518911461026
20260811_121452_stage_B_2C_4168a6e9,16,12,93.606161132240146,48.830311173733513,44.746184808845534,35.085964800419809,52.609143439931138,189.13828080325095,146.74871748631324,71.208512466363743,128.22900145467361,44.653437146768255,45.200143358710676,45.310093574647425,23.46798354026398,24.073275239226383,546.72022948326321,546.72022948326321,292.41813821458737,292.41813821458737,144.86240820862423,126.85939399639673,123.39722453258314,107.14063185134761,200.79009642269369,187.91349720987003
20260811_121452_stage_B_2C_4168a6e9,16,13,87.457218884782847,36.27154247073053,95.929104959930584,55.394585695674799,41.600512464806734,182.57318270353579,199.76175327524322,254.38224690159325,188.90460537904954,164.59484613254943,33.442184217057672,33.501993823219507,19.496751834308714,19.912789926055364,433.83854372884429,433.83854372884429,224.33943937607657,224.33943937607657,202.59134802974654,160.97624762361556,84.306643980951193,79.681666794031159,289.44826078174214,244.25693474442284
20260811_121452_stage_B_2C_4168a6e9,16,14,15.776364365837422,10.449039246634825,16.027364515286852,29.090716140492027,3.7535576939085318,278.92954886275055,199.20032394069023,267.75840258828555,168.99051337417339,127.97265600178224,35.439791332435767,35.50704199809833,20.245707173882167,20.695208930688811,479.82024035182707,479.82024035182712,247.80212109613433,247.80212109613433,181.46441849112239,147.74514355156774,101.72768244252782,92.400920539292585,339.7354791542769,274.55987445273087
20260811_121452_stage_B_2C_4168a6e9,16,15,145.11189119616739,50.234834407642339,123.18577719381351,51.554580753686594,21.014390639070694,170.0760289535971,162.71341080350712,127.64656097234135,154.4130199894912,103.36381681107383,37.151260652866071,37.22522521632996,20.868123088489273,21.346049795532995,502.11991571685616,502.1199157168561,261.50004010792435,261.50004010792435,177.9470169310197,148.22828102585837,102.10040112523657,90.930014708471049,386.44290425304285,306.9319776999244
20260811_121452_stage_B_2C_4168a6e9,16,16,113.33043025201884,13.606244531938744,20.946425075334563,40.777211582713726,68.823206195943797,217.42573487780297,167.96395855389937,198.68471592887207,167.69079310285306,110.39635998268126,39.608951999622825,39.693034754798184,21.711892143840807,22.228977957206759,523.02525236057681,523.02525236057681,275.1681563357543,275.1681563357543,188.79325157146704,158.49347100570094,88.609738620785052,79.402229624194504,457.90156553315768,361.35140202261687
20260811_121452_stage_B_2C_4168a6e9,16,17,50.515858206732858,39.005128956230145,9.2659357098989492,54.403651634099269,60.14876722067747,41.39474162443755,114.33180744179766,79.871031207812464,86.686240882070209,79.819972596043684,83.691745643004452,84.049794017869488,31.900398948971443,33.000792206150493,580.9391787858998,580.9391787858998,319.41377792753042,319.41377792753042,112.35331793147348,104.15485823026249,132.64653184674629,115.06986459233237,411.63451628621004,327.23536932726171
20260811_121452_stage_B_2C_4168a6e9,16,18,14.112398342139091,8.5081176790290627,68.281839668910806,8.0325215977176967,52.831048072637032,110.18100577908163,70.138719145235797,89.792863388040416,72.989200546646032,3.7613703977149808,136.68733158267446,137.35725145703861,39.405861237959058,41.026059197083754,589.73902486857935,589.73902486857935,326.66596529316195,326.66596529316195,93.858920428488204,89.695250092762876,145.39866507959766,122.23993702626271,334.55347236118536,272.13894215934516
20260811_121452_stage_B_2C_4168a6e9,16,19,143.6132866262943,47.045785616434593,74.320964161215102,82.720578994276451,86.213787620483785,75.651491507022257,39.473953301283281,98.485727945480406,72.1120073950392,0.39637685979915493,116.94200324365508,117.52626792206831,36.908029185884089,38.341681229551071,587.68635692214536,587.68635692214536,324.90506471463624,324.90506471463624,120.63324481444592,112.23963557162131,110.51484464196433,97.423250862052626,320.32912086978183,264.90655766041237
20260811_121452_stage_B_2C_4168a6e9,16,20,223.76021552748801,66.130707542337376,158.1605474744926,13.082318928339202,54.351684386020779,0,0,0,0,0,153.11135051965456,153.79686658575565,41.859834838490201,43.654743637512915,591.38986948515651,591.38986948515651,328.07197186723641,328.07197186723641,93.967914518026689,90.287092855787705,140.5235762403083,116.89947898862826,248.76293700232995,216.27663124325639
20260811_121452_stage_B_2C_4168a6e9,16,21,179.56924487376838,173.54469335331999,38.977317752790988,20.257299529941456,116.26874407816419,0,0,0,0,0,123.9900126613251,124.6095092319278,37.96607954158199,39.474060101388538,588.49927108701729,588.49927108701729,325.66389364356564,325.66389364356564,102.11826895292273,97.131020818952294,133.26766308700331,112.99833609949744,192.59419785217901,178.14084320309422
20260811_121452_stage_B_2C_4168a6e9,16,22,78.33619189232536,121.13406245088856,106.55248551416187,149.24002229200457,127.2596974022438,0,0,0,0,0,84.322960895877799,84.683669235479556,32.198367442054142,33.312614225838161,581.0782658000054,581.0782658000054,319.67186152516678,319.67186152516678,112.13093508102376,103.26561121570607,131.89717476436167,114.95904553115028,146.95962302025401,143.34762048484041
20260811_121452_stage_B_2C_4168a6e9,16,23,347.72083532563136,127.61557740071625,216.83278901512949,143.11905182963116,150.00031613831072,0,0,0,0,0,43.060104954315776,43.159770687908093,22.908164287025279,23.482815292189933,537.52309260384891,537.52309260384891,286.3965041756,286.3965041756,172.78164232043756,147.79162570636325,98.162411739014829,86.67223779802994,193.39375473196466,180.05759717831182
20260811_121452_stage_B_2C_4168a6e9,16,24,514.0091443984029,151.96384048278273,335.90367167444009,174.54527362961622,260.89856892275799,0,0,0,0,0,32.861343517346739,32.919187136478605,19.302254300835472,19.710921738522522,409.16408672309916,409.16408672309916,215.31489841610329,215.31489841610329,212.14555501053616,167.74073143805273,75.892282087060181,72.92182828194106,299.99999636693582,250.00000182595809
20260811_121452_stage_B_2C_4168a6e9,17,1,870.2399997617274,346.69953069148727,486.39999191535816,394.24999950231654,470.63999926234777,0,0,0,0,0,299.99999991179249,299.99999991179249,149.99999991179251,149.99999991179251,629.99999991179243,629.99999991179243,359.99999991179243,359.99999991179243,4.6425029912990538e-07,4.6425029572758579e-07,113.2368848322896,88.533595668634092,174.1812358599949,151.62934038974549
20260811_121452_stage_B_2C_4168a6e9,17,2,796.31999977447424,294.65049171947203,492.79999181014188,417.9999994776494,423.99999932670721,0,0,0,0,0,299.99999991179249,299.99999991179249,149.99999991179251,149.99999991179251,629.99999991179243,629.99999991179243,359.99999991179243,359.99999991179243,4.6425026216981924e-07,4.6425027125121014e-07,102.76311321578214,91.46640630993366,59.999999371395546,50.000000463199989
20260811_121452_stage_B_2C_4168a6e9,17,3,1170.8677246902789,588.04165826137353,969.09220075798498,643.89437197692371,787.00005543392751,0,0,0,0,0,24.884531543372923,24.79678078586333,13.616160615862698,14.009850408157313,589.69923516820495,589.69923516820495,326.48651946199942,326.48651946199942,150.7400140743824,143.49777212438303,82.21044793797526,73.452494526636244,104.32106988503391,97.534112567771075
20260811_121452_stage_B_2C_4168a6e9,17,4,1208.1561337294925,688.01219459198705,1076.1069101699213,660.52954474483329,799.65362056789581,0,0,0,0,0,16.482795584134518,16.44517999232087,10.33963584947778,10.568868883530545,498.59044898923833,498.59044898923833,261.10232382608945,261.10232382608945,205.88234083937164,172.26820995609526,76.046490664245653,66.423630386969904,205.11907590241762,178.77146776495692
20260811_121452_stage_B_2C_4168a6e9,17,5,1348.1893932086614,577.54538447512368,959.44940722189074,737.8430778292485,794.97224238335832,0,0,0,0,0,16.095388998365532,16.059590703724247,10.159967078847332,10.38093017769055,471.7916091365496,471.7916091365496,245.75838459233205,245.75838459233205,192.00982968516936,156.78216098852906,91.153914975654786,81.842706163367907,276.64579486834248,228.93907247311319
20260811_121452_stage_B_2C_4168a6e9,17,6,1435.5166225169023,680.46251413154926,906.59694473652712,674.59788259603943,747.17898355667262,0,0,0,0,0,16.195995475135938,16.159719926997063,10.210203791016056,10.433560176822516,481.66089654831478,481.66089654831478,251.15427117498814,251.15427117498814,179.1107761678177,147.38047401958153,102.50668792395757,91.001799909173428,323.94917350386999,260.46838808054389
20260811_121452_stage_B_2C_4168a6e9,17,7,1382.9026531056038,723.60646727686571,936.97570918470581,759.29634143710587,871.3474999746129,0,0,0,0,0,16.446674227584126,16.409183337294024,10.32960205724352,10.558763258750282,499.27666656433877,499.27666656433877,261.50194933611215,261.50194933611215,173.20890209659078,144.70272497780979,105.66356565286293,92.817935760869091,362.43322355428722,287.56980082627354
20260811_121452_stage_B_2C_4168a6e9,17,8,1339.8789370008576,667.15766863231102,999.13600226080325,800.93075181083225,863.04156717381136,31.506798159913693,58.131265361617949,47.61566694249229,48.237297900578362,46.135326405131089,16.841901482141964,16.802578752745362,10.502112417240051,10.738674670314701,516.8554106043614,516.8554106043614,272.51323978628704,272.51323978628704,178.2120395317248,150.78314460375952,97.918510223590914,85.682824159803928,414.02571443996072,328.07149301431946
20260811_121452_stage_B_2C_4168a6e9,17,9,1377.7953046856469,689.59869481676753,1095.9032679331383,833.14787420135599,879.56667819789652,93.654839903300456,11.086929477892417,37.893733825407324,25.868184768222861,31.65188021961001,18.042682238973601,17.997233726162097,11.023146352355953,11.2840600284987,547.91897650171279,547.91897650171279,294.07659634779975,294.07659634779975,176.26993787499734,153.16186888216589,91.307624289979685,79.6185263929288,471.21574264970303,377.45214568279226
20260811_121452_stage_B_2C_4168a6e9,17,10,1380.1156705921153,731.74434956110485,1065.7511696210856,806.3459594719161,925.21595593824713,91.690808711042379,37.891981532198407,18.01736585884731,16.598359039874211,62.464278656599902,22.614077925999393,22.542298736520763,12.805250532350943,13.15706053410223,583.7786796532373,583.7786796532373,321.75181761134155,321.75181761134155,146.28481300147467,134.48166860201292,90.960416714183978,81.790483648142725,501.80494466860353,407.60733226000087
20260811_121452_stage_B_2C_4168a6e9,17,11,1186.6870671251606,642.95434164061248,863.93105453025055,641.21478025448209,722.3102301498219,107.00183718161013,101.14313430534138,87.913535457602379,93.563214892815211,59.495415065566227,93.393200458208455,92.375058280085298,24.630923634177918,25.945579441656086,609.19497245039406,609.19497245039406,342.71261252886001,342.71261252886001,45.167834944681886,45.264775456256253,211.00281086411323,173.05525716092401,308.00842849202473,256.06201110293802
20260811_121452_stage_B_2C_4168a6e9,17,12,1250.2616623426641,701.03194640925813,884.34702007681415,693.68649454967965,705.57330259885111,152.94283400725033,37.739046651854707,35.513295506230968,164.26371633558836,43.524597686920515,74.114129905120507,73.420856893013621,22.838620963575089,23.962419345455185,608.20029636311199,608.20029636311199,341.85830092389773,341.85830092389773,53.809222996528852,54.141870802694385,178.13884105602835,146.4751148968958,158.50468357109136,142.03956716214566
20260811_121452_stage_B_2C_4168a6e9,17,13,1016.8534240815029,613.74589853274665,856.7125795603755,739.78552199101478,798.617309334438,232.76918684389727,223.56026401000895,133.63288757787976,80.698397801686724,172.32071049817807,33.952920215756727,33.796005983618407,16.261001385369614,16.827310234519572,600.35950743500916,600.35950743500916,335.26357860225625,335.26357860225625,126.72558333325051,117.44047175717658,77.645574151797092,75.7408908131071,186.28484840235345,163.57944639570795
20260811_121452_stage_B_2C_4168a6e9,17,14,1258.6113008503705,737.81848763578614,913.89592566925455,821.01675301763316,764.93801514656946,137.97565249384044,103.60473256490313,139.75157701632239,152.36047508945859,35.361523189008615,27.881483183000459,27.775396650175761,14.64504519809314,15.100344803286784,595.23503879441523,595.23503879441523,331.02870697720681,331.02870697720681,159.79147811126072,139.91168680761299,68.49614680355198,67.942814064376009,253.99034892076369,214.00794889547518
20260811_121452_stage_B_2C_4168a6e9,17,15,1496.0650465724498,783.72016939732237,1093.7624483453283,761.4087815563089,773.94417808442188,56.448264425167082,85.070697124807083,100.65080477863297,72.412225989963105,134.28591957024111,24.634371994213371,24.551773008699314,13.650328130772495,14.043079681019377,590.09994415255392,590.09994415255392,326.80134757037899,326.80134757037899,202.10796401189927,167.43073788402418,55.40612563797238,55.681904152740522,374.32515471150356,302.82683059916297
20260811_121452_stage_B_2C_4168a6e9,17,16,1562.1664190426256,675.27555130215046,1146.1376699390992,793.56369289957524,806.13046825395702,30.483996940454997,98.293611361338137,150.50192110158525,8.1721166109713508,130.27774360578243,27.493652701619613,27.390800113150728,14.573894375580464,15.022642860574013,594.81953444169005,594.81953444169005,330.64675466851099,330.64675466851099,181.37615781002935,155.65548299393154,60.772420047277222,59.842461427818712,470.03878557688876,376.42514148501391
20260811_121452_stage_B_2C_4168a6e9,17,17,1324.5733404747753,749.02798896049228,970.76663840367928,791.79026747741057,993.20135887897663,51.50474440159654,75.885510515312234,27.732851740514466,88.742757911077845,104.69877552828976,46.944338067848186,46.650094102267893,19.231346054654239,20.010286446420029,605.18455873868561,605.18455873868561,339.25365485863693,339.25365485863693,102.12103928999643,99.482713423970864,82.47481941347948,79.492207142527235,470.30903270068615,377.63490896377965
20260811_121452_stage_B_2C_4168a6e9,17,18,1193.3677206501814,693.65360353862889,1108.9491460196869,750.97718248413355,797.41560824936744,69.711739585179544,102.58674048305708,5.7361537303621644,13.684289808673013,33.91850512791715,173.24025383326654,171.82352853155251,31.56071345213055,33.642838394756026,611.75963479042275,611.75963479042275,344.77724765769312,344.77724765769312,49.288699888821093,50.095241134513621,166.97555333199071,139.06659890622004,329.14047000952417,268.20218275570858
20260811_121452_stage_B_2C_4168a6e9,17,19,1458.2330064914809,755.48089133536439,1171.9657270058547,728.67893769054888,994.00538682771423,92.382433327859445,51.027871921438646,16.366940261950507,102.3006961579338,47.40829076012492,79.899830173815062,79.11446872021196,23.802773019917478,24.987402164363409,609.27927656287989,609.27927656287989,342.5754402806362,342.5754402806362,107.35255074520634,104.59500006831649,66.714492572248332,65.868968695664691,351.63055171104469,289.14993982201042
20260811_121452_stage_B_2C_4168a6e9,17,20,1299.0623111117245,833.21435660850159,1222.2281202564968,905.34202155098785,946.68223702272917,0,0,0,0,0,128.27330761382905,126.83313466545337,28.069916962538798,29.698890003532551,611.01227500718539,611.01227500718539,344.06886139783489,344.06886139783489,72.411338039761944,72.926157019797046,91.76108429705296,84.00984215666891,314.84399561677145,261.43921207686247
20260811_121452_stage_B_2C_4168a6e9,17,21,1459.367584304641,708.62187152751198,1034.0183591670336,698.33437481002011,780.571134151514,0,0,0,0,0,200.15303288867602,199.04243776042503,35.324143692554337,37.861064445898577,612.66635481336039,612.66635481336039,345.49974478009926,345.49974478009926,47.893275344270592,49.133191723232976,165.6706834421646,131.72958169014458,173.86940626865405,159.29288274983364
20260811_121452_stage_B_2C_4168a6e9,17,22,1329.2823973132297,667.35857260815476,1054.9049894629566,868.42216281563833,948.59588649039495,0,0,0,0,0,94.875213004230559,93.835635819753037,25.441059403290563,26.781997346546888,609.96413605381213,609.96413605381213,343.20339488991578,343.20339488991578,67.994480767398827,67.426711307174855,108.78876044108227,100.79945548183943,114.18803846922168,107.97752794646934
20260811_121452_stage_B_2C_4168a6e9,17,23,1619.700899568966,702.78054146611771,1007.9336679746137,913.55590015122812,857.97703553540759,0,0,0,0,0,32.490197809196609,32.348933108525436,16.224687623940518,16.765254708860148,600.16705522393534,600.16705522393534,334.98690121284761,334.98690121284761,143.98068262823446,132.40332371615136,69.145066086983377,67.153909436980342,166.94280162687326,152.52506436102743
20260811_121452_stage_B_2C_4168a6e9,17,24,1438.1547351406286,707.61714908637748,1062.0731051694943,852.14763724677027,992.62410646678734,0,0,0,0,0,24.160455283429112,24.081096070080196,13.633403050508925,14.014003889898524,589.64791718901688,589.64791718901688,326.32608788931168,326.32608788931168,211.58516756282347,172.49263546948578,51.632510459830677,51.991591011845898,299.99999636693582,250.00000182595809
20260811_121452_stage_B_2C_4168a6e9,18,1,1224.98669444606,697.69195932651451,1091.382820274629,775.90671509771937,765.37825475321347,0,0,0,0,0,1.8983143009977923,1.8985332350035116,1.6809042566871317,1.6814426374592253,510.23293889883468,510.23293889883468,268.15668403508045,268.15668403508045,146.0304142235241,127.07789133482522,133.02808641475497,110.79533494747864,283.61838426282424,241.26417630788009
20260811_121452_stage_B_2C_4168a6e9,18,2,1378.4896924537529,609.47622686114448,949.04497721811049,723.23218793784542,746.50511029417316,0,0,0,0,0,1.9090462556450873,1.9092920337035084,1.6826364497138646,1.6831792973413402,499.02389737858232,499.02389737858232,261.1743858872635,261.1743858872635,151.76809788454261,130.26908344504872,128.9510247481773,108.75724124829094,276.93075597204893,237.66497224365617
20260811_121452_stage_B_2C_4168a6e9,18,3,1392.1030497043193,590.7783958385113,974.17236157905847,708.01106401321658,715.10376349471187,0,0,0,0,0,1.9324712706263183,1.9327650171650068,1.6867263843422244,1.687278056602795,469.10412368541733,469.10412368541733,244.17065621279514,244.17065621279514,166.26041774212894,137.89302925502156,117.66801930187823,102.52799254029075,295.82288827121135,247.84870686174136
20260811_121452_stage_B_2C_4168a6e9,18,4,1296.111178647657,581.04808666993824,935.35911192257015,664.13738464975484,791.65069207578654,0,0,0,0,0,1.9299638347635339,1.9302533411063747,1.6860751751447365,1.6866259936853489,472.56727137221077,472.56727137221077,245.98243618255768,245.98243618255768,162.7678860699896,135.72706217695659,121.07227008801668,104.78389073898612,307.7892411919612,253.57651755546215
20260811_121452_stage_B_2C_4168a6e9,18,5,1283.2396766990648,584.50118250241815,903.58364322157524,702.0376041380365,765.61524797026834,0,0,0,0,0,1.9247830069121912,1.9250629108456558,1.6851392139949879,1.6856881990960357,480.12142082297629,480.12142082297629,250.12447304038514,250.12447304038514,160.36587140758306,134.56751054409628,122.62823364344116,105.61533271930251,315.86493252162916,257.33690735703487
20260811_121452_stage_B_2C_4168a6e9,18,6,1303.5502689708956,654.00330033989042,1024.9026915864119,709.91817193872782,730.71332349497391,0,0,0,0,0,1.9296818346027116,1.9299705003712586,1.6864167911166288,1.686967617822958,475.03580805002912,475.03580805002912,247.38431023384922,247.38431023384922,169.09060944000103,139.79978817363215,113.78656901726542,99.942798953798899,341.6169598873351,272.10916232019395
20260811_121452_stage_B_2C_4168a6e9,18,7,1383.5032802820033,698.03324524777042,1048.5119005378126,754.96464472381422,748.49881903616995,0,0,0,0,0,1.891021586748588,1.8912128458102271,1.6803094973678969,1.6808440288827518,520.00506685360074,520.00506685360074,274.46796198786853,274.46796198786853,142.27429700697493,124.406799550165,134.81229479447074,112.26746629335207,319.87238853308958,259.33365270050672
20260811_121452_stage_B_2C_4168a6e9,18,8,1369.27489008471,688.67190445259314,1123.6556443242,745.80198836567979,904.97700111093218,21.225642404223368,72.100954217486645,21.091119960637087,38.441003789410594,2.7932206295171573,1.9034142471340714,1.9036266892384195,1.6842253368897093,1.684764561391132,519.03096974915093,519.03096974915093,273.8142841989017,273.8142841989017,151.0929498572319,130.66199431683117,124.90843647349175,105.94659963042068,317.06889176738525,259.21100355185393
20260811_121452_stage_B_2C_4168a6e9,18,9,1411.5258180584362,726.84255355964524,1027.3203179830857,749.01523401746567,808.77098740174551,153.13010599239047,139.45951362870153,71.630801918343479,28.074772139835719,18.225750401790762,1.8973410368791011,1.8975199224013646,1.686394520380134,1.6869307438751233,539.26558754287498,539.26558754287498,287.43738558793962,287.43738558793962,127.23258625892356,114.52138611332389,147.17417819195376,120.00980659368891,268.05135474269008,228.93602150530222
20260811_121452_stage_B_2C_4168a6e9,18,10,1293.5473868932218,650.91196436591008,949.51621640783628,703.39602148891424,816.52145527549635,376.74483893568333,211.53166558470215,227.24355215214132,249.96374452437408,210.88210747324976,1.9627670529150059,1.9630761768064964,1.6977850925100848,1.6983451397177174,485.84839229209382,485.84839229209382,252.51039361307491,252.51039361307491,180.57239982190606,146.59470603022919,101.24707530257092,91.621532175746552,318.06976424621564,259.06955451501238
20260811_121452_stage_B_2C_4168a6e9,18,11,1166.419892709147,453.63838780620097,717.13688930231922,635.1626977264865,726.61839064270305,565.14224062412381,514.16607981440245,456.4472608519975,461.76353219057211,289.62367649747966,1.9717497180108614,1.9720684453071664,1.7021603959792762,1.7027239998343062,499.28624413651806,499.28624413651806,259.96347228690945,259.96347228690945,178.39888783174629,146.68470194798061,101.89060198179943,91.225804226506881,365.41698331501021,289.72378157207612
20260811_121452_stage_B_2C_4168a6e9,18,12,664.99994963134372,308.00091842739369,537.74101049506783,373.24216946596812,382.67629365671451,788.27849673881474,689.13101057455935,589.71411085003444,507.85541764408805,447.29101993802783,1.9727872037559815,1.97310249605652,1.7094068856828672,1.7099736937949579,539.64861146542626,539.64861146542626,286.43573907645407,286.43573907645407,155.96485083957117,136.80408351790729,115.63263951067788,98.671926061736031,377.30463850320433,303.2119833362637
20260811_121452_stage_B_2C_4168a6e9,18,13,548.44344000786361,263.03272953709723,383.03202269170413,273.76249311572906,265.67941689456364,896.41605045213544,703.7516258348528,695.92457750030383,541.37118672111001,506.3379754992485,1.9882664454671903,1.9886005639292665,1.7148446205935837,1.7154168795479399,540.350184111462,540.350184111462,286.58006972357805,286.58006972357805,185.50516441724952,158.98278745095132,88.306471022326846,77.162326411646504,446.14098534281032,360.56057380695711
20260811_121452_stage_B_2C_4168a6e9,18,14,486.69585652716188,255.21523706319613,343.53656269156482,177.9384961497002,267.1167327011741,922.04560941158184,705.09221783346845,622.1277068975221,680.63112560426714,611.27787944888678,1.9962231322087807,1.996570344220308,1.727975403548123,1.7285563289210275,568.58709786317308,568.58709786317308,308.02562331895672,308.02562331895672,193.73047312303626,174.88246873353003,73.722588608381287,62.53816134650372,538.58442381089696,448.46794972657443
20260811_121452_stage_B_2C_4168a6e9,18,15,223.38801799161641,250.50100126163804,231.21546486674833,219.60445611507885,222.97471877697939,874.55521166480708,777.40448329134813,632.36799995819217,672.2907861916666,626.56003482211565,10.272346553022894,10.310091631239285,7.5374158710576555,7.5492443099920141,627.8638777484523,627.8638777484523,358.12400509497229,358.12400509497229,14.282588720924879,13.553878846230342,20.094948917005137,19.23447965779733,529.11103264083476,439.2947966239625
20260811_121452_stage_B_2C_4168a6e9,18,16,431.36310330694499,192.25742874475995,169.78594213601755,230.91449602327424,168.91900603484672,744.79275976865404,555.96423521473878,614.79027953689763,523.49211069394539,458.74213667617312,154.05681658985517,157.49631433341705,36.096147842109396,36.376688909745873,627.55818152843506,627.55818152843506,357.96310627288284,357.96310627288284,9.5995290302975302,9.7510305697478383,31.724149358426686,31.536368827602686,502.50155392540631,413.03031432828794
20260811_121452_stage_B_2C_4168a6e9,18,17,491.73470049347753,226.57634998478198,554.5047794700655,389.30421744212322,369.99964231177387,505.45276923334734,507.41288120168559,501.66306103969549,284.45249987814583,297.47339786594341,151.87999901779824,153.66665728224783,37.913570806692285,38.211742618215744,627.5237758533633,627.5237758533633,357.93216838035431,357.93216838035431,11.483325824121447,11.930848166887206,20.734811234264402,21.521205643314861,489.79786801793279,399.85562696369232
20260811_121452_stage_B_2C_4168a6e9,18,18,548.78593382675899,166.69448480815532,305.25404921022761,255.55307941690097,374.2357868305258,131.1900084055851,89.062882540627115,85.715905374310424,162.01957212360199,90.063055239064767,114.98975556672933,116.76010417108159,32.846155533984167,33.060743592643561,627.52119114133279,627.52119114133279,357.93268770077231,357.93268770077231,13.881337603348818,14.482332573817901,15.158386632768982,16.066009219990239,485.44842004675894,395.03860492458386
20260811_121452_stage_B_2C_4168a6e9,18,19,619.27716089847593,230.99172150105426,301.43019849952066,316.27458907558753,370.01562026016609,17.890928145562075,67.505028381113888,95.300693810599512,92.42423544155892,54.851428031077354,100.09052048731931,101.41991137049037,31.321622844517385,31.514147469168108,627.54538109456314,627.54538109456314,357.94547042320426,357.94547042320426,17.913897237038327,18.611164425495325,12.173941886850326,13.061610523936807,488.04432546359322,397.27575232537777
20260811_121452_stage_B_2C_4168a6e9,18,20,555.54971568785504,305.88558911755854,295.07537796734323,284.05624193728147,322.41701201139688,0,0,0,0,0,197.27347182203476,199.42293480690361,54.976317099428783,55.412782712679864,627.56721256463447,627.56721256463447,357.97824433488336,357.97824433488336,17.381141935129584,18.314256094454009,11.902014078409836,12.63302698965536,490.46289311808806,399.72188615521361
20260811_121452_stage_B_2C_4168a6e9,18,21,243.69306194386698,226.83977421516178,337.47991359876448,158.09973757536363,135.27581798245089,0,0,0,0,0,289.37085485542673,289.41636593814525,138.56500033761682,138.59625672926725,627.82436957400444,627.82436957400444,358.20639073682071,358.20639073682071,7.5638447208658945,8.1313165015453528,73.870854838240817,62.426002586456676,415.19162576882201,337.67784591054152
20260811_121452_stage_B_2C_4168a6e9,18,22,184.98479392718119,82.420705481930412,148.3045936722809,181.8343003866116,215.74114455181066,0,0,0,0,0,290.20370004670707,290.24012705937611,139.81398154826047,139.83844460911928,627.83659964081471,627.83659964081471,358.22247962662487,358.22247962662487,7.2423942924156837,7.824941688372375,100.41901408579405,79.14837207683756,310.13309831444747,256.77765778914591
20260811_121452_stage_B_2C_4168a6e9,18,23,127.89070760632211,139.61348401197392,244.12499797863219,110.64027929232836,118.31133115913443,0,0,0,0,0,287.57368809449383,287.6352666250047,136.47172104467163,136.51548678318028,627.77101737377416,627.77101737377416,358.16558180418411,358.16558180418411,8.7410468982091931,9.4152515911810291,29.724791649495188,27.781345888236885,284.97249424561892,234.38322212316788
20260811_121452_stage_B_2C_4168a6e9,18,24,334.08706853687517,135.91988470768609,163.42303726636854,148.41187419848151,136.13433499241088,0,0,0,0,0,197.2507085415981,199.3448095531248,51.230933922411836,51.631837157514319,627.57717310218777,627.57717310218777,357.98347644421398,357.98347644421398,28.226759349227489,29.541316059076561,9.3389231636889907,9.8733642753408173,299.99999636693582,250.00000182595809
20260811_121452_stage_B_2C_4168a6e9,19,1,252.49694681552356,146.35717197353964,209.68198247269152,83.920725815446275,189.08743588249251,0,0,0,0,0,130.97721483067102,128.58172424387291,50.427169009987956,49.970638945769736,626.27034030202014,626.27034030202014,356.84272009984306,356.84272009984306,23.68239012352598,26.281007750048396,21.185921230547134,21.050345849305742,297.77423499972349,250.26363563510631
20260811_121452_stage_B_2C_4168a6e9,19,2,108.39934058667099,68.163930323438095,112.69912395265955,49.935514237653685,64.41178958016468,0,0,0,0,0,237.39957333668445,236.32700482785813,94.218951264158832,93.695428789016105,626.26020342712218,626.26020342712218,356.88655858616306,356.88655858616306,16.815527443672671,18.637824560692653,33.300137179817639,30.609033899672845,275.90805727700939,233.0276400734266
20260811_121452_stage_B_2C_4168a6e9,19,3,71.483782549351062,14.690661280194641,154.78278881526077,71.649334169521708,120.37420021321282,0,0,0,0,0,192.27737846304646,190.11014451849235,69.821258557324995,69.200980029780652,626.21097444253462,626.21097444253462,356.83304632915997,356.83304632915997,19.598741516495505,21.712453684241449,25.789107015920308,25.043518045242376,264.89236129083287,224.74271722786347
20260811_121452_stage_B_2C_4168a6e9,19,4,212.24352938164415,3.8218866312259614,147.0863561996814,104.76394490835754,68.541193648703185,0,0,0,0,0,138.76267648765543,136.28901382832458,52.407598454280752,51.925182282990711,626.22280019859727,626.22280019859727,356.81894255899152,356.81894255899152,22.205944126178011,24.57656454211093,22.504027938044892,22.353613392202703,259.87323551767651,222.02427710220471
20260811_121452_stage_B_2C_4168a6e9,19,5,36.301770701476521,67.185106163256577,161.12853243321888,121.81437913319549,126.67632999877259,0,0,0,0,0,135.36763751023474,132.93423742078033,51.553647102650153,51.082078032837735,626.20547785350288,626.20547785350288,356.80749602497178,356.80749602497178,21.863833123747444,24.133481617131537,23.047304007775949,22.88034447973024,253.94256976485357,218.321805580145
20260811_121452_stage_B_2C_4168a6e9,19,6,120.0748695840051,123.50838150806409,2.6189995153224825,85.855412171628473,98.173054809367287,0,0,0,0,0,196.37404142194362,194.26802488496611,71.569906757179595,70.946649392212507,626.20116449312184,626.20116449312184,356.82828570256868,356.82828570256868,18.114720590061154,19.83282444192664,29.89296303617957,28.606341559737981,237.03141492237577,204.38652362261459
20260811_121452_stage_B_2C_4168a6e9,19,7,297.85164135381473,33.070607190805212,18.4239432387328,118.14833524225436,7.7960787024744036,0,0,0,0,0,250.9286056572036,250.22486374846258,104.70729275784326,104.31589253537145,626.27800784251122,626.27800784251122,356.90945390027309,356.90945390027309,14.21566342894659,15.633945611763409,58.454224010462056,49.553201117717805,184.87637421902551,163.39796232018122
20260811_121452_stage_B_2C_4168a6e9,19,8,277.64943941383581,132.28023021450275,167.5291066232746,20.599494262740837,103.42361298856318,104.18640484635119,66.628089932678819,53.243172016717061,63.042328341485913,55.559471519426829,145.61421374212955,143.13296613920085,54.238612389930651,53.736121190906346,626.26748661753584,626.26748661753584,356.84239822371137,356.84239822371137,18.103091983128316,19.444160967576561,30.458131247661036,30.00608839880535,167.32678895088412,147.55760897010529
20260811_121452_stage_B_2C_4168a6e9,19,9,118.39486724329534,99.759117959335683,170.11693439379957,24.370609401913331,2.9535291345108474,137.07674395150323,233.64106059827148,104.9471813949642,171.98027953555339,84.499629175604156,183.38841777335622,181.17016948761781,66.492971954249569,65.892389902310015,626.33842078873158,626.33842078873158,356.89315064305072,356.89315064305072,15.334806894353662,16.40408060120193,46.681707654312532,43.910135071393832,129.25955109545532,113.53224254297197
20260811_121452_stage_B_2C_4168a6e9,19,10,56.326275505182956,57.478408203560726,23.327637433825139,65.882548421493709,56.875856843092969,368.2218074491139,328.39412051874177,236.08211992927787,331.98251237690101,269.00857469801099,159.87576168059786,157.38948612907558,57.033945575075357,56.486355145985698,626.26147451529789,626.26147451529789,356.81904956638795,356.81904956638795,14.442516171047851,15.383649037851695,71.788003617458202,67.511703518134397,62.493367185555933,52.364522768000505
20260811_121452_stage_B_2C_4168a6e9,19,11,59.254528826338394,24.113328568920874,71.371390910667913,116.39832855454644,6.1674383081403841,513.39387138694303,635.75783575992375,431.34600560647851,504.12279664321881,474.23035171334698,3.1112858547204887,3.1121014802491733,2.781424384865852,2.7801303806812472,570.9887404006098,570.9887404006098,309.75107001288484,309.75107001288484,185.30621123133562,169.77932459375512,78.549141129470087,67.115955489588671,141.99213381656898,130.5926310250594
20260811_121452_stage_B_2C_4168a6e9,19,12,79.965224025975886,1.7817238082587665,40.344537922602477,1.4366634652745203,94.306004598684765,721.16206085986016,564.7930390829647,619.39663028410985,445.27433514155325,365.69316386181998,3.1039164419253922,3.1038443799275885,2.73222475309709,2.7308413994390786,522.14368758257581,522.14368758257581,273.11643681626265,273.11643681626265,193.36031481449672,163.35308624699715,85.460059073253476,74.908883165068957,221.06079595711216,194.37831624172463
20260811_121452_stage_B_2C_4168a6e9,19,13,128.43139827688535,41.955627684945519,78.817111553129948,30.571631574492805,110.16129314160642,777.83135240638023,693.50114573176631,536.46553509290561,485.88499644411996,492.71376014945457,3.1131447509385097,3.1127846798296037,2.7250843432016087,2.7236622261847279,498.23798339610602,498.23798339610602,257.7615429315515,257.7615429315515,186.3660706330806,153.64470525897718,95.020461772001738,84.98273340890043,283.21196866910498,238.23329163158144
20260811_121452_stage_B_2C_4168a6e9,19,14,78.954269180877347,41.565776128519346,48.740258731515894,62.19617972431594,50.847119474559456,870.6654671243017,760.83868309398372,618.73693423671307,631.53026399634746,489.04864621929227,3.1092388933336159,3.1089175770160451,2.7245365866207578,2.7231192201953882,501.23637270372808,501.23637270372808,259.50808180044299,259.50808180044299,179.30832234548782,148.91520617502292,101.60848921050311,90.33672011407171,331.69113743504056,271.8828437290224
20260811_121452_stage_B_2C_4168a6e9,19,15,179.41989562722841,70.974319124472913,170.87831164089394,79.895985820081847,52.37345887276237,659.88991110614631,547.60109778084131,515.1716927109195,380.64120750668746,373.89894851281963,3.1196753751664357,3.1192312231016897,2.7258890733569725,2.7244535048883862,493.8321513807411,493.8321513807411,255.24711570573419,255.24711570573419,193.04447405272117,157.50281407134213,89.136449215032428,80.818226856713409,406.39066495467586,323.83734655243768
20260811_121452_stage_B_2C_4168a6e9,19,16,91.815500380487691,108.35036365210128,186.90431872580504,5.3923852711519462,131.46477271738843,568.82403757993984,486.19436553434588,500.58861379126677,390.77510524627701,406.50467301300364,3.0995032752472134,3.0996293249656568,2.7406187567566751,2.7392559185905063,539.38694740640153,539.38694740640153,285.76632703036796,285.76632703036796,188.31402580729963,161.94256224256756,86.281763936634391,75.175132052365967,480.00466158498517,386.05772806811967
20260811_121452_stage_B_2C_4168a6e9,19,17,43.176161778456375,60.063780050042652,65.466699402586272,63.181192841115831,110.89005920988052,575.88661280797396,461.51640477145696,471.01732667569547,365.2790220487708,394.65739658101063,3.154685593561378,3.1559382857535301,2.8435839960767177,2.8422840109896184,588.42577624763703,588.42577624763703,324.57243766293777,324.57243766293777,142.72897400089852,132.0507809931332,93.176893547471138,82.475285572039311,504.9308564663815,413.26422477078472
20260811_121452_stage_B_2C_4168a6e9,19,18,395.91303139282144,171.38801374885193,133.36160183296749,138.72149319505141,189.36378934067122,152.98584012983056,125.76975138449238,88.277699939402439,42.092193403734257,36.619544122673524,3.239665911244535,3.2490261772448625,3.2274499479950451,3.2267609987483095,613.28304379623023,613.28304379623023,346.07225660364469,346.07225660364469,26.519274559909473,27.491422899176435,263.19921797530452,214.66501715830188,236.35462804218386,199.48981964859698
20260811_121452_stage_B_2C_4168a6e9,19,19,780.76977557423902,363.0175022186279,489.42309042976552,460.45585054168453,467.87633320816428,69.309268389898207,3.517044310022865,42.054296942190547,115.32979299583836,96.183529758173677,3.2494816922358942,3.2527103990748518,2.9981933149724225,2.9969431549351548,602.4183103668222,602.4183103668222,336.88877213190528,336.88877213190528,149.73257779265734,134.36751965826716,63.28719692459817,61.764922599048212,300.79484036157749,251.79289556431721
20260811_121452_stage_B_2C_4168a6e9,19,20,703.11998806071017,382.05636691416049,584.2610019328722,359.728041342474,410.23145889782535,0,0,0,0,0,3.1043688390289281,3.1132949292812659,3.0839003893431212,3.0833302118861741,609.18696791963987,609.18696791963987,342.6675341999649,342.6675341999649,44.592569853471616,44.545106375044902,216.15191994210292,177.49500052962242,100.75935329403208,94.666824046721516
20260811_121452_stage_B_2C_4168a6e9,19,21,885.01785366484046,424.20514631998827,543.17223012931936,403.24324332497406,522.33111807926934,0,0,0,0,0,3.0377751908768142,3.0411176109065896,2.8296184827538289,2.8286223485632092,586.10126615595163,586.10126615595163,323.59257249698618,323.59257249698618,136.66634674124558,125.20708666437261,96.294450938188206,86.484580010062857,116.76523098538844,111.25922425569817
20260811_121452_stage_B_2C_4168a6e9,19,22,803.46815545141703,413.84476811188426,636.27003810635495,400.49998601195784,635.50786231789812,0,0,0,0,0,2.9784737481532191,2.9801143172867226,2.7135372175299994,2.7124351322894911,534.80714442648582,534.80714442648582,284.53297847301911,284.53297847301911,175.51886841612011,152.37878328142151,96.181360860519149,82.060674623240786,167.86403382598627,157.22160184982118
20260811_121452_stage_B_2C_4168a6e9,19,23,953.49808752626132,459.5034435171109,785.64270792722402,512.81760840021298,536.27933127121651,0,0,0,0,0,3.0614627548070925,3.0611918607092758,2.6905761219581135,2.6891972288106931,407.09197364527944,407.09197364527944,214.601043276665,214.601043276665,198.95431577669376,161.77760479605115,88.815808854396337,79.28647126614986,248.23868596457021,214.72536698165626
20260811_121452_stage_B_2C_4168a6e9,19,24,1100.7687141976264,473.01725845559201,711.24332376446944,469.67277641740679,524.15715611538485,0,0,0,0,0,3.0630969433405992,3.0627814257860764,2.6901005394601198,2.6887138424960093,403.04299382775446,403.04299382775446,212.88766849869697,212.88766849869697,185.08953837883217,151.18885968677435,103.33734672472502,90.715804986415577,299.99999636693582,250.00000182595809
20260811_121452_stage_B_2C_4168a6e9,20,1,860.14666634868513,342.67936895178826,477.65907871634693,428.82690803225921,485.39934374747332,0,0,0,0,0,5.5027537695098268,5.5256684499503512,4.3978331551384198,4.4218678292834168,401.12771524815003,401.12771524815003,211.86807696679958,211.86807696679958,165.46711311316358,137.29170646039918,125.43411351827638,106.77363262495324,309.54916092625376,254.92516805703602
20260811_121452_stage_B_2C_4168a6e9,20,2,867.77007256762545,303.45712701484695,451.21000203671861,409.94265025455741,416.13341634976172,0,0,0,0,0,5.4995266994017227,5.5224025037087934,4.3996567886787412,4.4237096636807198,408.34753196518568,408.34753196518568,214.85364403876682,214.85364403876682,166.33770708440889,137.9941444341365,123.88028097987767,105.69065465178322,321.60834065791329,261.68583732355523
20260811_121452_stage_B_2C_4168a6e9,20,3,660.46347878343261,296.16100165427736,530.25906748752539,298.94149130346699,368.71192039539454,0,0,0,0,0,5.4556721880402357,5.4780784937429789,4.4064127739294747,4.4305534686373482,458.18799883339864,458.18799883339864,237.69845326047155,237.69845326047155,152.77822561121968,130.3188181950546,135.01086800851951,112.00559506156705,309.09666814298936,254.52211251958545
20260811_121452_stage_B_2C_4168a6e9,20,4,631.69270732934581,267.54735965702787,535.99285724329741,330.94073563234912,443.70406839126832,0,0,0,0,0,5.4806034901518608,5.5032882570054706,4.4051215979960574,4.4292440671303552,437.01070981633393,437.01070981633393,227.47991434758163,227.47991434758163,166.09365130835019,138.36228641414499,121.77054885267751,104.0081548764131,323.28034448419618,263.48355376296809
20260811_121452_stage_B_2C_4168a6e9,20,5,612.09166044998574,355.5143637586383,392.53188246690792,377.93701408233954,329.02531504936542,0,0,0,0,0,5.4602446333214099,5.4826847057299339,4.4139069284405954,4.4381294538491245,468.330633122238,468.330633122238,242.9504924047713,242.9504924047713,158.1046314363976,134.89088716555921,127.35155823177868,106.18650778758123,324.07278140831102,266.90034355910331
20260811_121452_stage_B_2C_4168a6e9,20,6,766.61063055934483,363.45787837043702,564.66205562860375,310.16882780346833,332.27145862021638,0,0,0,0,0,5.4956145963713894,5.5184361323624387,4.4107676616843383,4.4349412112885895,436.79248287973121,436.79248287973121,227.42399003534678,227.42399003534678,181.49196424095379,149.93038022115633,104.87175497237587,91.087033075800861,370.89137703364077,300.62987122947641
20260811_121452_stage_B_2C_4168a6e9,20,7,809.58783071557366,365.85859016979936,628.38242092438077,327.16742038651,481.16913590647874,0,0,0,0,0,5.4826748945702821,5.5053496800675426,4.4194564769951175,4.4437288206699384,459.63838985264277,459.63838985264277,238.71377507601488,238.71377507601488,194.63685139906121,161.72770749019568,89.78412924289033,77.859491814004798,446.30439968958439,359.67426151064711
20260811_121452_stage_B_2C_4168a6e9,20,8,822.59434933857926,285.2365150266815,477.04707620822654,396.38673150774821,428.13212258824382,87.114041593722462,24.620261069011946,48.602834954096117,29.826285244353496,2.8034474527491828,5.581174327351996,5.6044159559179771,4.5431297409577827,4.5687341245873982,542.64710280896952,542.64710280896952,289.8194029726269,289.8194029726269,193.14149737355453,170.43286458149396,80.076271564713537,65.903959694913553,531.15811225387961,439.83721775075441
20260811_121452_stage_B_2C_4168a6e9,20,9,569.10175339470891,288.66417606236297,294.63913388591641,152.02712921702769,174.49976685549058,47.799187840853207,88.795665346987491,87.911863341186276,110.33112246936555,63.017578889584421,14.911264066378152,15.081672634050781,10.687597503727266,10.832015591195132,620.48536305965706,620.48536305965706,352.07638770769131,352.07638770769131,27.920443978066725,27.731065905816404,196.40767845151032,165.82040279884137,338.05575799912828,280.55028506727655
20260811_121452_stage_B_2C_4168a6e9,20,10,123.6565680948312,131.71274006022333,215.20712996899101,80.073947019916574,141.49196485036742,386.83176594984309,217.11753694390083,322.26522233624206,143.53390996527637,179.57139384466109,19.841533027454897,20.165181254812548,12.875980125902778,13.090935266230955,621.56853304625929,621.56853304625929,352.95225913260322,352.95225913260322,19.183846464397583,19.130592869814759,257.93140905839533,213.90563720943732,68.730765307757906,60.094888417401727
20260811_121452_stage_B_2C_4168a6e9,20,11,169.69192515903615,127.10615179799605,155.19227422123808,144.93942604885953,39.218797569355878,500.12825824704942,431.82301684103675,299.73941522536319,401.97365838426174,354.97634243463051,6.1502949753659513,6.1790929932335468,4.9382601035966003,4.9686368244374943,592.72602060894496,592.72602060894496,328.26751729820114,328.26751729820114,153.96433923001752,145.49792964896798,79.598794824464846,70.85084741476733,118.8555652542571,112.3198613072871
20260811_121452_stage_B_2C_4168a6e9,20,12,1.698720613667007,60.993393081281205,10.110278054412056,40.28081339275451,1.0680742126455574,735.22192256428775,669.42857182981948,563.63333145369018,423.99213847116908,375.18057444619183,5.6880286378952585,5.7126485599136094,4.5393391133393148,4.5649621243392353,540.26475543322886,540.26475543322886,285.82159569145142,285.82159569145142,224.34961324824772,183.51869066961495,58.516672179468259,55.066132933629142,255.75169253382649,216.30209076146366
20260811_121452_stage_B_2C_4168a6e9,20,13,1.6909379206348683,28.109576572981897,85.418697959733066,17.49908165649126,12.657203082762672,672.34473834840776,626.95806027029823,535.94443823661425,457.25913155391686,389.30697207250097,5.6533079347231965,5.6774807422089486,4.4852651070901484,4.5101903042769997,496.69606861890065,496.69606861890065,256.53553440729212,256.53553440729212,236.65950440203898,189.16809331718085,51.372469092297884,50.476840811896039,411.66472528199733,330.4679960670419
20260811_121452_stage_B_2C_4168a6e9,20,14,366.11766455780429,28.987366085992221,155.65510493164254,63.170729164549783,137.29458421420458,408.97131698341747,450.1870064773131,348.13880682001661,215.09007334298565,280.45901824156749,5.8227582204368868,5.8485537211717471,4.6718736746159966,4.6990385272462021,569.49497136485616,569.49497136485616,309.25032523635599,309.25032523635599,192.54199209572602,169.22869748090804,73.630898431968205,65.535302979276992,503.14040879929718,409.95682048955143
20260811_121452_stage_B_2C_4168a6e9,20,15,409.74412279531316,126.77451393349816,172.2652082963213,196.28642514839737,262.4719002531973,226.36293972968542,330.83427081561257,200.08521319785052,216.60708984100665,158.93303333352125,6.640132367830649,6.6741638983029103,5.3024572828489429,5.3375829941459241,602.58982854658711,602.58982854658711,336.87252634880264,336.87252634880264,126.8848101253329,123.50326308585677,76.1836220413159,70.960687491561799,532.68826897730139,442.26454894286496
20260811_121452_stage_B_2C_4168a6e9,20,16,216.20293045797439,209.49547046315649,251.52765710195115,120.27164271801676,84.154375855865396,231.60949215157689,283.34357692019506,213.15842765590136,273.66827893066096,140.48250749326644,49.595429356606111,51.642759951129008,20.912388574552562,21.491874928744267,622.39677708653369,622.39677708653369,353.66070258191235,353.66070258191235,30.413562667825648,31.341247349172423,65.437177346065468,66.645860774443165,487.3525005493828,396.42071514107204
20260811_121452_stage_B_2C_4168a6e9,20,17,231.42175532464378,207.03715262736284,172.6833618060821,192.23746024040335,153.82842805962858,343.73090780879016,255.60576363842651,225.75408141681203,176.90935354615519,146.86930256788995,58.394587043374322,61.018947393381794,22.830089339568278,23.499068406612192,622.72245650587172,622.72245650587172,353.87969759567375,353.87969759567375,43.447831397568628,45.025329928058312,35.939913619708612,37.508680283696691,486.52231145196271,395.26720064999472
20260811_121452_stage_B_2C_4168a6e9,20,18,459.48848082293881,140.71401086456999,333.71852874561847,141.53903745010754,152.07859506317064,159.82370579347233,151.73231093883692,45.753666028377296,12.673010654825653,79.410116382317796,132.20559538291837,139.50085865195933,32.451614596131527,33.736318886863664,623.24707118124752,623.24707118124752,354.31663731480552,354.31663731480552,42.618927407857022,43.763050104103819,32.32133508289202,34.107375174854596,488.96675158248735,396.75686221607197
20260811_121452_stage_B_2C_4168a6e9,20,19,98.419565741539614,174.54461254664514,211.78059415876754,98.50651222036953,121.93899147995049,71.016100760790479,113.50608388634613,47.107327968106496,54.949123348715162,16.380092233209137,255.4171875892973,256.96142194680067,78.708554882449548,82.138367047781102,623.791331706351,623.791331706351,354.82333161506807,354.82333161506807,31.514610107024168,33.221500371799323,37.851798592817204,38.280449432399855,475.27234668678983,384.12237984802476
20260811_121452_stage_B_2C_4168a6e9,20,20,165.90074421359168,74.143704862100165,205.98154624910529,19.893000069047208,183.73114941735943,0,0,0,0,0,282.03568821811677,282.29876985638623,127.94388823492204,128.533926571206,624.53049313749034,624.53049313749034,355.46811430563247,355.46811430563247,17.962235322437127,19.376702801132936,152.55302339847645,124.32628214701256,321.93499914534289,263.4210988723641
20260811_121452_stage_B_2C_4168a6e9,20,21,237.81297496047964,98.622567777786614,112.78412277920702,72.476557655665232,145.61802249233472,0,0,0,0,0,279.72370119226116,280.06688851565525,123.76494942666803,124.58880062793229,624.42151858014529,624.42151858014529,355.36570055464125,355.36570055464125,20.483787718518766,21.727255881943233,78.076864685534957,69.101155217363896,253.6183362191934,206.19656781348647
20260811_121452_stage_B_2C_4168a6e9,20,22,93.836289864664607,96.865123538247047,179.09216027362572,71.532391321773105,30.740463803036054,0,0,0,0,0,279.70237158233101,280.04321432249617,123.88570802847377,124.69995733749474,624.39198564821345,624.39198564821334,355.35138735830986,355.35138735830986,20.134716575622836,21.594434625733967,91.395075896445675,80.449649219723256,170.18949680787065,136.24305984362161
20260811_121452_stage_B_2C_4168a6e9,20,23,220.36992899475399,107.62230625064518,223.04888375078224,71.852067352425621,277.98821127233441,0,0,0,0,0,209.47256295687882,214.71451216316893,45.272050189037436,47.464424029727532,623.60334805342291,623.60334805342291,354.62044612845028,354.62044612845028,75.41013903725613,74.484703406838506,22.028097933943211,23.61420918665085,213.58295757035276,177.04128270238661
20260811_121452_stage_B_2C_4168a6e9,20,24,303.99513852603314,90.822778649125482,353.08016406674676,133.15354305122784,131.09829346227417,0,0,0,0,0,136.07002286447752,143.82389026994571,33.587511808418881,34.897277821367545,623.63172016626174,623.63172016626174,354.56116864818949,354.56116864818949,120.80717828139032,108.01501129956171,20.078479491001573,21.829311941431154,299.99999636693582,250.00000182595809
