run_id,day,hydro_id,water_a,water_b,water_c,water_min_m3,water_max_m3,max_output_mw,all_finite,min_not_above_max,nonnegative_bounds,status
20260811_155000_stage_B_2C_30day_full_final,1,1,0.001,16.41,352.86000000000001,34292.82,38103.129999999997,300,true,true,true,PASS
20260811_155000_stage_B_2C_30day_full_final,1,2,0.001,16.420000000000002,352.94999999999999,35013.089999999997,38903.43,300,true,true,true,PASS
20260811_155000_stage_B_2C_30day_full_final,1,3,0.001,16.510000000000002,355.26999999999998,18537.080000000002,20596.759999999998,150,true,true,true,PASS
20260811_155000_stage_B_2C_30day_full_final,1,4,0.001,16.539999999999999,355.56999999999999,18099.959999999999,20111.07,150,true,true,true,PASS
20260811_155000_stage_B_2C_30day_full_final,2,1,0.001,16.41,352.86000000000001,34358.050000000003,38175.610000000001,300,true,true,true,PASS
20260811_155000_stage_B_2C_30day_full_final,2,2,0.001,16.420000000000002,352.94999999999999,35096,38995.550000000003,300,true,true,true,PASS
20260811_155000_stage_B_2C_30day_full_final,2,3,0.001,16.510000000000002,355.26999999999998,18350.150000000001,20389.060000000001,150,true,true,true,PASS
20260811_155000_stage_B_2C_30day_full_final,2,4,0.001,16.539999999999999,355.56999999999999,18413.009999999998,20458.900000000001,150,true,true,true,PASS
20260811_155000_stage_B_2C_30day_full_final,3,1,0.001,16.41,352.86000000000001,34788.300000000003,38653.669999999998,300,true,true,true,PASS
20260811_155000_stage_B_2C_30day_full_final,3,2,0.001,16.420000000000002,352.94999999999999,34556.580000000002,38396.199999999997,300,true,true,true,PASS
20260811_155000_stage_B_2C_30day_full_final,3,3,0.001,16.510000000000002,355.26999999999998,18558.639999999999,20620.709999999999,150,true,true,true,PASS
20260811_155000_stage_B_2C_30day_full_final,3,4,0.001,16.539999999999999,355.56999999999999,18046.400000000001,20051.549999999999,150,true,true,true,PASS
20260811_155000_stage_B_2C_30day_full_final,4,1,0.001,16.41,352.86000000000001,35079.239999999998,38976.93,300,true,true,true,PASS
20260811_155000_stage_B_2C_30day_full_final,4,2,0.001,16.420000000000002,352.94999999999999,34469.559999999998,38299.510000000002,300,true,true,true,PASS
20260811_155000_stage_B_2C_30day_full_final,4,3,0.001,16.510000000000002,355.26999999999998,18698.169999999998,20775.740000000002,150,true,true,true,PASS
20260811_155000_stage_B_2C_30day_full_final,4,4,0.001,16.539999999999999,355.56999999999999,18609.040000000001,20676.709999999999,150,true,true,true,PASS
20260811_155000_stage_B_2C_30day_full_final,5,1,0.001,16.41,352.86000000000001,34452.400000000001,38280.440000000002,300,true,true,true,PASS
20260811_155000_stage_B_2C_30day_full_final,5,2,0.001,16.420000000000002,352.94999999999999,34432.019999999997,38257.800000000003,300,true,true,true,PASS
20260811_155000_stage_B_2C_30day_full_final,5,3,0.001,16.510000000000002,355.26999999999998,18600.150000000001,20666.830000000002,150,true,true,true,PASS
20260811_155000_stage_B_2C_30day_full_final,5,4,0.001,16.539999999999999,355.56999999999999,18654.049999999999,20726.720000000001,150,true,true,true,PASS
20260811_155000_stage_B_2C_30day_full_final,6,1,0.001,16.41,352.86000000000001,35020.419999999998,38911.580000000002,300,true,true,true,PASS
20260811_155000_stage_B_2C_30day_full_final,6,2,0.001,16.420000000000002,352.94999999999999,34750.550000000003,38611.720000000001,300,true,true,true,PASS
20260811_155000_stage_B_2C_30day_full_final,6,3,0.001,16.510000000000002,355.26999999999998,18669.759999999998,20744.18,150,true,true,true,PASS
20260811_155000_stage_B_2C_30day_full_final,6,4,0.001,16.539999999999999,355.56999999999999,18789.32,20877.02,150,true,true,true,PASS
20260811_155000_stage_B_2C_30day_full_final,7,1,0.001,16.41,352.86000000000001,34239.849999999999,38044.279999999999,300,true,true,true,PASS
20260811_155000_stage_B_2C_30day_full_final,7,2,0.001,16.420000000000002,352.94999999999999,34773.230000000003,38636.919999999998,300,true,true,true,PASS
20260811_155000_stage_B_2C_30day_full_final,7,3,0.001,16.510000000000002,355.26999999999998,18581.77,20646.41,150,true,true,true,PASS
20260811_155000_stage_B_2C_30day_full_final,7,4,0.001,16.539999999999999,355.56999999999999,18561.459999999999,20623.84,150,true,true,true,PASS
20260811_155000_stage_B_2C_30day_full_final,8,1,0.001,16.41,352.86000000000001,34220.120000000003,38022.349999999999,300,true,true,true,PASS
20260811_155000_stage_B_2C_30day_full_final,8,2,0.001,16.420000000000002,352.94999999999999,34584.709999999999,38427.459999999999,300,true,true,true,PASS
20260811_155000_stage_B_2C_30day_full_final,8,3,0.001,16.510000000000002,355.26999999999998,18366.459999999999,20407.18,150,true,true,true,PASS
20260811_155000_stage_B_2C_30day_full_final,8,4,0.001,16.539999999999999,355.56999999999999,18439.049999999999,20487.830000000002,150,true,true,true,PASS
20260811_155000_stage_B_2C_30day_full_final,9,1,0.001,16.41,352.86000000000001,35007.68,38897.419999999998,300,true,true,true,PASS
20260811_155000_stage_B_2C_30day_full_final,9,2,0.001,16.420000000000002,352.94999999999999,34816.290000000001,38684.769999999997,300,true,true,true,PASS
20260811_155000_stage_B_2C_30day_full_final,9,3,0.001,16.510000000000002,355.26999999999998,18472.169999999998,20524.630000000001,150,true,true,true,PASS
20260811_155000_stage_B_2C_30day_full_final,9,4,0.001,16.539999999999999,355.56999999999999,18596.889999999999,20663.209999999999,150,true,true,true,PASS
20260811_155000_stage_B_2C_30day_full_final,10,1,0.001,16.41,352.86000000000001,34947.629999999997,38830.699999999997,300,true,true,true,PASS
20260811_155000_stage_B_2C_30day_full_final,10,2,0.001,16.420000000000002,352.94999999999999,35033.019999999997,38925.580000000002,300,true,true,true,PASS
20260811_155000_stage_B_2C_30day_full_final,10,3,0.001,16.510000000000002,355.26999999999998,18274.84,20305.380000000001,150,true,true,true,PASS
20260811_155000_stage_B_2C_30day_full_final,10,4,0.001,16.539999999999999,355.56999999999999,18375.529999999999,20417.259999999998,150,true,true,true,PASS
20260811_155000_stage_B_2C_30day_full_final,11,1,0.001,16.41,352.86000000000001,34465.309999999998,38294.790000000001,300,true,true,true,PASS
20260811_155000_stage_B_2C_30day_full_final,11,2,0.001,16.420000000000002,352.94999999999999,35064.82,38960.910000000003,300,true,true,true,PASS
20260811_155000_stage_B_2C_30day_full_final,11,3,0.001,16.510000000000002,355.26999999999998,18887.869999999999,20986.52,150,true,true,true,PASS
20260811_155000_stage_B_2C_30day_full_final,11,4,0.001,16.539999999999999,355.56999999999999,18021.279999999999,20023.639999999999,150,true,true,true,PASS
20260811_155000_stage_B_2C_30day_full_final,12,1,0.001,16.41,352.86000000000001,34572.199999999997,38413.550000000003,300,true,true,true,PASS
20260811_155000_stage_B_2C_30day_full_final,12,2,0.001,16.420000000000002,352.94999999999999,35060.57,38956.190000000002,300,true,true,true,PASS
20260811_155000_stage_B_2C_30day_full_final,12,3,0.001,16.510000000000002,355.26999999999998,18417.25,20463.610000000001,150,true,true,true,PASS
20260811_155000_stage_B_2C_30day_full_final,12,4,0.001,16.539999999999999,355.56999999999999,18124.790000000001,20138.650000000001,150,true,true,true,PASS
20260811_155000_stage_B_2C_30day_full_final,13,1,0.001,16.41,352.86000000000001,34409.639999999999,38232.93,300,true,true,true,PASS
20260811_155000_stage_B_2C_30day_full_final,13,2,0.001,16.420000000000002,352.94999999999999,34805.839999999997,38673.150000000001,300,true,true,true,PASS
20260811_155000_stage_B_2C_30day_full_final,13,3,0.001,16.510000000000002,355.26999999999998,18849.119999999999,20943.470000000001,150,true,true,true,PASS
20260811_155000_stage_B_2C_30day_full_final,13,4,0.001,16.539999999999999,355.56999999999999,18566.240000000002,20629.150000000001,150,true,true,true,PASS
20260811_155000_stage_B_2C_30day_full_final,14,1,0.001,16.41,352.86000000000001,35023.93,38915.480000000003,300,true,true,true,PASS
20260811_155000_stage_B_2C_30day_full_final,14,2,0.001,16.420000000000002,352.94999999999999,34507.480000000003,38341.639999999999,300,true,true,true,PASS
20260811_155000_stage_B_2C_30day_full_final,14,3,0.001,16.510000000000002,355.26999999999998,18049.599999999999,20055.110000000001,150,true,true,true,PASS
20260811_155000_stage_B_2C_30day_full_final,14,4,0.001,16.539999999999999,355.56999999999999,18070.5,20078.330000000002,150,true,true,true,PASS
20260811_155000_stage_B_2C_30day_full_final,15,1,0.001,16.41,352.86000000000001,34974.580000000002,38860.639999999999,300,true,true,true,PASS
20260811_155000_stage_B_2C_30day_full_final,15,2,0.001,16.420000000000002,352.94999999999999,34446.559999999998,38273.959999999999,300,true,true,true,PASS
20260811_155000_stage_B_2C_30day_full_final,15,3,0.001,16.510000000000002,355.26999999999998,18130.82,20145.349999999999,150,true,true,true,PASS
20260811_155000_stage_B_2C_30day_full_final,15,4,0.001,16.539999999999999,355.56999999999999,18834.439999999999,20927.150000000001,150,true,true,true,PASS
20260811_155000_stage_B_2C_30day_full_final,16,1,0.001,16.41,352.86000000000001,34442.010000000002,38268.900000000001,300,true,true,true,PASS
20260811_155000_stage_B_2C_30day_full_final,16,2,0.001,16.420000000000002,352.94999999999999,34566.800000000003,38407.559999999998,300,true,true,true,PASS
20260811_155000_stage_B_2C_30day_full_final,16,3,0.001,16.510000000000002,355.26999999999998,18267.790000000001,20297.540000000001,150,true,true,true,PASS
20260811_155000_stage_B_2C_30day_full_final,16,4,0.001,16.539999999999999,355.56999999999999,18641.279999999999,20712.529999999999,150,true,true,true,PASS
20260811_155000_stage_B_2C_30day_full_final,17,1,0.001,16.41,352.86000000000001,34716.970000000001,38574.410000000003,300,true,true,true,PASS
20260811_155000_stage_B_2C_30day_full_final,17,2,0.001,16.420000000000002,352.94999999999999,34602.239999999998,38446.93,300,true,true,true,PASS
20260811_155000_stage_B_2C_30day_full_final,17,3,0.001,16.510000000000002,355.26999999999998,18030.740000000002,20034.16,150,true,true,true,PASS
20260811_155000_stage_B_2C_30day_full_final,17,4,0.001,16.539999999999999,355.56999999999999,18310.279999999999,20344.759999999998,150,true,true,true,PASS
20260811_155000_stage_B_2C_30day_full_final,18,1,0.001,16.41,352.86000000000001,34871.510000000002,38746.120000000003,300,true,true,true,PASS
20260811_155000_stage_B_2C_30day_full_final,18,2,0.001,16.420000000000002,352.94999999999999,35081.839999999997,38979.82,300,true,true,true,PASS
20260811_155000_stage_B_2C_30day_full_final,18,3,0.001,16.510000000000002,355.26999999999998,18009.099999999999,20010.110000000001,150,true,true,true,PASS
20260811_155000_stage_B_2C_30day_full_final,18,4,0.001,16.539999999999999,355.56999999999999,18063.330000000002,20070.369999999999,150,true,true,true,PASS
20260811_155000_stage_B_2C_30day_full_final,19,1,0.001,16.41,352.86000000000001,34738.940000000002,38598.82,300,true,true,true,PASS
20260811_155000_stage_B_2C_30day_full_final,19,2,0.001,16.420000000000002,352.94999999999999,34447.959999999999,38275.510000000002,300,true,true,true,PASS
20260811_155000_stage_B_2C_30day_full_final,19,3,0.001,16.510000000000002,355.26999999999998,18319.950000000001,20355.5,150,true,true,true,PASS
20260811_155000_stage_B_2C_30day_full_final,19,4,0.001,16.539999999999999,355.56999999999999,18267.07,20296.740000000002,150,true,true,true,PASS
20260811_155000_stage_B_2C_30day_full_final,20,1,0.001,16.41,352.86000000000001,34463.269999999997,38292.519999999997,300,true,true,true,PASS
20260811_155000_stage_B_2C_30day_full_final,20,2,0.001,16.420000000000002,352.94999999999999,34906.730000000003,38785.260000000002,300,true,true,true,PASS
20260811_155000_stage_B_2C_30day_full_final,20,3,0.001,16.510000000000002,355.26999999999998,18048.439999999999,20053.82,150,true,true,true,PASS
20260811_155000_stage_B_2C_30day_full_final,20,4,0.001,16.539999999999999,355.56999999999999,18259.790000000001,20288.650000000001,150,true,true,true,PASS
20260811_155000_stage_B_2C_30day_full_final,21,1,0.001,16.41,352.86000000000001,35046.139999999999,38940.160000000003,300,true,true,true,PASS
20260811_155000_stage_B_2C_30day_full_final,21,2,0.001,16.420000000000002,352.94999999999999,34218.529999999999,38020.589999999997,300,true,true,true,PASS
20260811_155000_stage_B_2C_30day_full_final,21,3,0.001,16.510000000000002,355.26999999999998,18099.869999999999,20110.970000000001,150,true,true,true,PASS
20260811_155000_stage_B_2C_30day_full_final,21,4,0.001,16.539999999999999,355.56999999999999,18383.810000000001,20426.459999999999,150,true,true,true,PASS
20260811_155000_stage_B_2C_30day_full_final,22,1,0.001,16.41,352.86000000000001,34512.889999999999,38347.660000000003,300,true,true,true,PASS
20260811_155000_stage_B_2C_30day_full_final,22,2,0.001,16.420000000000002,352.94999999999999,34975.57,38861.739999999998,300,true,true,true,PASS
20260811_155000_stage_B_2C_30day_full_final,22,3,0.001,16.510000000000002,355.26999999999998,18086,20095.549999999999,150,true,true,true,PASS
20260811_155000_stage_B_2C_30day_full_final,22,4,0.001,16.539999999999999,355.56999999999999,18750.080000000002,20833.419999999998,150,true,true,true,PASS
20260811_155000_stage_B_2C_30day_full_final,23,1,0.001,16.41,352.86000000000001,34619.830000000002,38466.480000000003,300,true,true,true,PASS
20260811_155000_stage_B_2C_30day_full_final,23,2,0.001,16.420000000000002,352.94999999999999,34257.110000000001,38063.459999999999,300,true,true,true,PASS
20260811_155000_stage_B_2C_30day_full_final,23,3,0.001,16.510000000000002,355.26999999999998,18610.790000000001,20678.66,150,true,true,true,PASS
20260811_155000_stage_B_2C_30day_full_final,23,4,0.001,16.539999999999999,355.56999999999999,18790.66,20878.509999999998,150,true,true,true,PASS
20260811_155000_stage_B_2C_30day_full_final,24,1,0.001,16.41,352.86000000000001,34572.720000000001,38414.129999999997,300,true,true,true,PASS
20260811_155000_stage_B_2C_30day_full_final,24,2,0.001,16.420000000000002,352.94999999999999,34905.239999999998,38783.599999999999,300,true,true,true,PASS
20260811_155000_stage_B_2C_30day_full_final,24,3,0.001,16.510000000000002,355.26999999999998,18177.650000000001,20197.389999999999,150,true,true,true,PASS
20260811_155000_stage_B_2C_30day_full_final,24,4,0.001,16.539999999999999,355.56999999999999,18463.490000000002,20514.990000000002,150,true,true,true,PASS
20260811_155000_stage_B_2C_30day_full_final,25,1,0.001,16.41,352.86000000000001,34665.690000000002,38517.43,300,true,true,true,PASS
20260811_155000_stage_B_2C_30day_full_final,25,2,0.001,16.420000000000002,352.94999999999999,34554.620000000003,38394.019999999997,300,true,true,true,PASS
20260811_155000_stage_B_2C_30day_full_final,25,3,0.001,16.510000000000002,355.26999999999998,18699,20776.669999999998,150,true,true,true,PASS
20260811_155000_stage_B_2C_30day_full_final,25,4,0.001,16.539999999999999,355.56999999999999,18490.080000000002,20544.529999999999,150,true,true,true,PASS
20260811_155000_stage_B_2C_30day_full_final,26,1,0.001,16.41,352.86000000000001,34337.839999999997,38153.160000000003,300,true,true,true,PASS
20260811_155000_stage_B_2C_30day_full_final,26,2,0.001,16.420000000000002,352.94999999999999,34535.139999999999,38372.379999999997,300,true,true,true,PASS
20260811_155000_stage_B_2C_30day_full_final,26,3,0.001,16.510000000000002,355.26999999999998,18032.09,20035.66,150,true,true,true,PASS
20260811_155000_stage_B_2C_30day_full_final,26,4,0.001,16.539999999999999,355.56999999999999,18427.389999999999,20474.880000000001,150,true,true,true,PASS
20260811_155000_stage_B_2C_30day_full_final,27,1,0.001,16.41,352.86000000000001,34883.639999999999,38759.599999999999,300,true,true,true,PASS
20260811_155000_stage_B_2C_30day_full_final,27,2,0.001,16.420000000000002,352.94999999999999,34378.510000000002,38198.339999999997,300,true,true,true,PASS
20260811_155000_stage_B_2C_30day_full_final,27,3,0.001,16.510000000000002,355.26999999999998,18117.060000000001,20130.07,150,true,true,true,PASS
20260811_155000_stage_B_2C_30day_full_final,27,4,0.001,16.539999999999999,355.56999999999999,18438.630000000001,20487.369999999999,150,true,true,true,PASS
20260811_155000_stage_B_2C_30day_full_final,28,1,0.001,16.41,352.86000000000001,34939.610000000001,38821.790000000001,300,true,true,true,PASS
20260811_155000_stage_B_2C_30day_full_final,28,2,0.001,16.420000000000002,352.94999999999999,34210.349999999999,38011.5,300,true,true,true,PASS
20260811_155000_stage_B_2C_30day_full_final,28,3,0.001,16.510000000000002,355.26999999999998,18227.470000000001,20252.740000000002,150,true,true,true,PASS
20260811_155000_stage_B_2C_30day_full_final,28,4,0.001,16.539999999999999,355.56999999999999,18865.029999999999,20961.139999999999,150,true,true,true,PASS
20260811_155000_stage_B_2C_30day_full_final,29,1,0.001,16.41,352.86000000000001,35074.849999999999,38972.050000000003,300,true,true,true,PASS
20260811_155000_stage_B_2C_30day_full_final,29,2,0.001,16.420000000000002,352.94999999999999,34903.199999999997,38781.330000000002,300,true,true,true,PASS
20260811_155000_stage_B_2C_30day_full_final,29,3,0.001,16.510000000000002,355.26999999999998,18013.330000000002,20014.810000000001,150,true,true,true,PASS
20260811_155000_stage_B_2C_30day_full_final,29,4,0.001,16.539999999999999,355.56999999999999,18837.299999999999,20930.330000000002,150,true,true,true,PASS
20260811_155000_stage_B_2C_30day_full_final,30,1,0.001,16.41,352.86000000000001,34796.589999999997,38662.879999999997,300,true,true,true,PASS
20260811_155000_stage_B_2C_30day_full_final,30,2,0.001,16.420000000000002,352.94999999999999,34275.849999999999,38084.279999999999,300,true,true,true,PASS
20260811_155000_stage_B_2C_30day_full_final,30,3,0.001,16.510000000000002,355.26999999999998,18353.560000000001,20392.84,150,true,true,true,PASS
20260811_155000_stage_B_2C_30day_full_final,30,4,0.001,16.539999999999999,355.56999999999999,18425.73,20473.029999999999,150,true,true,true,PASS
