run_id,day,hour,window_position,storage_id,current_soc_global_index,predecessor_hour,predecessor_soc_global_index,energy_capacity_global_index,boundary_source,initial_energy_fraction,terminal_equality,terminal_energy_fraction
20260811_121452_stage_B_2C_4168a6e9,14,1,1,1,130,NaN,0,27,formal_daily_fixed_half_energy,0.5,false,NaN
20260811_121452_stage_B_2C_4168a6e9,14,1,1,2,131,NaN,0,28,formal_daily_fixed_half_energy,0.5,false,NaN
20260811_121452_stage_B_2C_4168a6e9,14,2,2,1,149,1,130,27,previous_physical_hour,NaN,false,NaN
20260811_121452_stage_B_2C_4168a6e9,14,2,2,2,150,1,131,28,previous_physical_hour,NaN,false,NaN
20260811_121452_stage_B_2C_4168a6e9,14,3,3,1,168,2,149,27,previous_physical_hour,NaN,false,NaN
20260811_121452_stage_B_2C_4168a6e9,14,3,3,2,169,2,150,28,previous_physical_hour,NaN,false,NaN
20260811_121452_stage_B_2C_4168a6e9,14,4,4,1,187,3,168,27,previous_physical_hour,NaN,false,NaN
20260811_121452_stage_B_2C_4168a6e9,14,4,4,2,188,3,169,28,previous_physical_hour,NaN,false,NaN
20260811_121452_stage_B_2C_4168a6e9,14,5,5,1,206,4,187,27,previous_physical_hour,NaN,false,NaN
20260811_121452_stage_B_2C_4168a6e9,14,5,5,2,207,4,188,28,previous_physical_hour,NaN,false,NaN
20260811_121452_stage_B_2C_4168a6e9,14,6,6,1,225,5,206,27,previous_physical_hour,NaN,false,NaN
20260811_121452_stage_B_2C_4168a6e9,14,6,6,2,226,5,207,28,previous_physical_hour,NaN,false,NaN
20260811_121452_stage_B_2C_4168a6e9,14,7,7,1,244,6,225,27,previous_physical_hour,NaN,false,NaN
20260811_121452_stage_B_2C_4168a6e9,14,7,7,2,245,6,226,28,previous_physical_hour,NaN,false,NaN
20260811_121452_stage_B_2C_4168a6e9,14,8,8,1,268,7,244,27,previous_physical_hour,NaN,false,NaN
20260811_121452_stage_B_2C_4168a6e9,14,8,8,2,269,7,245,28,previous_physical_hour,NaN,false,NaN
20260811_121452_stage_B_2C_4168a6e9,14,9,9,1,292,8,268,27,previous_physical_hour,NaN,false,NaN
20260811_121452_stage_B_2C_4168a6e9,14,9,9,2,293,8,269,28,previous_physical_hour,NaN,false,NaN
20260811_121452_stage_B_2C_4168a6e9,14,10,10,1,316,9,292,27,previous_physical_hour,NaN,false,NaN
20260811_121452_stage_B_2C_4168a6e9,14,10,10,2,317,9,293,28,previous_physical_hour,NaN,false,NaN
20260811_121452_stage_B_2C_4168a6e9,14,11,11,1,340,10,316,27,previous_physical_hour,NaN,false,NaN
20260811_121452_stage_B_2C_4168a6e9,14,11,11,2,341,10,317,28,previous_physical_hour,NaN,false,NaN
20260811_121452_stage_B_2C_4168a6e9,14,12,12,1,364,11,340,27,previous_physical_hour,NaN,false,NaN
20260811_121452_stage_B_2C_4168a6e9,14,12,12,2,365,11,341,28,previous_physical_hour,NaN,false,NaN
20260811_121452_stage_B_2C_4168a6e9,14,13,13,1,388,12,364,27,previous_physical_hour,NaN,false,NaN
20260811_121452_stage_B_2C_4168a6e9,14,13,13,2,389,12,365,28,previous_physical_hour,NaN,false,NaN
20260811_121452_stage_B_2C_4168a6e9,14,14,14,1,412,13,388,27,previous_physical_hour,NaN,false,NaN
20260811_121452_stage_B_2C_4168a6e9,14,14,14,2,413,13,389,28,previous_physical_hour,NaN,false,NaN
20260811_121452_stage_B_2C_4168a6e9,14,15,15,1,436,14,412,27,previous_physical_hour,NaN,false,NaN
20260811_121452_stage_B_2C_4168a6e9,14,15,15,2,437,14,413,28,previous_physical_hour,NaN,false,NaN
20260811_121452_stage_B_2C_4168a6e9,14,16,16,1,460,15,436,27,previous_physical_hour,NaN,false,NaN
20260811_121452_stage_B_2C_4168a6e9,14,16,16,2,461,15,437,28,previous_physical_hour,NaN,false,NaN
20260811_121452_stage_B_2C_4168a6e9,14,17,17,1,484,16,460,27,previous_physical_hour,NaN,false,NaN
20260811_121452_stage_B_2C_4168a6e9,14,17,17,2,485,16,461,28,previous_physical_hour,NaN,false,NaN
20260811_121452_stage_B_2C_4168a6e9,14,18,18,1,508,17,484,27,previous_physical_hour,NaN,false,NaN
20260811_121452_stage_B_2C_4168a6e9,14,18,18,2,509,17,485,28,previous_physical_hour,NaN,false,NaN
20260811_121452_stage_B_2C_4168a6e9,14,19,19,1,531,18,508,27,previous_physical_hour,NaN,false,NaN
20260811_121452_stage_B_2C_4168a6e9,14,19,19,2,532,18,509,28,previous_physical_hour,NaN,false,NaN
20260811_121452_stage_B_2C_4168a6e9,14,20,20,1,550,19,531,27,previous_physical_hour,NaN,false,NaN
20260811_121452_stage_B_2C_4168a6e9,14,20,20,2,551,19,532,28,previous_physical_hour,NaN,false,NaN
20260811_121452_stage_B_2C_4168a6e9,14,21,21,1,569,20,550,27,previous_physical_hour,NaN,false,NaN
20260811_121452_stage_B_2C_4168a6e9,14,21,21,2,570,20,551,28,previous_physical_hour,NaN,false,NaN
20260811_121452_stage_B_2C_4168a6e9,14,22,22,1,588,21,569,27,previous_physical_hour,NaN,false,NaN
20260811_121452_stage_B_2C_4168a6e9,14,22,22,2,589,21,570,28,previous_physical_hour,NaN,false,NaN
20260811_121452_stage_B_2C_4168a6e9,14,23,23,1,607,22,588,27,previous_physical_hour,NaN,false,NaN
20260811_121452_stage_B_2C_4168a6e9,14,23,23,2,608,22,589,28,previous_physical_hour,NaN,false,NaN
20260811_121452_stage_B_2C_4168a6e9,14,24,24,1,626,23,607,27,previous_physical_hour,NaN,true,0.5
20260811_121452_stage_B_2C_4168a6e9,14,24,24,2,627,23,608,28,previous_physical_hour,NaN,true,0.5
20260811_121452_stage_B_2C_4168a6e9,15,1,1,1,645,NaN,0,41,formal_daily_fixed_half_energy,0.5,false,NaN
20260811_121452_stage_B_2C_4168a6e9,15,1,1,2,646,NaN,0,42,formal_daily_fixed_half_energy,0.5,false,NaN
20260811_121452_stage_B_2C_4168a6e9,15,2,2,1,664,1,645,41,previous_physical_hour,NaN,false,NaN
20260811_121452_stage_B_2C_4168a6e9,15,2,2,2,665,1,646,42,previous_physical_hour,NaN,false,NaN
20260811_121452_stage_B_2C_4168a6e9,15,3,3,1,683,2,664,41,previous_physical_hour,NaN,false,NaN
20260811_121452_stage_B_2C_4168a6e9,15,3,3,2,684,2,665,42,previous_physical_hour,NaN,false,NaN
20260811_121452_stage_B_2C_4168a6e9,15,4,4,1,702,3,683,41,previous_physical_hour,NaN,false,NaN
20260811_121452_stage_B_2C_4168a6e9,15,4,4,2,703,3,684,42,previous_physical_hour,NaN,false,NaN
20260811_121452_stage_B_2C_4168a6e9,15,5,5,1,721,4,702,41,previous_physical_hour,NaN,false,NaN
20260811_121452_stage_B_2C_4168a6e9,15,5,5,2,722,4,703,42,previous_physical_hour,NaN,false,NaN
20260811_121452_stage_B_2C_4168a6e9,15,6,6,1,740,5,721,41,previous_physical_hour,NaN,false,NaN
20260811_121452_stage_B_2C_4168a6e9,15,6,6,2,741,5,722,42,previous_physical_hour,NaN,false,NaN
20260811_121452_stage_B_2C_4168a6e9,15,7,7,1,759,6,740,41,previous_physical_hour,NaN,false,NaN
20260811_121452_stage_B_2C_4168a6e9,15,7,7,2,760,6,741,42,previous_physical_hour,NaN,false,NaN
20260811_121452_stage_B_2C_4168a6e9,15,8,8,1,783,7,759,41,previous_physical_hour,NaN,false,NaN
20260811_121452_stage_B_2C_4168a6e9,15,8,8,2,784,7,760,42,previous_physical_hour,NaN,false,NaN
20260811_121452_stage_B_2C_4168a6e9,15,9,9,1,807,8,783,41,previous_physical_hour,NaN,false,NaN
20260811_121452_stage_B_2C_4168a6e9,15,9,9,2,808,8,784,42,previous_physical_hour,NaN,false,NaN
20260811_121452_stage_B_2C_4168a6e9,15,10,10,1,831,9,807,41,previous_physical_hour,NaN,false,NaN
20260811_121452_stage_B_2C_4168a6e9,15,10,10,2,832,9,808,42,previous_physical_hour,NaN,false,NaN
20260811_121452_stage_B_2C_4168a6e9,15,11,11,1,855,10,831,41,previous_physical_hour,NaN,false,NaN
20260811_121452_stage_B_2C_4168a6e9,15,11,11,2,856,10,832,42,previous_physical_hour,NaN,false,NaN
20260811_121452_stage_B_2C_4168a6e9,15,12,12,1,879,11,855,41,previous_physical_hour,NaN,false,NaN
20260811_121452_stage_B_2C_4168a6e9,15,12,12,2,880,11,856,42,previous_physical_hour,NaN,false,NaN
20260811_121452_stage_B_2C_4168a6e9,15,13,13,1,903,12,879,41,previous_physical_hour,NaN,false,NaN
20260811_121452_stage_B_2C_4168a6e9,15,13,13,2,904,12,880,42,previous_physical_hour,NaN,false,NaN
20260811_121452_stage_B_2C_4168a6e9,15,14,14,1,927,13,903,41,previous_physical_hour,NaN,false,NaN
20260811_121452_stage_B_2C_4168a6e9,15,14,14,2,928,13,904,42,previous_physical_hour,NaN,false,NaN
20260811_121452_stage_B_2C_4168a6e9,15,15,15,1,951,14,927,41,previous_physical_hour,NaN,false,NaN
20260811_121452_stage_B_2C_4168a6e9,15,15,15,2,952,14,928,42,previous_physical_hour,NaN,false,NaN
20260811_121452_stage_B_2C_4168a6e9,15,16,16,1,975,15,951,41,previous_physical_hour,NaN,false,NaN
20260811_121452_stage_B_2C_4168a6e9,15,16,16,2,976,15,952,42,previous_physical_hour,NaN,false,NaN
20260811_121452_stage_B_2C_4168a6e9,15,17,17,1,999,16,975,41,previous_physical_hour,NaN,false,NaN
20260811_121452_stage_B_2C_4168a6e9,15,17,17,2,1000,16,976,42,previous_physical_hour,NaN,false,NaN
20260811_121452_stage_B_2C_4168a6e9,15,18,18,1,1023,17,999,41,previous_physical_hour,NaN,false,NaN
20260811_121452_stage_B_2C_4168a6e9,15,18,18,2,1024,17,1000,42,previous_physical_hour,NaN,false,NaN
20260811_121452_stage_B_2C_4168a6e9,15,19,19,1,1047,18,1023,41,previous_physical_hour,NaN,false,NaN
20260811_121452_stage_B_2C_4168a6e9,15,19,19,2,1048,18,1024,42,previous_physical_hour,NaN,false,NaN
20260811_121452_stage_B_2C_4168a6e9,15,20,20,1,1066,19,1047,41,previous_physical_hour,NaN,false,NaN
20260811_121452_stage_B_2C_4168a6e9,15,20,20,2,1067,19,1048,42,previous_physical_hour,NaN,false,NaN
20260811_121452_stage_B_2C_4168a6e9,15,21,21,1,1085,20,1066,41,previous_physical_hour,NaN,false,NaN
20260811_121452_stage_B_2C_4168a6e9,15,21,21,2,1086,20,1067,42,previous_physical_hour,NaN,false,NaN
20260811_121452_stage_B_2C_4168a6e9,15,22,22,1,1104,21,1085,41,previous_physical_hour,NaN,false,NaN
20260811_121452_stage_B_2C_4168a6e9,15,22,22,2,1105,21,1086,42,previous_physical_hour,NaN,false,NaN
20260811_121452_stage_B_2C_4168a6e9,15,23,23,1,1123,22,1104,41,previous_physical_hour,NaN,false,NaN
20260811_121452_stage_B_2C_4168a6e9,15,23,23,2,1124,22,1105,42,previous_physical_hour,NaN,false,NaN
20260811_121452_stage_B_2C_4168a6e9,15,24,24,1,1142,23,1123,41,previous_physical_hour,NaN,true,0.5
20260811_121452_stage_B_2C_4168a6e9,15,24,24,2,1143,23,1124,42,previous_physical_hour,NaN,true,0.5
20260811_121452_stage_B_2C_4168a6e9,16,1,1,1,1161,NaN,0,55,formal_daily_fixed_half_energy,0.5,false,NaN
20260811_121452_stage_B_2C_4168a6e9,16,1,1,2,1162,NaN,0,56,formal_daily_fixed_half_energy,0.5,false,NaN
20260811_121452_stage_B_2C_4168a6e9,16,2,2,1,1180,1,1161,55,previous_physical_hour,NaN,false,NaN
20260811_121452_stage_B_2C_4168a6e9,16,2,2,2,1181,1,1162,56,previous_physical_hour,NaN,false,NaN
20260811_121452_stage_B_2C_4168a6e9,16,3,3,1,1199,2,1180,55,previous_physical_hour,NaN,false,NaN
20260811_121452_stage_B_2C_4168a6e9,16,3,3,2,1200,2,1181,56,previous_physical_hour,NaN,false,NaN
20260811_121452_stage_B_2C_4168a6e9,16,4,4,1,1218,3,1199,55,previous_physical_hour,NaN,false,NaN
20260811_121452_stage_B_2C_4168a6e9,16,4,4,2,1219,3,1200,56,previous_physical_hour,NaN,false,NaN
20260811_121452_stage_B_2C_4168a6e9,16,5,5,1,1236,4,1218,55,previous_physical_hour,NaN,false,NaN
20260811_121452_stage_B_2C_4168a6e9,16,5,5,2,1237,4,1219,56,previous_physical_hour,NaN,false,NaN
20260811_121452_stage_B_2C_4168a6e9,16,6,6,1,1255,5,1236,55,previous_physical_hour,NaN,false,NaN
20260811_121452_stage_B_2C_4168a6e9,16,6,6,2,1256,5,1237,56,previous_physical_hour,NaN,false,NaN
20260811_121452_stage_B_2C_4168a6e9,16,7,7,1,1274,6,1255,55,previous_physical_hour,NaN,false,NaN
20260811_121452_stage_B_2C_4168a6e9,16,7,7,2,1275,6,1256,56,previous_physical_hour,NaN,false,NaN
20260811_121452_stage_B_2C_4168a6e9,16,8,8,1,1298,7,1274,55,previous_physical_hour,NaN,false,NaN
20260811_121452_stage_B_2C_4168a6e9,16,8,8,2,1299,7,1275,56,previous_physical_hour,NaN,false,NaN
20260811_121452_stage_B_2C_4168a6e9,16,9,9,1,1322,8,1298,55,previous_physical_hour,NaN,false,NaN
20260811_121452_stage_B_2C_4168a6e9,16,9,9,2,1323,8,1299,56,previous_physical_hour,NaN,false,NaN
20260811_121452_stage_B_2C_4168a6e9,16,10,10,1,1346,9,1322,55,previous_physical_hour,NaN,false,NaN
20260811_121452_stage_B_2C_4168a6e9,16,10,10,2,1347,9,1323,56,previous_physical_hour,NaN,false,NaN
20260811_121452_stage_B_2C_4168a6e9,16,11,11,1,1370,10,1346,55,previous_physical_hour,NaN,false,NaN
20260811_121452_stage_B_2C_4168a6e9,16,11,11,2,1371,10,1347,56,previous_physical_hour,NaN,false,NaN
20260811_121452_stage_B_2C_4168a6e9,16,12,12,1,1394,11,1370,55,previous_physical_hour,NaN,false,NaN
20260811_121452_stage_B_2C_4168a6e9,16,12,12,2,1395,11,1371,56,previous_physical_hour,NaN,false,NaN
20260811_121452_stage_B_2C_4168a6e9,16,13,13,1,1418,12,1394,55,previous_physical_hour,NaN,false,NaN
20260811_121452_stage_B_2C_4168a6e9,16,13,13,2,1419,12,1395,56,previous_physical_hour,NaN,false,NaN
20260811_121452_stage_B_2C_4168a6e9,16,14,14,1,1442,13,1418,55,previous_physical_hour,NaN,false,NaN
20260811_121452_stage_B_2C_4168a6e9,16,14,14,2,1443,13,1419,56,previous_physical_hour,NaN,false,NaN
20260811_121452_stage_B_2C_4168a6e9,16,15,15,1,1466,14,1442,55,previous_physical_hour,NaN,false,NaN
20260811_121452_stage_B_2C_4168a6e9,16,15,15,2,1467,14,1443,56,previous_physical_hour,NaN,false,NaN
20260811_121452_stage_B_2C_4168a6e9,16,16,16,1,1490,15,1466,55,previous_physical_hour,NaN,false,NaN
20260811_121452_stage_B_2C_4168a6e9,16,16,16,2,1491,15,1467,56,previous_physical_hour,NaN,false,NaN
20260811_121452_stage_B_2C_4168a6e9,16,17,17,1,1514,16,1490,55,previous_physical_hour,NaN,false,NaN
20260811_121452_stage_B_2C_4168a6e9,16,17,17,2,1515,16,1491,56,previous_physical_hour,NaN,false,NaN
20260811_121452_stage_B_2C_4168a6e9,16,18,18,1,1538,17,1514,55,previous_physical_hour,NaN,false,NaN
20260811_121452_stage_B_2C_4168a6e9,16,18,18,2,1539,17,1515,56,previous_physical_hour,NaN,false,NaN
20260811_121452_stage_B_2C_4168a6e9,16,19,19,1,1562,18,1538,55,previous_physical_hour,NaN,false,NaN
20260811_121452_stage_B_2C_4168a6e9,16,19,19,2,1563,18,1539,56,previous_physical_hour,NaN,false,NaN
20260811_121452_stage_B_2C_4168a6e9,16,20,20,1,1581,19,1562,55,previous_physical_hour,NaN,false,NaN
20260811_121452_stage_B_2C_4168a6e9,16,20,20,2,1582,19,1563,56,previous_physical_hour,NaN,false,NaN
20260811_121452_stage_B_2C_4168a6e9,16,21,21,1,1600,20,1581,55,previous_physical_hour,NaN,false,NaN
20260811_121452_stage_B_2C_4168a6e9,16,21,21,2,1601,20,1582,56,previous_physical_hour,NaN,false,NaN
20260811_121452_stage_B_2C_4168a6e9,16,22,22,1,1619,21,1600,55,previous_physical_hour,NaN,false,NaN
20260811_121452_stage_B_2C_4168a6e9,16,22,22,2,1620,21,1601,56,previous_physical_hour,NaN,false,NaN
20260811_121452_stage_B_2C_4168a6e9,16,23,23,1,1638,22,1619,55,previous_physical_hour,NaN,false,NaN
20260811_121452_stage_B_2C_4168a6e9,16,23,23,2,1639,22,1620,56,previous_physical_hour,NaN,false,NaN
20260811_121452_stage_B_2C_4168a6e9,16,24,24,1,1657,23,1638,55,previous_physical_hour,NaN,true,0.5
20260811_121452_stage_B_2C_4168a6e9,16,24,24,2,1658,23,1639,56,previous_physical_hour,NaN,true,0.5
20260811_121452_stage_B_2C_4168a6e9,17,1,1,1,1676,NaN,0,69,formal_daily_fixed_half_energy,0.5,false,NaN
20260811_121452_stage_B_2C_4168a6e9,17,1,1,2,1677,NaN,0,70,formal_daily_fixed_half_energy,0.5,false,NaN
20260811_121452_stage_B_2C_4168a6e9,17,2,2,1,1695,1,1676,69,previous_physical_hour,NaN,false,NaN
20260811_121452_stage_B_2C_4168a6e9,17,2,2,2,1696,1,1677,70,previous_physical_hour,NaN,false,NaN
20260811_121452_stage_B_2C_4168a6e9,17,3,3,1,1714,2,1695,69,previous_physical_hour,NaN,false,NaN
20260811_121452_stage_B_2C_4168a6e9,17,3,3,2,1715,2,1696,70,previous_physical_hour,NaN,false,NaN
20260811_121452_stage_B_2C_4168a6e9,17,4,4,1,1733,3,1714,69,previous_physical_hour,NaN,false,NaN
20260811_121452_stage_B_2C_4168a6e9,17,4,4,2,1734,3,1715,70,previous_physical_hour,NaN,false,NaN
20260811_121452_stage_B_2C_4168a6e9,17,5,5,1,1752,4,1733,69,previous_physical_hour,NaN,false,NaN
20260811_121452_stage_B_2C_4168a6e9,17,5,5,2,1753,4,1734,70,previous_physical_hour,NaN,false,NaN
20260811_121452_stage_B_2C_4168a6e9,17,6,6,1,1771,5,1752,69,previous_physical_hour,NaN,false,NaN
20260811_121452_stage_B_2C_4168a6e9,17,6,6,2,1772,5,1753,70,previous_physical_hour,NaN,false,NaN
20260811_121452_stage_B_2C_4168a6e9,17,7,7,1,1790,6,1771,69,previous_physical_hour,NaN,false,NaN
20260811_121452_stage_B_2C_4168a6e9,17,7,7,2,1791,6,1772,70,previous_physical_hour,NaN,false,NaN
20260811_121452_stage_B_2C_4168a6e9,17,8,8,1,1814,7,1790,69,previous_physical_hour,NaN,false,NaN
20260811_121452_stage_B_2C_4168a6e9,17,8,8,2,1815,7,1791,70,previous_physical_hour,NaN,false,NaN
20260811_121452_stage_B_2C_4168a6e9,17,9,9,1,1838,8,1814,69,previous_physical_hour,NaN,false,NaN
20260811_121452_stage_B_2C_4168a6e9,17,9,9,2,1839,8,1815,70,previous_physical_hour,NaN,false,NaN
20260811_121452_stage_B_2C_4168a6e9,17,10,10,1,1862,9,1838,69,previous_physical_hour,NaN,false,NaN
20260811_121452_stage_B_2C_4168a6e9,17,10,10,2,1863,9,1839,70,previous_physical_hour,NaN,false,NaN
20260811_121452_stage_B_2C_4168a6e9,17,11,11,1,1886,10,1862,69,previous_physical_hour,NaN,false,NaN
20260811_121452_stage_B_2C_4168a6e9,17,11,11,2,1887,10,1863,70,previous_physical_hour,NaN,false,NaN
20260811_121452_stage_B_2C_4168a6e9,17,12,12,1,1910,11,1886,69,previous_physical_hour,NaN,false,NaN
20260811_121452_stage_B_2C_4168a6e9,17,12,12,2,1911,11,1887,70,previous_physical_hour,NaN,false,NaN
20260811_121452_stage_B_2C_4168a6e9,17,13,13,1,1934,12,1910,69,previous_physical_hour,NaN,false,NaN
20260811_121452_stage_B_2C_4168a6e9,17,13,13,2,1935,12,1911,70,previous_physical_hour,NaN,false,NaN
20260811_121452_stage_B_2C_4168a6e9,17,14,14,1,1958,13,1934,69,previous_physical_hour,NaN,false,NaN
20260811_121452_stage_B_2C_4168a6e9,17,14,14,2,1959,13,1935,70,previous_physical_hour,NaN,false,NaN
20260811_121452_stage_B_2C_4168a6e9,17,15,15,1,1982,14,1958,69,previous_physical_hour,NaN,false,NaN
20260811_121452_stage_B_2C_4168a6e9,17,15,15,2,1983,14,1959,70,previous_physical_hour,NaN,false,NaN
20260811_121452_stage_B_2C_4168a6e9,17,16,16,1,2006,15,1982,69,previous_physical_hour,NaN,false,NaN
20260811_121452_stage_B_2C_4168a6e9,17,16,16,2,2007,15,1983,70,previous_physical_hour,NaN,false,NaN
20260811_121452_stage_B_2C_4168a6e9,17,17,17,1,2030,16,2006,69,previous_physical_hour,NaN,false,NaN
20260811_121452_stage_B_2C_4168a6e9,17,17,17,2,2031,16,2007,70,previous_physical_hour,NaN,false,NaN
20260811_121452_stage_B_2C_4168a6e9,17,18,18,1,2054,17,2030,69,previous_physical_hour,NaN,false,NaN
20260811_121452_stage_B_2C_4168a6e9,17,18,18,2,2055,17,2031,70,previous_physical_hour,NaN,false,NaN
20260811_121452_stage_B_2C_4168a6e9,17,19,19,1,2078,18,2054,69,previous_physical_hour,NaN,false,NaN
20260811_121452_stage_B_2C_4168a6e9,17,19,19,2,2079,18,2055,70,previous_physical_hour,NaN,false,NaN
20260811_121452_stage_B_2C_4168a6e9,17,20,20,1,2097,19,2078,69,previous_physical_hour,NaN,false,NaN
20260811_121452_stage_B_2C_4168a6e9,17,20,20,2,2098,19,2079,70,previous_physical_hour,NaN,false,NaN
20260811_121452_stage_B_2C_4168a6e9,17,21,21,1,2116,20,2097,69,previous_physical_hour,NaN,false,NaN
20260811_121452_stage_B_2C_4168a6e9,17,21,21,2,2117,20,2098,70,previous_physical_hour,NaN,false,NaN
20260811_121452_stage_B_2C_4168a6e9,17,22,22,1,2135,21,2116,69,previous_physical_hour,NaN,false,NaN
20260811_121452_stage_B_2C_4168a6e9,17,22,22,2,2136,21,2117,70,previous_physical_hour,NaN,false,NaN
20260811_121452_stage_B_2C_4168a6e9,17,23,23,1,2154,22,2135,69,previous_physical_hour,NaN,false,NaN
20260811_121452_stage_B_2C_4168a6e9,17,23,23,2,2155,22,2136,70,previous_physical_hour,NaN,false,NaN
20260811_121452_stage_B_2C_4168a6e9,17,24,24,1,2173,23,2154,69,previous_physical_hour,NaN,true,0.5
20260811_121452_stage_B_2C_4168a6e9,17,24,24,2,2174,23,2155,70,previous_physical_hour,NaN,true,0.5
20260811_121452_stage_B_2C_4168a6e9,18,1,1,1,2192,NaN,0,83,formal_daily_fixed_half_energy,0.5,false,NaN
20260811_121452_stage_B_2C_4168a6e9,18,1,1,2,2193,NaN,0,84,formal_daily_fixed_half_energy,0.5,false,NaN
20260811_121452_stage_B_2C_4168a6e9,18,2,2,1,2211,1,2192,83,previous_physical_hour,NaN,false,NaN
20260811_121452_stage_B_2C_4168a6e9,18,2,2,2,2212,1,2193,84,previous_physical_hour,NaN,false,NaN
20260811_121452_stage_B_2C_4168a6e9,18,3,3,1,2230,2,2211,83,previous_physical_hour,NaN,false,NaN
20260811_121452_stage_B_2C_4168a6e9,18,3,3,2,2231,2,2212,84,previous_physical_hour,NaN,false,NaN
20260811_121452_stage_B_2C_4168a6e9,18,4,4,1,2249,3,2230,83,previous_physical_hour,NaN,false,NaN
20260811_121452_stage_B_2C_4168a6e9,18,4,4,2,2250,3,2231,84,previous_physical_hour,NaN,false,NaN
20260811_121452_stage_B_2C_4168a6e9,18,5,5,1,2268,4,2249,83,previous_physical_hour,NaN,false,NaN
20260811_121452_stage_B_2C_4168a6e9,18,5,5,2,2269,4,2250,84,previous_physical_hour,NaN,false,NaN
20260811_121452_stage_B_2C_4168a6e9,18,6,6,1,2287,5,2268,83,previous_physical_hour,NaN,false,NaN
20260811_121452_stage_B_2C_4168a6e9,18,6,6,2,2288,5,2269,84,previous_physical_hour,NaN,false,NaN
20260811_121452_stage_B_2C_4168a6e9,18,7,7,1,2306,6,2287,83,previous_physical_hour,NaN,false,NaN
20260811_121452_stage_B_2C_4168a6e9,18,7,7,2,2307,6,2288,84,previous_physical_hour,NaN,false,NaN
20260811_121452_stage_B_2C_4168a6e9,18,8,8,1,2330,7,2306,83,previous_physical_hour,NaN,false,NaN
20260811_121452_stage_B_2C_4168a6e9,18,8,8,2,2331,7,2307,84,previous_physical_hour,NaN,false,NaN
20260811_121452_stage_B_2C_4168a6e9,18,9,9,1,2354,8,2330,83,previous_physical_hour,NaN,false,NaN
20260811_121452_stage_B_2C_4168a6e9,18,9,9,2,2355,8,2331,84,previous_physical_hour,NaN,false,NaN
20260811_121452_stage_B_2C_4168a6e9,18,10,10,1,2378,9,2354,83,previous_physical_hour,NaN,false,NaN
20260811_121452_stage_B_2C_4168a6e9,18,10,10,2,2379,9,2355,84,previous_physical_hour,NaN,false,NaN
20260811_121452_stage_B_2C_4168a6e9,18,11,11,1,2402,10,2378,83,previous_physical_hour,NaN,false,NaN
20260811_121452_stage_B_2C_4168a6e9,18,11,11,2,2403,10,2379,84,previous_physical_hour,NaN,false,NaN
20260811_121452_stage_B_2C_4168a6e9,18,12,12,1,2426,11,2402,83,previous_physical_hour,NaN,false,NaN
20260811_121452_stage_B_2C_4168a6e9,18,12,12,2,2427,11,2403,84,previous_physical_hour,NaN,false,NaN
20260811_121452_stage_B_2C_4168a6e9,18,13,13,1,2450,12,2426,83,previous_physical_hour,NaN,false,NaN
20260811_121452_stage_B_2C_4168a6e9,18,13,13,2,2451,12,2427,84,previous_physical_hour,NaN,false,NaN
20260811_121452_stage_B_2C_4168a6e9,18,14,14,1,2474,13,2450,83,previous_physical_hour,NaN,false,NaN
20260811_121452_stage_B_2C_4168a6e9,18,14,14,2,2475,13,2451,84,previous_physical_hour,NaN,false,NaN
20260811_121452_stage_B_2C_4168a6e9,18,15,15,1,2498,14,2474,83,previous_physical_hour,NaN,false,NaN
20260811_121452_stage_B_2C_4168a6e9,18,15,15,2,2499,14,2475,84,previous_physical_hour,NaN,false,NaN
20260811_121452_stage_B_2C_4168a6e9,18,16,16,1,2522,15,2498,83,previous_physical_hour,NaN,false,NaN
20260811_121452_stage_B_2C_4168a6e9,18,16,16,2,2523,15,2499,84,previous_physical_hour,NaN,false,NaN
20260811_121452_stage_B_2C_4168a6e9,18,17,17,1,2546,16,2522,83,previous_physical_hour,NaN,false,NaN
20260811_121452_stage_B_2C_4168a6e9,18,17,17,2,2547,16,2523,84,previous_physical_hour,NaN,false,NaN
20260811_121452_stage_B_2C_4168a6e9,18,18,18,1,2570,17,2546,83,previous_physical_hour,NaN,false,NaN
20260811_121452_stage_B_2C_4168a6e9,18,18,18,2,2571,17,2547,84,previous_physical_hour,NaN,false,NaN
20260811_121452_stage_B_2C_4168a6e9,18,19,19,1,2594,18,2570,83,previous_physical_hour,NaN,false,NaN
20260811_121452_stage_B_2C_4168a6e9,18,19,19,2,2595,18,2571,84,previous_physical_hour,NaN,false,NaN
20260811_121452_stage_B_2C_4168a6e9,18,20,20,1,2613,19,2594,83,previous_physical_hour,NaN,false,NaN
20260811_121452_stage_B_2C_4168a6e9,18,20,20,2,2614,19,2595,84,previous_physical_hour,NaN,false,NaN
20260811_121452_stage_B_2C_4168a6e9,18,21,21,1,2632,20,2613,83,previous_physical_hour,NaN,false,NaN
20260811_121452_stage_B_2C_4168a6e9,18,21,21,2,2633,20,2614,84,previous_physical_hour,NaN,false,NaN
20260811_121452_stage_B_2C_4168a6e9,18,22,22,1,2651,21,2632,83,previous_physical_hour,NaN,false,NaN
20260811_121452_stage_B_2C_4168a6e9,18,22,22,2,2652,21,2633,84,previous_physical_hour,NaN,false,NaN
20260811_121452_stage_B_2C_4168a6e9,18,23,23,1,2670,22,2651,83,previous_physical_hour,NaN,false,NaN
20260811_121452_stage_B_2C_4168a6e9,18,23,23,2,2671,22,2652,84,previous_physical_hour,NaN,false,NaN
20260811_121452_stage_B_2C_4168a6e9,18,24,24,1,2689,23,2670,83,previous_physical_hour,NaN,true,0.5
20260811_121452_stage_B_2C_4168a6e9,18,24,24,2,2690,23,2671,84,previous_physical_hour,NaN,true,0.5
20260811_121452_stage_B_2C_4168a6e9,19,1,1,1,2708,NaN,0,97,formal_daily_fixed_half_energy,0.5,false,NaN
20260811_121452_stage_B_2C_4168a6e9,19,1,1,2,2709,NaN,0,98,formal_daily_fixed_half_energy,0.5,false,NaN
20260811_121452_stage_B_2C_4168a6e9,19,2,2,1,2727,1,2708,97,previous_physical_hour,NaN,false,NaN
20260811_121452_stage_B_2C_4168a6e9,19,2,2,2,2728,1,2709,98,previous_physical_hour,NaN,false,NaN
20260811_121452_stage_B_2C_4168a6e9,19,3,3,1,2746,2,2727,97,previous_physical_hour,NaN,false,NaN
20260811_121452_stage_B_2C_4168a6e9,19,3,3,2,2747,2,2728,98,previous_physical_hour,NaN,false,NaN
20260811_121452_stage_B_2C_4168a6e9,19,4,4,1,2765,3,2746,97,previous_physical_hour,NaN,false,NaN
20260811_121452_stage_B_2C_4168a6e9,19,4,4,2,2766,3,2747,98,previous_physical_hour,NaN,false,NaN
20260811_121452_stage_B_2C_4168a6e9,19,5,5,1,2784,4,2765,97,previous_physical_hour,NaN,false,NaN
20260811_121452_stage_B_2C_4168a6e9,19,5,5,2,2785,4,2766,98,previous_physical_hour,NaN,false,NaN
20260811_121452_stage_B_2C_4168a6e9,19,6,6,1,2803,5,2784,97,previous_physical_hour,NaN,false,NaN
20260811_121452_stage_B_2C_4168a6e9,19,6,6,2,2804,5,2785,98,previous_physical_hour,NaN,false,NaN
20260811_121452_stage_B_2C_4168a6e9,19,7,7,1,2822,6,2803,97,previous_physical_hour,NaN,false,NaN
20260811_121452_stage_B_2C_4168a6e9,19,7,7,2,2823,6,2804,98,previous_physical_hour,NaN,false,NaN
20260811_121452_stage_B_2C_4168a6e9,19,8,8,1,2846,7,2822,97,previous_physical_hour,NaN,false,NaN
20260811_121452_stage_B_2C_4168a6e9,19,8,8,2,2847,7,2823,98,previous_physical_hour,NaN,false,NaN
20260811_121452_stage_B_2C_4168a6e9,19,9,9,1,2870,8,2846,97,previous_physical_hour,NaN,false,NaN
20260811_121452_stage_B_2C_4168a6e9,19,9,9,2,2871,8,2847,98,previous_physical_hour,NaN,false,NaN
20260811_121452_stage_B_2C_4168a6e9,19,10,10,1,2894,9,2870,97,previous_physical_hour,NaN,false,NaN
20260811_121452_stage_B_2C_4168a6e9,19,10,10,2,2895,9,2871,98,previous_physical_hour,NaN,false,NaN
20260811_121452_stage_B_2C_4168a6e9,19,11,11,1,2918,10,2894,97,previous_physical_hour,NaN,false,NaN
20260811_121452_stage_B_2C_4168a6e9,19,11,11,2,2919,10,2895,98,previous_physical_hour,NaN,false,NaN
20260811_121452_stage_B_2C_4168a6e9,19,12,12,1,2942,11,2918,97,previous_physical_hour,NaN,false,NaN
20260811_121452_stage_B_2C_4168a6e9,19,12,12,2,2943,11,2919,98,previous_physical_hour,NaN,false,NaN
20260811_121452_stage_B_2C_4168a6e9,19,13,13,1,2966,12,2942,97,previous_physical_hour,NaN,false,NaN
20260811_121452_stage_B_2C_4168a6e9,19,13,13,2,2967,12,2943,98,previous_physical_hour,NaN,false,NaN
20260811_121452_stage_B_2C_4168a6e9,19,14,14,1,2990,13,2966,97,previous_physical_hour,NaN,false,NaN
20260811_121452_stage_B_2C_4168a6e9,19,14,14,2,2991,13,2967,98,previous_physical_hour,NaN,false,NaN
20260811_121452_stage_B_2C_4168a6e9,19,15,15,1,3014,14,2990,97,previous_physical_hour,NaN,false,NaN
20260811_121452_stage_B_2C_4168a6e9,19,15,15,2,3015,14,2991,98,previous_physical_hour,NaN,false,NaN
20260811_121452_stage_B_2C_4168a6e9,19,16,16,1,3038,15,3014,97,previous_physical_hour,NaN,false,NaN
20260811_121452_stage_B_2C_4168a6e9,19,16,16,2,3039,15,3015,98,previous_physical_hour,NaN,false,NaN
20260811_121452_stage_B_2C_4168a6e9,19,17,17,1,3062,16,3038,97,previous_physical_hour,NaN,false,NaN
20260811_121452_stage_B_2C_4168a6e9,19,17,17,2,3063,16,3039,98,previous_physical_hour,NaN,false,NaN
20260811_121452_stage_B_2C_4168a6e9,19,18,18,1,3086,17,3062,97,previous_physical_hour,NaN,false,NaN
20260811_121452_stage_B_2C_4168a6e9,19,18,18,2,3087,17,3063,98,previous_physical_hour,NaN,false,NaN
20260811_121452_stage_B_2C_4168a6e9,19,19,19,1,3110,18,3086,97,previous_physical_hour,NaN,false,NaN
20260811_121452_stage_B_2C_4168a6e9,19,19,19,2,3111,18,3087,98,previous_physical_hour,NaN,false,NaN
20260811_121452_stage_B_2C_4168a6e9,19,20,20,1,3129,19,3110,97,previous_physical_hour,NaN,false,NaN
20260811_121452_stage_B_2C_4168a6e9,19,20,20,2,3130,19,3111,98,previous_physical_hour,NaN,false,NaN
20260811_121452_stage_B_2C_4168a6e9,19,21,21,1,3148,20,3129,97,previous_physical_hour,NaN,false,NaN
20260811_121452_stage_B_2C_4168a6e9,19,21,21,2,3149,20,3130,98,previous_physical_hour,NaN,false,NaN
20260811_121452_stage_B_2C_4168a6e9,19,22,22,1,3167,21,3148,97,previous_physical_hour,NaN,false,NaN
20260811_121452_stage_B_2C_4168a6e9,19,22,22,2,3168,21,3149,98,previous_physical_hour,NaN,false,NaN
20260811_121452_stage_B_2C_4168a6e9,19,23,23,1,3186,22,3167,97,previous_physical_hour,NaN,false,NaN
20260811_121452_stage_B_2C_4168a6e9,19,23,23,2,3187,22,3168,98,previous_physical_hour,NaN,false,NaN
20260811_121452_stage_B_2C_4168a6e9,19,24,24,1,3205,23,3186,97,previous_physical_hour,NaN,true,0.5
20260811_121452_stage_B_2C_4168a6e9,19,24,24,2,3206,23,3187,98,previous_physical_hour,NaN,true,0.5
20260811_121452_stage_B_2C_4168a6e9,20,1,1,1,3224,NaN,0,111,formal_daily_fixed_half_energy,0.5,false,NaN
20260811_121452_stage_B_2C_4168a6e9,20,1,1,2,3225,NaN,0,112,formal_daily_fixed_half_energy,0.5,false,NaN
20260811_121452_stage_B_2C_4168a6e9,20,2,2,1,3243,1,3224,111,previous_physical_hour,NaN,false,NaN
20260811_121452_stage_B_2C_4168a6e9,20,2,2,2,3244,1,3225,112,previous_physical_hour,NaN,false,NaN
20260811_121452_stage_B_2C_4168a6e9,20,3,3,1,3262,2,3243,111,previous_physical_hour,NaN,false,NaN
20260811_121452_stage_B_2C_4168a6e9,20,3,3,2,3263,2,3244,112,previous_physical_hour,NaN,false,NaN
20260811_121452_stage_B_2C_4168a6e9,20,4,4,1,3281,3,3262,111,previous_physical_hour,NaN,false,NaN
20260811_121452_stage_B_2C_4168a6e9,20,4,4,2,3282,3,3263,112,previous_physical_hour,NaN,false,NaN
20260811_121452_stage_B_2C_4168a6e9,20,5,5,1,3300,4,3281,111,previous_physical_hour,NaN,false,NaN
20260811_121452_stage_B_2C_4168a6e9,20,5,5,2,3301,4,3282,112,previous_physical_hour,NaN,false,NaN
20260811_121452_stage_B_2C_4168a6e9,20,6,6,1,3319,5,3300,111,previous_physical_hour,NaN,false,NaN
20260811_121452_stage_B_2C_4168a6e9,20,6,6,2,3320,5,3301,112,previous_physical_hour,NaN,false,NaN
20260811_121452_stage_B_2C_4168a6e9,20,7,7,1,3338,6,3319,111,previous_physical_hour,NaN,false,NaN
20260811_121452_stage_B_2C_4168a6e9,20,7,7,2,3339,6,3320,112,previous_physical_hour,NaN,false,NaN
20260811_121452_stage_B_2C_4168a6e9,20,8,8,1,3362,7,3338,111,previous_physical_hour,NaN,false,NaN
20260811_121452_stage_B_2C_4168a6e9,20,8,8,2,3363,7,3339,112,previous_physical_hour,NaN,false,NaN
20260811_121452_stage_B_2C_4168a6e9,20,9,9,1,3386,8,3362,111,previous_physical_hour,NaN,false,NaN
20260811_121452_stage_B_2C_4168a6e9,20,9,9,2,3387,8,3363,112,previous_physical_hour,NaN,false,NaN
20260811_121452_stage_B_2C_4168a6e9,20,10,10,1,3410,9,3386,111,previous_physical_hour,NaN,false,NaN
20260811_121452_stage_B_2C_4168a6e9,20,10,10,2,3411,9,3387,112,previous_physical_hour,NaN,false,NaN
20260811_121452_stage_B_2C_4168a6e9,20,11,11,1,3434,10,3410,111,previous_physical_hour,NaN,false,NaN
20260811_121452_stage_B_2C_4168a6e9,20,11,11,2,3435,10,3411,112,previous_physical_hour,NaN,false,NaN
20260811_121452_stage_B_2C_4168a6e9,20,12,12,1,3458,11,3434,111,previous_physical_hour,NaN,false,NaN
20260811_121452_stage_B_2C_4168a6e9,20,12,12,2,3459,11,3435,112,previous_physical_hour,NaN,false,NaN
20260811_121452_stage_B_2C_4168a6e9,20,13,13,1,3482,12,3458,111,previous_physical_hour,NaN,false,NaN
20260811_121452_stage_B_2C_4168a6e9,20,13,13,2,3483,12,3459,112,previous_physical_hour,NaN,false,NaN
20260811_121452_stage_B_2C_4168a6e9,20,14,14,1,3506,13,3482,111,previous_physical_hour,NaN,false,NaN
20260811_121452_stage_B_2C_4168a6e9,20,14,14,2,3507,13,3483,112,previous_physical_hour,NaN,false,NaN
20260811_121452_stage_B_2C_4168a6e9,20,15,15,1,3530,14,3506,111,previous_physical_hour,NaN,false,NaN
20260811_121452_stage_B_2C_4168a6e9,20,15,15,2,3531,14,3507,112,previous_physical_hour,NaN,false,NaN
20260811_121452_stage_B_2C_4168a6e9,20,16,16,1,3554,15,3530,111,previous_physical_hour,NaN,false,NaN
20260811_121452_stage_B_2C_4168a6e9,20,16,16,2,3555,15,3531,112,previous_physical_hour,NaN,false,NaN
20260811_121452_stage_B_2C_4168a6e9,20,17,17,1,3578,16,3554,111,previous_physical_hour,NaN,false,NaN
20260811_121452_stage_B_2C_4168a6e9,20,17,17,2,3579,16,3555,112,previous_physical_hour,NaN,false,NaN
20260811_121452_stage_B_2C_4168a6e9,20,18,18,1,3602,17,3578,111,previous_physical_hour,NaN,false,NaN
20260811_121452_stage_B_2C_4168a6e9,20,18,18,2,3603,17,3579,112,previous_physical_hour,NaN,false,NaN
20260811_121452_stage_B_2C_4168a6e9,20,19,19,1,3626,18,3602,111,previous_physical_hour,NaN,false,NaN
20260811_121452_stage_B_2C_4168a6e9,20,19,19,2,3627,18,3603,112,previous_physical_hour,NaN,false,NaN
20260811_121452_stage_B_2C_4168a6e9,20,20,20,1,3645,19,3626,111,previous_physical_hour,NaN,false,NaN
20260811_121452_stage_B_2C_4168a6e9,20,20,20,2,3646,19,3627,112,previous_physical_hour,NaN,false,NaN
20260811_121452_stage_B_2C_4168a6e9,20,21,21,1,3664,20,3645,111,previous_physical_hour,NaN,false,NaN
20260811_121452_stage_B_2C_4168a6e9,20,21,21,2,3665,20,3646,112,previous_physical_hour,NaN,false,NaN
20260811_121452_stage_B_2C_4168a6e9,20,22,22,1,3683,21,3664,111,previous_physical_hour,NaN,false,NaN
20260811_121452_stage_B_2C_4168a6e9,20,22,22,2,3684,21,3665,112,previous_physical_hour,NaN,false,NaN
20260811_121452_stage_B_2C_4168a6e9,20,23,23,1,3702,22,3683,111,previous_physical_hour,NaN,false,NaN
20260811_121452_stage_B_2C_4168a6e9,20,23,23,2,3703,22,3684,112,previous_physical_hour,NaN,false,NaN
20260811_121452_stage_B_2C_4168a6e9,20,24,24,1,3721,23,3702,111,previous_physical_hour,NaN,true,0.5
20260811_121452_stage_B_2C_4168a6e9,20,24,24,2,3722,23,3703,112,previous_physical_hour,NaN,true,0.5
