run_id,experiment_iteration,source_equivalent_revision,constraint_id,day,hydro_id,bound_type,inequality_position,g_before,g_after,l_before,l_trial,l_corrected,linearized_constraint_increment,second_order_remainder,residual_before,residual_trial,residual_corrected,expected_damped_residual,closure_error,closure_tolerance,strictly_positive
20260811_101510_stage_B_WATER2_4168a6e9,1,28,INEQ-WATER-D014-HYDRO01-UPPER,14,1,upper,7249,-43.261851565606776,-51.433182953347568,43.268105717030103,51.433603711304691,51.433186080423283,-8.1717490186222026,0.00041763088140989169,0.0062541514233274142,0.00042075795712293029,3.1270757148149642e-06,3.1270757116633629e-06,3.151601226628227e-15,3.637978807091713e-12,true
20260811_101510_stage_B_WATER2_4168a6e9,1,28,INEQ-WATER-D014-HYDRO01-LOWER,14,1,lower,7250,-3848.2881484343961,-3840.1168170466553,3848.2818942830149,3840.1163962886981,3840.1168139195793,8.1717490186222026,-0.00041763088140989169,-0.0062541513811993354,-0.00042075795727214427,-3.127076070086332e-06,-3.1270756905993235e-06,-3.7948700857943726e-13,2.3283064365386963e-10,true
20260811_101510_stage_B_WATER2_4168a6e9,1,28,INEQ-WATER-D014-HYDRO02-UPPER,14,2,upper,7251,-42.726399616309209,-50.89488223328226,42.732227890767689,50.895239139986693,50.894885147419494,-8.1688366095402518,0.00035399256720047845,0.0058282744584801094,0.00035690670443244699,2.9141372337448956e-06,2.9141372292397336e-06,4.5051619939229671e-15,3.637978807091713e-12,true
20260811_101510_stage_B_WATER2_4168a6e9,1,28,INEQ-WATER-D014-HYDRO02-LOWER,14,2,lower,7252,-3791.433600383687,-3783.265117766714,3791.4277721092717,3783.2647608600096,3783.265114852577,8.1688366095402518,-0.00035399256720047845,-0.0058282744153075328,-0.00035690670438270899,-2.9141369850549381e-06,-2.9141372076534454e-06,2.2259850729781168e-13,2.3283064365386963e-10,true
20260811_101510_stage_B_WATER2_4168a6e9,1,28,INEQ-WATER-D014-HYDRO03-UPPER,14,3,upper,7253,-37.447914647287689,-44.496419264396536,37.449616331138749,44.496935532174291,44.496420115238465,-7.0490200340446743,0.0005154169358272398,0.0017016838510599541,0.00051626777775481969,8.5084192846807127e-07,8.5084192552988339e-07,2.938187887435717e-15,3.637978807091713e-12,true
20260811_101510_stage_B_WATER2_4168a6e9,1,28,INEQ-WATER-D014-HYDRO03-LOWER,14,3,lower,7254,-1968.0620853527143,-1961.0135807356055,1968.0603836688897,1961.0130644678277,1961.0135798847634,7.0490200340446743,-0.0005154169358272398,-0.0017016838246490806,-0.00051626777781166311,-8.5084207057661843e-07,-8.5084191232444661e-07,-1.5825217181066227e-13,1.1641532182693481e-10,true
20260811_101510_stage_B_WATER2_4168a6e9,1,28,INEQ-WATER-D014-HYDRO04-UPPER,14,4,upper,7255,-37.48318954077331,-44.545968583908689,37.484892184070397,44.546485282306527,44.54596943523034,-7.0632948902115684,0.0005158470761896794,0.0017026432970865812,0.00051669839783841098,8.5132165139611971e-07,8.5132164854319691e-07,2.8529227981080206e-15,3.637978807091713e-12,true
20260811_101510_stage_B_WATER2_4168a6e9,1,28,INEQ-WATER-D014-HYDRO04-LOWER,14,4,lower,7256,-1970.3468104592284,-1963.2840314160931,1970.3451078159578,1963.2835147176952,1963.2840305647715,7.0632948902115684,-0.0005158470761896794,-0.0017026432706188643,-0.00051669839785972727,-8.513216016581282e-07,-8.5132163530933837e-07,3.3651210166863832e-14,1.1641532182693481e-10,true
20260811_101510_stage_B_WATER2_4168a6e9,1,28,INEQ-WATER-D015-HYDRO01-UPPER,15,1,upper,7257,-31.512693129181571,-36.965856315917335,31.515079354491775,36.966334839486152,36.965857509029995,-5.4536405171919222,0.00047733045615760972,0.0023862253102038267,0.00047852356881605829,1.193112659336748e-06,1.1931126551017819e-06,4.2349661070453706e-15,3.637978807091713e-12,true
20260811_101510_stage_B_WATER2_4168a6e9,1,28,INEQ-WATER-D015-HYDRO01-LOWER,15,1,lower,7258,-3854.5473068708161,-3849.0941436840803,3854.5449206455482,3849.0936651605116,3849.0941424909679,5.4536405171919222,-0.00047733045615760972,-0.0023862252678554796,-0.00047852356874500401,-1.1931124390685e-06,-1.1931126339276085e-06,1.9485910852916767e-13,2.3283064365386963e-10,true
20260811_101510_stage_B_WATER2_4168a6e9,1,28,INEQ-WATER-D015-HYDRO02-UPPER,15,2,upper,7259,-31.083033033391985,-36.533911762111529,31.085258491978955,36.534347376037744,36.533912874840823,-5.4513132299164679,0.00043450119692334255,0.0022254585869703192,0.00043561392621427331,1.1127292935952937e-06,1.1127292934850371e-06,1.1025658467819777e-16,3.637978807091713e-12,true
20260811_101510_stage_B_WATER2_4168a6e9,1,28,INEQ-WATER-D015-HYDRO02-LOWER,15,2,lower,7260,-3796.3169669666095,-3790.8660882378899,3796.3147415080657,3790.8656526239638,3790.8660871251609,5.4513132299164679,-0.00043450119692334255,-0.0022254585437622154,-0.00043561392612900818,-1.1127290235890541e-06,-1.1127292718809851e-06,2.4829193101664788e-13,2.3283064365386963e-10,true
20260811_101510_stage_B_WATER2_4168a6e9,1,28,INEQ-WATER-D015-HYDRO03-UPPER,15,3,upper,7261,-28.024197842602007,-32.917042020282679,28.024979637975807,32.917392196876555,32.917042411180368,-4.8931939633768602,0.000349785696188043,0.00078179537380052011,0.00035017659387648337,3.9089768932853985e-07,3.9089768690021699e-07,2.4283228634622137e-15,3.637978807091713e-12,true
20260811_101510_stage_B_WATER2_4168a6e9,1,28,INEQ-WATER-D015-HYDRO03-LOWER,15,3,lower,7262,-1986.5058021573968,-1981.6129579797162,1986.5050203620494,1981.6126078031223,1981.6129575888185,4.8931939633768602,-0.000349785696188043,-0.00078179534739319934,-0.00035017659388358879,-3.9089763959054835e-07,-3.9089767369655661e-07,3.4106008255447353e-14,1.1641532182693481e-10,true
20260811_101510_stage_B_WATER2_4168a6e9,1,28,INEQ-WATER-D015-HYDRO04-UPPER,15,4,upper,7263,-28.954168170897901,-33.886646228394966,28.954913777941492,33.886986282596354,33.886646601198485,-4.9328177388949346,0.00033968139786999529,0.00074560704359072361,0.00034005420138782938,3.7280351961044289e-07,3.7280352179532076e-07,-2.1848778652456841e-15,3.637978807091713e-12,true
20260811_101510_stage_B_WATER2_4168a6e9,1,28,INEQ-WATER-D015-HYDRO04-LOWER,15,4,lower,7264,-2063.7558318291049,-2058.8233537716078,2063.7550862220864,2058.8230137174064,2058.8233533988041,4.9328177388949346,-0.00033968139786999529,-0.00074560701841619448,-0.00034005420138782938,-3.7280369724612683e-07,-3.728035092080562e-07,-1.8803807063072272e-13,2.3283064365386963e-10,true
20260811_101510_stage_B_WATER2_4168a6e9,1,28,INEQ-WATER-D016-HYDRO01-UPPER,16,1,upper,7265,-136.65579836179677,-171.75415803656506,136.65778326680808,171.754648894235,171.75415902901756,-35.098849539985743,0.00048986521745320033,0.0019849050113123212,0.00049085766994494406,9.924524988491612e-07,9.9245250565605137e-07,-6.8068901718247501e-15,1.4551915228366852e-11,true
20260811_101510_stage_B_WATER2_4168a6e9,1,28,INEQ-WATER-D016-HYDRO01-LOWER,16,1,lower,7266,-3690.2342016382026,-3655.1358419634344,3690.2322167332345,3655.1353511057646,3655.1358409709819,35.098849539985743,-0.00048986521745320033,-0.0019849049681397446,-0.00049085766977441381,-9.9245244200574234e-07,-9.9245248406976294e-07,4.2064020596574111e-14,2.3283064365386963e-10,true
20260811_101510_stage_B_WATER2_4168a6e9,1,28,INEQ-WATER-D016-HYDRO02-UPPER,16,2,upper,7267,-137.12996711902088,-172.31764758504869,137.13197268563334,172.31814505959903,172.317648587832,-35.188176937794843,0.00049647176702904972,0.0020055666124676463,0.0004974745503432132,1.0027833070580527e-06,1.0027833062337127e-06,8.2434008756441038e-16,1.4551915228366852e-11,true
20260811_101510_stage_B_WATER2_4168a6e9,1,28,INEQ-WATER-D016-HYDRO02-LOWER,16,2,lower,7268,-3703.6300328809739,-3668.4423524149461,3703.6280273144043,3668.4418549403958,3668.4423514121627,35.188176937794843,-0.00049647176702904972,-0.0020055665695508651,-0.00049747455022952636,-1.002783392323181e-06,-1.0027832847753222e-06,-1.0754785886320619e-13,2.3283064365386963e-10,true
20260811_101510_stage_B_WATER2_4168a6e9,1,28,INEQ-WATER-D016-HYDRO03-UPPER,16,3,upper,7269,-91.390561737021926,-112.80872663220725,91.390898784455359,112.80896628243664,112.80872680073097,-21.418404376891008,0.00023948170568033333,0.00033704743343321297,0.00023965022938909897,1.6852371231834695e-07,1.6852371671658792e-07,-4.3982409720514975e-15,7.2759576141834259e-12,true
20260811_101510_stage_B_WATER2_4168a6e9,1,28,INEQ-WATER-D016-HYDRO03-LOWER,16,3,lower,7270,-1938.3594382629781,-1916.9412733677927,1938.3591012155707,1916.9410337175634,1916.9412731992691,21.418404376891008,-0.00023948170568033333,-0.00033704740735629457,-0.00023965022933225555,-1.6852368389663752e-07,-1.6852370367812872e-07,1.9781491194904919e-14,1.1641532182693481e-10,true
20260811_101510_stage_B_WATER2_4168a6e9,1,28,INEQ-WATER-D016-HYDRO04-UPPER,16,4,upper,7271,-93.965783525629377,-115.92774352440392,93.966157508130053,115.92800871256732,115.92774371139518,-21.962224999946692,0.00026500117214567354,0.00037398250067610661,0.00026518816339660134,1.8699125803323113e-07,1.8699125033803271e-07,7.6951984257938216e-15,7.2759576141834259e-12,true
20260811_101510_stage_B_WATER2_4168a6e9,1,28,INEQ-WATER-D016-HYDRO04-LOWER,16,4,lower,7272,-1977.2842164743706,-1955.3222564755961,1977.2838424918955,1955.3219912874326,1955.3222562886049,21.962224999946692,-0.00026500117214567354,-0.00037398247513920069,-0.0002651881634392339,-1.8699120118981227e-07,-1.8699123756957976e-07,3.6379767484840138e-14,1.1641532182693481e-10,true
20260811_101510_stage_B_WATER2_4168a6e9,1,28,INEQ-WATER-D017-HYDRO01-UPPER,17,1,upper,7273,-62.1905576456993,-82.352076672046678,62.199177085673078,82.355761012177311,82.352080981766676,-20.16519905675802,0.0036800304106421322,0.0086194399737777871,0.0036843401306327905,4.3097199977637501e-06,4.3097199868884188e-06,1.087533129550582e-14,7.2759576141834259e-12,true
20260811_101510_stage_B_WATER2_4168a6e9,1,28,INEQ-WATER-D017-HYDRO01-LOWER,17,1,lower,7274,-3795.249442354303,-3775.0879233279557,3795.2408229143716,3775.0842389878248,3775.0879190182354,20.16519905675802,-0.0036800304106421322,-0.0086194399314081238,-0.0036843401308033208,-4.3097202251374256e-06,-4.309719965703587e-06,-2.5943383861548944e-13,2.3283064365386963e-10,true
20260811_101510_stage_B_WATER2_4168a6e9,1,28,INEQ-WATER-D017-HYDRO02-UPPER,17,2,upper,7275,-61.980482144448615,-82.112622141270549,61.989039422610873,82.116282870575162,82.112626419909645,-20.135796447487458,0.0036564506655238915,0.0085572781622573757,0.0036607293046131417,4.2786390963556187e-06,4.2786390811282169e-06,1.5227401825091465e-14,7.2759576141834259e-12,true
20260811_101510_stage_B_WATER2_4168a6e9,1,28,INEQ-WATER-D017-HYDRO02-LOWER,17,2,lower,7276,-3782.7095178555537,-3762.5773778587318,3782.7009605774342,3762.5737171294272,3762.5773735800926,20.135796447487458,-0.0036564506655238915,-0.0085572781194969139,-0.0036607293045562983,-4.2786391531990375e-06,-4.2786390597479855e-06,-9.3451052052154291e-14,2.3283064365386963e-10,true
20260811_101510_stage_B_WATER2_4168a6e9,1,28,INEQ-WATER-D017-HYDRO03-UPPER,17,3,upper,7277,-48.38582880586182,-61.056270598062838,48.386940343509316,61.05701316299119,61.056271153831659,-12.671183801360547,0.00074200915952893354,0.0011115376474961636,0.00074256492835189647,5.5576882118657522e-07,5.5576882374802054e-07,-2.5614453143097782e-15,3.637978807091713e-12,true
20260811_101510_stage_B_WATER2_4168a6e9,1,28,INEQ-WATER-D017-HYDRO03-LOWER,17,3,lower,7278,-1955.0341711941364,-1942.3637294019354,1955.0330596565154,1942.3629868370072,1942.3637288461666,12.671183801360547,-0.00074200915952893354,-0.001111537621000025,-0.00074256492825952591,-5.5576879276486579e-07,-5.5576881049995122e-07,1.7735085428843421e-14,1.1641532182693481e-10,true
20260811_101510_stage_B_WATER2_4168a6e9,1,28,INEQ-WATER-D017-HYDRO04-UPPER,17,4,upper,7279,-49.426000567818846,-62.459002713385416,49.427252619833375,62.459865690304085,62.459003339411424,-13.033864496459231,0.00086235089266040177,0.0012520520145287151,0.00086297691866832338,6.2602600792160956e-07,6.260260072642886e-07,6.5732096635450496e-16,3.637978807091713e-12,true
20260811_101510_stage_B_WATER2_4168a6e9,1,28,INEQ-WATER-D017-HYDRO04-LOWER,17,4,lower,7280,-1985.0539994321807,-1972.0209972866141,1985.0527473801924,1972.0201343096955,1972.0209966605883,13.033864496459231,-0.00086235089266040177,-0.0012520519883310044,-0.0008629769185972691,-6.2602589423477184e-07,-6.2602599416543324e-07,9.9930661398654188e-14,1.1641532182693481e-10,true
20260811_101510_stage_B_WATER2_4168a6e9,1,28,INEQ-WATER-D018-HYDRO01-UPPER,18,1,upper,7281,-12.872539369702281,-14.565875761487405,12.890542423462502,14.569529792343312,14.565884763014285,-1.6969814211141514,0.0036450293290275493,0.018003053760221377,0.0036540308559072088,9.0015268803256276e-06,9.0015268801096969e-06,2.1593072111174977e-16,9.0949470177292824e-13,true
20260811_101510_stage_B_WATER2_4168a6e9,1,28,INEQ-WATER-D018-HYDRO01-LOWER,18,1,lower,7282,-3861.7374606302983,-3860.0441242385132,3861.7194575765802,3860.0404702076571,3860.0441152369863,1.6969814211141514,-0.0036450293290275493,-0.018003053718075535,-0.0036540308560688572,-9.0015269051946234e-06,-9.0015268590367759e-06,-4.6157847509442629e-14,2.3283064365386963e-10,true
20260811_101510_stage_B_WATER2_4168a6e9,1,28,INEQ-WATER-D018-HYDRO02-UPPER,18,2,upper,7283,-12.927506819512928,-14.619765860443295,12.946418337118009,14.623828467904159,14.619775316202098,-1.6963121926324285,0.0040531517020618857,0.018911517605081585,0.0040626074608649532,9.4557588035115714e-06,9.4557588025397502e-06,9.7182122917559288e-16,9.0949470177292824e-13,true
20260811_101510_stage_B_WATER2_4168a6e9,1,28,INEQ-WATER-D018-HYDRO02-LOWER,18,2,lower,7284,-3885.0524931804903,-3883.3602341395599,3885.0335816629272,3883.3561715320989,3883.3602246838009,1.6963121926324285,-0.0040531517020618857,-0.01891151756308318,-0.0040626074610372598,-9.4557590273325332e-06,-9.4557587815405481e-06,-2.4579198505886909e-13,2.3283064365386963e-10,true
20260811_101510_stage_B_WATER2_4168a6e9,1,28,INEQ-WATER-D018-HYDRO03-UPPER,18,3,upper,7285,-11.916525310341967,-13.566810034706577,11.917972021829238,13.567152945211195,13.566810758062321,-1.6506269115134844,0.00034218714887424007,0.0014467114872704911,0.00034291050461732198,7.2335574330395502e-07,7.2335574363516587e-07,-3.3121084644187598e-16,9.0949470177292824e-13,true
20260811_101510_stage_B_WATER2_4168a6e9,1,28,INEQ-WATER-D018-HYDRO03-LOWER,18,3,lower,7286,-1989.0934746896601,-1987.4431899652955,1989.0920279781992,1987.4428470547909,1987.4431892419398,1.6506269115134844,-0.00034218714887424007,-0.0014467114608578413,-0.00034291050451429328,-7.233556971186772e-07,-7.2335573042884098e-07,3.3310163785596676e-14,1.1641532182693481e-10,true
20260811_101510_stage_B_WATER2_4168a6e9,1,28,INEQ-WATER-D018-HYDRO04-UPPER,18,4,upper,7287,-11.943139346072712,-13.597052147390059,11.94459376485869,13.597394763930957,13.597052874599452,-1.6542546906488511,0.00034188933150436362,0.0014544187859772961,0.00034261654089817739,7.27209393147632e-07,7.27209392988568e-07,1.5906399952752984e-16,9.0949470177292824e-13,true
20260811_101510_stage_B_WATER2_4168a6e9,1,28,INEQ-WATER-D018-HYDRO04-LOWER,18,4,lower,7288,-1995.0968606539245,-1993.4429478526072,1995.095406235165,1993.4426052360664,1993.442947125398,1.6542546906488511,-0.00034188933150436362,-0.0014544187595220137,-0.00034261654082001769,-7.272092261700891e-07,-7.2720937976092679e-07,1.5359083769357282e-13,1.1641532182693481e-10,true
20260811_101510_stage_B_WATER2_4168a6e9,1,28,INEQ-WATER-D019-HYDRO01-UPPER,19,1,upper,7289,-20.305801602371503,-23.053599654296704,20.311510213342284,23.054391079316844,23.053602508602189,-2.7485866226398543,0.00078857071465288087,0.0057086109707817911,0.00079142502013951344,2.8543054853003014e-06,2.8543054853905811e-06,-9.027973613367872e-17,1.8189894035458565e-12,true
20260811_101510_stage_B_WATER2_4168a6e9,1,28,INEQ-WATER-D019-HYDRO01-LOWER,19,1,lower,7290,-3839.5741983976259,-3836.8264003457007,3839.5684897866977,3836.8256089206807,3836.8263974913953,2.7485866226398543,-0.00078857071465288087,-0.0057086109281954123,-0.00079142501999740489,-2.8543054213514552e-06,-2.8543054640973917e-06,4.2745936540980684e-14,2.3283064365386963e-10,true
20260811_101510_stage_B_WATER2_4168a6e9,1,28,INEQ-WATER-D019-HYDRO02-UPPER,19,2,upper,7291,-20.189720012924226,-22.947200512513518,20.195366740452695,22.947995289941186,22.947203335877283,-2.7582724536531953,0.00079195406390342171,0.0056467275284681762,0.00079477742766798087,2.8233637650032506e-06,2.8233637642337771e-06,7.6947352840601307e-16,1.8189894035458565e-12,true
20260811_101510_stage_B_WATER2_4168a6e9,1,28,INEQ-WATER-D019-HYDRO02-LOWER,19,2,lower,7292,-3807.3602799870787,-3804.6027994874894,3807.3546332595934,3804.6020047100619,3804.6027966641259,2.7582724536531953,-0.00079195406390342171,-0.005646727485327574,-0.00079477742747258162,-2.8233635021024384e-06,-2.8233637426634762e-06,2.4056103780189359e-13,2.3283064365386963e-10,true
20260811_101510_stage_B_WATER2_4168a6e9,1,28,INEQ-WATER-D019-HYDRO03-UPPER,19,3,upper,7293,-19.10817737616162,-21.801326419801626,19.108932366006695,21.801574410334617,21.801326797296547,-2.6933966566780736,0.00024761303806819512,0.00075498984507404998,0.00024799053299062734,3.774949206558631e-07,3.7749492253698341e-07,-1.8811203095363857e-15,1.8189894035458565e-12,true
20260811_101510_stage_B_WATER2_4168a6e9,1,28,INEQ-WATER-D019-HYDRO03-LOWER,19,3,lower,7294,-2016.4418226238377,-2013.7486735801976,2016.4410676340185,2013.7484255896647,2013.7486732027028,2.6933966566780736,-0.00024761303806819512,-0.00075498981914279284,-0.00024799053289825679,-3.7749487091787159e-07,-3.7749490957135485e-07,3.8653483250854817e-14,1.1641532182693481e-10,true
20260811_101510_stage_B_WATER2_4168a6e9,1,28,INEQ-WATER-D019-HYDRO04-UPPER,19,4,upper,7295,-19.074258334196202,-21.775608589749027,19.075011308059469,21.775859310939921,21.775608966235957,-2.7016006002567874,0.00025034470396256836,0.00075297386326766969,0.00025072119089486478,3.764869305200591e-07,3.764869316337934e-07,-1.1137342938288808e-15,1.8189894035458565e-12,true
20260811_101510_stage_B_WATER2_4168a6e9,1,28,INEQ-WATER-D019-HYDRO04-LOWER,19,4,lower,7296,-2010.5957416658057,-2007.8943914102529,2010.5949886919686,2007.8941406890619,2007.8943910337659,2.7016006002567874,-0.00025034470396256836,-0.00075297383705219545,-0.00025072119092328649,-3.7648692341463175e-07,-3.7648691852605627e-07,-4.8885754809041256e-15,1.1641532182693481e-10,true
20260811_101510_stage_B_WATER2_4168a6e9,1,28,INEQ-WATER-D020-HYDRO01-UPPER,20,1,upper,7297,-30.220265234231192,-35.774690624959476,30.223439014621682,35.775199187224629,35.774692211849668,-5.5549323661032455,0.00050697537496180445,0.0031737803904903217,0.00050856226515350045,1.5868901925841783e-06,1.586890195244986e-06,-2.6608076788577463e-15,3.637978807091713e-12,true
20260811_101510_stage_B_WATER2_4168a6e9,1,28,INEQ-WATER-D020-HYDRO01-LOWER,20,1,lower,7298,-3799.0297347657688,-3793.4753093750405,3799.0265609854214,3793.4748008127754,3793.4753077881505,5.5549323661032455,-0.00050697537496180445,-0.0031737803474243265,-0.0005085622651677113,-1.5868899936322123e-06,-1.5868901737119884e-06,1.8007977612174541e-13,2.3283064365386963e-10,true
20260811_101510_stage_B_WATER2_4168a6e9,1,28,INEQ-WATER-D020-HYDRO02-UPPER,20,2,upper,7299,-30.570374436501879,-36.134932689463312,30.573743252511498,36.135518268422977,36.134934373871317,-5.5651421475130958,0.00058389455166274473,0.0033688160096190245,0.00058557895966515616,1.6844080050759658e-06,1.6844080048093268e-06,2.666389837738389e-16,3.637978807091713e-12,true
20260811_101510_stage_B_WATER2_4168a6e9,1,28,INEQ-WATER-D020-HYDRO02-LOWER,20,2,lower,7300,-3847.959625563497,-3842.3950673105355,3847.9562567475296,3842.394481731576,3842.3950656261277,5.5651421475130958,-0.00058389455166274473,-0.0033688159674056806,-0.0005855789595443639,-1.6844078345457092e-06,-1.6844079837026547e-06,1.491569454753483e-13,2.3283064365386963e-10,true
20260811_101510_stage_B_WATER2_4168a6e9,1,28,INEQ-WATER-D020-HYDRO03-UPPER,20,3,upper,7301,-26.948519182860764,-31.849875101688667,26.949615294934496,31.850354114647274,31.849875649744703,-4.9018343837304732,0.00047846490256997498,0.0010961120737320584,0.00047901295860697246,5.480560361093012e-07,5.4805603686596886e-07,-7.5666766079294893e-16,1.8189894035458565e-12,true
20260811_101510_stage_B_WATER2_4168a6e9,1,28,INEQ-WATER-D020-HYDRO03-LOWER,20,3,lower,7302,-1978.4314808171403,-1973.5301248983124,1978.430384705093,1973.5296458853538,1973.5301243502563,4.9018343837304732,-0.00047846490256997498,-0.0010961120472074981,-0.00047901295852170733,-5.4805605032015592e-07,-5.4805602360368866e-07,-2.6716467253793741e-14,1.1641532182693481e-10,true
20260811_101510_stage_B_WATER2_4168a6e9,1,28,INEQ-WATER-D020-HYDRO04-UPPER,20,4,upper,7303,-27.242758386935748,-32.173505125330848,27.243827047064237,32.173969320820412,32.173505659660911,-4.9312103995545993,0.00046366115949858511,0.0010686601284888297,0.00046419548956322387,5.3433006286240925e-07,5.34330064244356e-07,-1.381946747181363e-15,3.637978807091713e-12,true
20260811_101510_stage_B_WATER2_4168a6e9,1,28,INEQ-WATER-D020-HYDRO04-LOWER,20,4,lower,7304,-2001.6172416130648,-1996.6864948746697,2001.6161729529626,1996.6860306791802,1996.6864943403398,4.9312103995545993,-0.00046366115949858511,-0.0010686601021916431,-0.00046419548948506417,-5.3432995628099889e-07,-5.3433005109576265e-07,9.4814763768168045e-14,1.1641532182693481e-10,true
20260811_101510_stage_B_WATER2_4168a6e9,2,29,INEQ-WATER-D014-HYDRO01-UPPER,14,1,upper,7249,-51.433182953347568,-58.667848050470639,51.433186080423283,58.668174589226794,58.667848052034181,-7.2349916343156861,0.00032653719261599434,3.1270757148149642e-06,0.00032653875615551442,1.5635421846127429e-09,1.5635378574073098e-09,4.3272054330162116e-15,3.637978807091713e-12,true
20260811_101510_stage_B_WATER2_4168a6e9,2,29,INEQ-WATER-D014-HYDRO01-LOWER,14,1,lower,7250,-3840.1168170466553,-3832.8821519495323,3840.1168139195793,3832.8818254107759,3832.8821519479684,7.2349916343156861,-0.00032653719261599434,-3.127076070086332e-06,-0.00032653875632604468,-1.5638761396985501e-09,-1.5635380350429937e-09,-3.3810465555636463e-13,2.3283064365386963e-10,true
20260811_101510_stage_B_WATER2_4168a6e9,2,29,INEQ-WATER-D014-HYDRO02-UPPER,14,2,upper,7251,-50.89488223328226,-58.127017829669057,50.894885147419494,58.127294819636276,58.127017831126125,-7.2324125848969452,0.00027698851014790193,2.9141372337448956e-06,0.00027698996721881031,1.4570673556590918e-09,1.4570686168722873e-09,-1.2612131954349645e-15,3.637978807091713e-12,true
20260811_101510_stage_B_WATER2_4168a6e9,2,29,INEQ-WATER-D014-HYDRO02-LOWER,14,2,lower,7252,-3783.265117766714,-3776.0329821703272,3783.265114852577,3776.0327051803602,3776.0329821688701,7.2324125848969452,-0.00027698851014790193,-2.9141369850549381e-06,-0.00027698996700564749,-1.457010512240231e-09,-1.4570684925273086e-09,5.7980287077575952e-14,2.3283064365386963e-10,true
20260811_101510_stage_B_WATER2_4168a6e9,2,29,INEQ-WATER-D014-HYDRO03-UPPER,14,3,upper,7253,-44.496419264396536,-50.726457248296356,44.496420115238465,50.726855160563076,50.726457248721779,-6.230435895741115,0.00039791184129533974,8.5084192846807127e-07,0.00039791226672036828,4.2542325218164478e-10,4.254209642339888e-10,2.287947655987452e-15,3.637978807091713e-12,true
20260811_101510_stage_B_WATER2_4168a6e9,2,29,INEQ-WATER-D014-HYDRO03-LOWER,14,3,lower,7254,-1961.0135807356055,-1954.7835427517057,1961.0135798847634,1954.783144839439,1954.7835427512803,6.230435895741115,-0.00039791184129533974,-8.5084207057661843e-07,-0.00039791226663510315,-4.2541614675428718e-10,-4.2542103528826234e-10,4.8885339751523368e-15,1.1641532182693481e-10,true
20260811_101510_stage_B_WATER2_4168a6e9,2,29,INEQ-WATER-D014-HYDRO04-UPPER,14,4,upper,7255,-44.545968583908689,-50.788611192303506,44.54596943523034,50.789009438178866,50.788611192729171,-6.2430408538445148,0.00039824544969757625,8.5132165139611971e-07,0.00039824587535974842,4.2566483671180322e-10,4.2566082569801296e-10,4.0110137902594617e-15,3.637978807091713e-12,true
20260811_101510_stage_B_WATER2_4168a6e9,2,29,INEQ-WATER-D014-HYDRO04-LOWER,14,4,lower,7256,-1963.2840314160931,-1957.0413888076982,1963.2840305647715,1957.0409905618228,1957.0413888072726,6.2430408538445148,-0.00039824544969757625,-8.513216016581282e-07,-0.0003982458754308027,-4.2564352042973042e-10,-4.2566080082901722e-10,1.7280399286799799e-14,1.1641532182693481e-10,true
20260811_101510_stage_B_WATER2_4168a6e9,2,29,INEQ-WATER-D015-HYDRO01-UPPER,15,1,upper,7257,-36.965856315917335,-41.819428477501788,36.965857509029995,41.819794539585459,41.819428478098345,-4.8539382230715677,0.00036606148711548769,1.193112659336748e-06,0.00036606208367118143,5.9655747008946491e-10,5.9655632966830827e-10,1.1404211566425846e-15,3.637978807091713e-12,true
20260811_101510_stage_B_WATER2_4168a6e9,2,29,INEQ-WATER-D015-HYDRO01-LOWER,15,1,lower,7258,-3849.0941436840803,-3844.2405715224959,3849.0941424909679,3844.2402054604122,3844.2405715218993,4.8539382230715677,-0.00036606148711548769,-1.1931124390685e-06,-0.00036606208368539228,-5.9662852436304092e-10,-5.9655621953418427e-10,-7.2304828856653233e-14,2.3283064365386963e-10,true
20260811_101510_stage_B_WATER2_4168a6e9,2,29,INEQ-WATER-D015-HYDRO02-UPPER,15,2,upper,7259,-36.533911762111529,-41.385240791474644,36.533912874840823,41.385574308174448,41.385240792031006,-4.8516625455065538,0.00033351614343946068,1.1127292935952937e-06,0.00033351669980419274,5.5636206752751605e-10,5.5636464679758563e-10,-2.5792700695804276e-15,3.637978807091713e-12,true
20260811_101510_stage_B_WATER2_4168a6e9,2,29,INEQ-WATER-D015-HYDRO02-LOWER,15,2,lower,7260,-3790.8660882378899,-3786.0147592085268,3790.8660871251609,3786.014425691827,3786.0147592079707,4.8516625455065538,-0.00033351614343946068,-1.1127290235890541e-06,-0.00033351669981129817,-5.5615601013414562e-10,-5.5636451179446583e-10,2.0850166032021341e-13,2.3283064365386963e-10,true
20260811_101510_stage_B_WATER2_4168a6e9,2,29,INEQ-WATER-D015-HYDRO03-UPPER,15,3,upper,7261,-32.917042020282679,-37.266036373894167,32.917042411180368,37.266309560455838,37.266036374089616,-4.3492675399777072,0.00027318636621931347,3.9089768932853985e-07,0.00027318656167096833,1.9544899032553076e-10,1.954488446642484e-10,1.4566128235426687e-16,3.637978807091713e-12,true
20260811_101510_stage_B_WATER2_4168a6e9,2,29,INEQ-WATER-D015-HYDRO03-LOWER,15,3,lower,7262,-1981.6129579797162,-1977.2639636261047,1981.6129575888185,1977.2636904395431,1977.2639636259094,4.3492675399777072,-0.00027318636621931347,-3.9089763959054835e-07,-0.00027318656157149235,-1.9531398720573634e-10,-1.9544881979525266e-10,1.3483258951632102e-13,1.1641532182693481e-10,true
20260811_101510_stage_B_WATER2_4168a6e9,2,29,INEQ-WATER-D015-HYDRO04-UPPER,15,4,upper,7263,-33.886646228394966,-38.271815737527504,33.886646601198485,38.272081253938737,38.271815737713908,-4.3854350253573688,0.00026551622483061976,3.7280351961044289e-07,0.00026551641123262471,1.8640378129930468e-10,1.8640175980520091e-10,2.0214941037730709e-15,3.637978807091713e-12,true
20260811_101510_stage_B_WATER2_4168a6e9,2,29,INEQ-WATER-D015-HYDRO04-LOWER,15,4,lower,7264,-2058.8233537716078,-2054.4381842624753,2058.8233533988041,2054.437918746064,2054.4381842622888,4.3854350253573688,-0.00026551622483061976,-3.7280369724612683e-07,-0.00026551641121841385,-1.8644641386345029e-10,-1.8640184862304288e-10,-4.45652404074039e-14,2.3283064365386963e-10,true
20260811_101510_stage_B_WATER2_4168a6e9,2,29,INEQ-WATER-D016-HYDRO01-UPPER,16,1,upper,7265,-171.75415803656506,-202.64734115666215,171.75415902901756,202.64772058256113,202.64734115715839,-30.893562545499844,0.00037942540275182068,9.924524988491612e-07,0.0003794258989842092,4.9624304665485397e-10,4.96226249424526e-10,1.6797230327972615e-14,1.4551915228366852e-11,true
20260811_101510_stage_B_WATER2_4168a6e9,2,29,INEQ-WATER-D016-HYDRO01-LOWER,16,1,lower,7266,-3655.1358419634344,-3624.2426588433373,3655.1358409709819,3624.2422794174381,3624.2426588428407,30.893562545499844,-0.00037942540275182068,-9.9245244200574234e-07,-0.00037942589915473945,-4.9658410716801882e-10,-4.9622622100281656e-10,-3.578861652022569e-13,2.3283064365386963e-10,true
20260811_101510_stage_B_WATER2_4168a6e9,2,29,INEQ-WATER-D016-HYDRO02-UPPER,16,2,upper,7267,-172.31764758504869,-203.28956339569413,172.317648587832,203.28994794982887,203.28956339619552,-30.972300364278784,0.0003845536333422217,1.0027833070580527e-06,0.0003845541347402559,5.013873760617571e-10,5.0139165352897115e-10,-4.2774672140540526e-15,1.4551915228366852e-11,true
20260811_101510_stage_B_WATER2_4168a6e9,2,29,INEQ-WATER-D016-HYDRO02-LOWER,16,2,lower,7268,-3668.4423524149461,-3637.4704366043006,3668.4423514121627,3637.470052050166,3637.4704366037995,30.972300364278784,-0.0003845536333422217,-1.002783392323181e-06,-0.00038455413459814736,-5.0113158067688346e-10,-5.0139169616153525e-10,2.6011548465179271e-13,2.3283064365386963e-10,true
20260811_101510_stage_B_WATER2_4168a6e9,2,29,INEQ-WATER-D016-HYDRO03-UPPER,16,3,upper,7269,-112.80872663220725,-131.63933582020763,112.80872680073097,131.63952059916099,131.6393358202919,-18.830793966869464,0.00018477886908385699,1.6852371231834695e-07,0.00018477895335422545,8.4270368461147882e-11,8.4261856159164194e-11,8.5123019836882075e-15,1.4551915228366852e-11,true
20260811_101510_stage_B_WATER2_4168a6e9,2,29,INEQ-WATER-D016-HYDRO03-LOWER,16,3,lower,7270,-1916.9412733677927,-1898.1106641797924,1916.9412731992691,1898.110479400839,1898.1106641797082,18.830793966869464,-0.00018477886908385699,-1.6852368389663752e-07,-0.00018477895332580374,-8.4128259913995862e-11,-8.4261841948309476e-11,1.3358203431361373e-13,1.1641532182693481e-10,true
20260811_101510_stage_B_WATER2_4168a6e9,2,29,INEQ-WATER-D016-HYDRO04-UPPER,16,4,upper,7271,-115.92774352440392,-135.23730340328257,115.92774371139518,135.23750788130428,135.23730340337607,-19.309764356806866,0.00020447792822153588,1.8699125803323113e-07,0.00020447802171474905,9.3507424026029184e-11,9.3495629016605267e-11,1.1795009423917613e-14,1.4551915228366852e-11,true
20260811_101510_stage_B_WATER2_4168a6e9,2,29,INEQ-WATER-D016-HYDRO04-LOWER,16,4,lower,7272,-1955.3222564755961,-1936.0126965967174,1955.3222562886049,1936.0124921186957,1936.012696596624,19.309764356806866,-0.00020447792822153588,-1.8699120118981227e-07,-0.00020447802171474905,-9.3450580607168376e-11,-9.3495600594895844e-11,4.5019987727467133e-14,1.1641532182693481e-10,true
20260811_101510_stage_B_WATER2_4168a6e9,2,29,INEQ-WATER-D017-HYDRO01-UPPER,17,1,upper,7273,-82.352076672046678,-100.37312083673896,82.352080981766676,100.37609462899474,100.37312083889383,-18.024017954793191,0.0029737901009063705,4.3097199977637501e-06,0.002973792255772878,2.1548629547396558e-09,2.1548599988816379e-09,2.9558580179378594e-15,7.2759576141834259e-12,true
20260811_101510_stage_B_WATER2_4168a6e9,2,29,INEQ-WATER-D017-HYDRO01-LOWER,17,1,lower,7274,-3775.0879233279557,-3757.0668791632634,3775.0879190182354,3757.0639053710074,3757.0668791611083,18.024017954793191,-0.0029737901009063705,-4.3097202251374256e-06,-0.0029737922559434082,-2.1550476958509535e-09,-2.1548601125684756e-09,-1.8758328247781913e-13,2.3283064365386963e-10,true
20260811_101510_stage_B_WATER2_4168a6e9,2,29,INEQ-WATER-D017-HYDRO02-UPPER,17,2,upper,7275,-82.112622141270549,-100.10647584711842,82.112626419909645,100.10943021770196,100.10647584925775,-17.996808074292083,0.0029543684442145945,4.2786390963556187e-06,0.0029543705835379797,2.13933049053594e-09,2.1393195481775737e-09,1.0942358366303125e-14,7.2759576141834259e-12,true
20260811_101510_stage_B_WATER2_4168a6e9,2,29,INEQ-WATER-D017-HYDRO02-LOWER,17,2,lower,7276,-3762.5773778587318,-3744.5835241528839,3762.5773735800926,3744.5805697823002,3744.5835241507443,17.996808074292083,-0.0029543684442145945,-4.2786391531990375e-06,-0.0029543705836658773,-2.1395862859208137e-09,-2.1393195765992833e-09,-2.667093215303996e-13,2.3283064365386963e-10,true
20260811_101510_stage_B_WATER2_4168a6e9,2,29,INEQ-WATER-D017-HYDRO03-UPPER,17,3,upper,7277,-61.056270598062838,-72.252311357504368,61.056271153831659,72.252885784219487,72.252311357782261,-11.196615185878759,0.00057442643722893649,5.5576882118657522e-07,0.00057442671511864773,2.7789326395577518e-10,2.7788441059325701e-10,8.8533625181707407e-15,7.2759576141834259e-12,true
20260811_101510_stage_B_WATER2_4168a6e9,2,29,INEQ-WATER-D017-HYDRO03-LOWER,17,3,lower,7278,-1942.3637294019354,-1931.1676886424939,1942.3637288461666,1931.1671142157788,1931.167688642216,11.196615185878759,-0.00057442643722893649,-5.5576879276486579e-07,-0.00057442671504759346,-2.7785063139162958e-10,-2.7788439638240229e-10,3.3764990772717173e-14,1.1641532182693481e-10,true
20260811_101510_stage_B_WATER2_4168a6e9,2,29,INEQ-WATER-D017-HYDRO04-UPPER,17,4,upper,7279,-62.459002713385416,-73.979013471613143,62.459003339411424,73.979681000399992,73.979013471926152,-11.520678286701562,0.00066752847383533265,6.2602600792160956e-07,0.00066752878684894768,3.1300828595703933e-10,3.1301300396077033e-10,-4.7180037309945791e-15,7.2759576141834259e-12,true
20260811_101510_stage_B_WATER2_4168a6e9,2,29,INEQ-WATER-D017-HYDRO04-LOWER,17,4,lower,7280,-1972.0209972866141,-1960.5009865283864,1972.0209966605883,1960.5003189995996,1960.5009865280733,11.520678286701562,-0.00066752847383533265,-6.2602589423477184e-07,-0.00066752878683473682,-3.1309355108533055e-10,-3.1301294711735146e-10,-8.0603967979089832e-14,1.1641532182693481e-10,true
20260811_101510_stage_B_WATER2_4168a6e9,2,29,INEQ-WATER-D018-HYDRO01-UPPER,18,1,upper,7281,-14.565875761487405,-16.16444061420043,14.565884763014285,16.167575204584139,16.164440618701196,-1.6016994385959697,0.0031345858829445739,9.0015268803256276e-06,0.0031345903837092237,4.500765982129451e-09,4.5007634401623178e-09,2.5419671332518979e-15,1.8189894035458565e-12,true
20260811_101510_stage_B_WATER2_4168a6e9,2,29,INEQ-WATER-D018-HYDRO01-LOWER,18,1,lower,7282,-3860.0441242385132,-3858.4455593858002,3860.0441152369863,3858.4424247954166,3858.4455593812995,1.6016994385959697,-0.0031345858829445739,-9.0015269051946234e-06,-0.0031345903835244826,-4.5006345317233354e-09,-4.500763452596816e-09,1.2892087348062625e-13,2.3283064365386963e-10,true
20260811_101510_stage_B_WATER2_4168a6e9,2,29,INEQ-WATER-D018-HYDRO02-UPPER,18,2,upper,7283,-14.619765860443295,-16.216586198956065,14.619775316202098,16.220074093778202,16.216586203683942,-1.6003082286070289,0.0034878900942580948,9.4557588035115714e-06,0.0034878948221361838,4.7278767567604518e-09,4.7278794017552647e-09,-2.6449948128490662e-15,1.8189894035458565e-12,true
20260811_101510_stage_B_WATER2_4168a6e9,2,29,INEQ-WATER-D018-HYDRO02-LOWER,18,2,lower,7284,-3883.3602341395599,-3881.7634138010471,3883.3602246838009,3881.7599259062249,3881.7634137963191,1.6003082286070289,-0.0034878900942580948,-9.4557590273325332e-06,-0.0034878948222285544,-4.7280082071665674e-09,-4.7278795136657457e-09,-1.2869350082174167e-13,2.3283064365386963e-10,true
20260811_101510_stage_B_WATER2_4168a6e9,2,29,INEQ-WATER-D018-HYDRO03-UPPER,18,3,upper,7285,-13.566810034706577,-15.134965850047593,13.566810758062321,15.135244681377415,15.134965850409269,-1.5684346463091603,0.00027883096814518282,7.2335574330395502e-07,0.00027883132982253755,3.616769106429274e-10,3.616778716519377e-10,-9.6100901030291903e-16,9.0949470177292824e-13,true
20260811_101510_stage_B_WATER2_4168a6e9,2,29,INEQ-WATER-D018-HYDRO03-LOWER,18,3,lower,7286,-1987.4431899652955,-1985.8750341499544,1987.4431892419398,1985.8747553186247,1985.8750341495929,1.5684346463091603,-0.00027883096814518282,-7.233556971186772e-07,-0.00027883132975148328,-3.6152414395473897e-10,-3.6167784855929878e-10,1.5370460455980109e-13,1.1641532182693481e-10,true
20260811_101510_stage_B_WATER2_4168a6e9,2,29,INEQ-WATER-D018-HYDRO04-UPPER,18,4,upper,7287,-13.597052147390059,-15.168686554046872,13.597052874599452,15.168965168827789,15.168686554410476,-1.5719130210741261,0.00027861441731347192,7.27209393147632e-07,0.00027861478091750769,3.6360425781367667e-10,3.6360469657377594e-10,-4.3876009927067762e-16,9.0949470177292824e-13,true
20260811_101510_stage_B_WATER2_4168a6e9,2,29,INEQ-WATER-D018-HYDRO04-LOWER,18,4,lower,7288,-1993.4429478526072,-1991.8713134459504,1993.442947125398,1991.8710348311695,1991.8713134455868,1.5719130210741261,-0.00027861441731347192,-7.272092261700891e-07,-0.00027861478088198055,-3.6357050703372806e-10,-3.636046130850045e-10,3.4106051276438928e-14,1.1641532182693481e-10,true
20260811_101510_stage_B_WATER2_4168a6e9,2,29,INEQ-WATER-D019-HYDRO01-UPPER,19,1,upper,7289,-23.053599654296704,-25.469555873132776,23.053602508602189,25.47016313337096,25.469555874559926,-2.4165634776471046,0.00060725881103218526,2.8543054853003014e-06,0.0006072602381834713,1.4271499537699128e-09,1.4271527426499934e-09,-2.788880080603087e-15,1.8189894035458565e-12,true
20260811_101510_stage_B_WATER2_4168a6e9,2,29,INEQ-WATER-D019-HYDRO01-LOWER,19,1,lower,7290,-3836.8264003457007,-3834.4104441268646,3836.8263974913953,3834.4098368666264,3834.4104441254376,2.4165634776471046,-0.00060725881103218526,-2.8543054213514552e-06,-0.00060726023821189301,-1.4269971870817244e-09,-1.4271527106755705e-09,1.5552359384605108e-13,2.3283064365386963e-10,true
20260811_101510_stage_B_WATER2_4168a6e9,2,29,INEQ-WATER-D019-HYDRO02-UPPER,19,2,upper,7291,-22.947200512513518,-25.371734265994746,22.947203335877283,25.372343818119532,25.371734267406428,-2.4251433041943309,0.00060955071310297981,2.8233637650032506e-06,0.00060955212478575049,1.4116814384124154e-09,1.4116818825014698e-09,-4.4408905434010746e-16,1.8189894035458565e-12,true
20260811_101510_stage_B_WATER2_4168a6e9,2,29,INEQ-WATER-D019-HYDRO02-LOWER,19,2,lower,7292,-3804.6027994874894,-3802.1782657340082,3804.6027966641259,3802.1776561818833,3802.1782657325966,2.4251433041943309,-0.00060955071310297981,-2.8233635021024384e-06,-0.00060955212484259391,-1.4115357771515846e-09,-1.4116817510510636e-09,1.4597389947900532e-13,2.3283064365386963e-10,true
20260811_101510_stage_B_WATER2_4168a6e9,2,29,INEQ-WATER-D019-HYDRO03-UPPER,19,3,upper,7293,-21.801326419801626,-24.173012576440669,21.801326797296547,24.173204303485299,24.173012576629418,-2.3718778834949248,0.00019172685588131344,3.774949206558631e-07,0.00019172704462988577,1.8874857232731301e-10,1.8874746032791076e-10,1.1119994022542939e-15,1.8189894035458565e-12,true
20260811_101510_stage_B_WATER2_4168a6e9,2,29,INEQ-WATER-D019-HYDRO03-LOWER,19,3,lower,7294,-2013.7486735801976,-2011.3769874235586,2013.7486732027028,2011.3767956965139,2011.3769874233699,2.3718778834949248,-0.00019172685588131344,-3.7749487091787159e-07,-0.00019172704469383461,-1.8872015061788261e-10,-1.8874743545891502e-10,2.7284841032405968e-14,1.1641532182693481e-10,true
20260811_101510_stage_B_WATER2_4168a6e9,2,29,INEQ-WATER-D019-HYDRO04-UPPER,19,4,upper,7295,-21.775608589749027,-24.154513957095332,21.775608966235957,24.154707796187996,24.154513957283577,-2.3790992062507255,0.0001938389044195965,3.764869305200591e-07,0.0001938390926632394,1.8824408698492334e-10,1.8824346526000881e-10,6.2172491453164152e-16,1.8189894035458565e-12,true
20260811_101510_stage_B_WATER2_4168a6e9,2,29,INEQ-WATER-D019-HYDRO04-LOWER,19,4,lower,7296,-2007.8943914102529,-2005.5154860429066,2007.8943910337659,2005.5152922038139,2005.5154860427183,2.3790992062507255,-0.0001938389044195965,-3.7648692341463175e-07,-0.00019383909261705412,-1.8826540326699615e-10,-1.8824346170729514e-10,-2.1941559701001247e-14,1.1641532182693481e-10,true
20260811_101510_stage_B_WATER2_4168a6e9,2,29,INEQ-WATER-D020-HYDRO01-UPPER,20,1,upper,7297,-35.774690624959476,-40.639679894600704,35.774692211849668,40.640058256851468,40.639679895394146,-4.8653676310985476,0.00037836145731962034,1.5868901925841783e-06,0.00037836225076404162,7.9344175674123107e-10,7.9344509629200178e-10,-3.3395507707097905e-15,3.637978807091713e-12,true
20260811_101510_stage_B_WATER2_4168a6e9,2,29,INEQ-WATER-D020-HYDRO01-LOWER,20,1,lower,7298,-3793.4753093750405,-3788.6103201053993,3793.4753077881505,3788.6099417431487,3788.6103201046062,4.8653676310985476,-0.00037836145731962034,-1.5868899936322123e-06,-0.00037836225055798423,-7.9307937994599342e-10,-7.9344499681601871e-10,3.6561687002528251e-13,2.3283064365386963e-10,true
20260811_101510_stage_B_WATER2_4168a6e9,2,29,INEQ-WATER-D020-HYDRO02-UPPER,20,2,upper,7299,-36.134932689463312,-41.008857328961312,36.134934373871317,41.009292024143619,41.008857329803519,-4.8743593338381013,0.0004346943401012382,1.6844080050759658e-06,0.00043469518230665471,8.4220630469644675e-10,8.4220400253789008e-10,2.3021585566657719e-15,3.637978807091713e-12,true
20260811_101510_stage_B_WATER2_4168a6e9,2,29,INEQ-WATER-D020-HYDRO02-LOWER,20,2,lower,7300,-3842.3950673105355,-3837.5211426710375,3842.3950656261277,3837.5207079758552,3837.5211426701953,4.8743593338381013,-0.0004346943401012382,-1.6844078345457092e-06,-0.00043469518232086557,-8.4219209384173155e-10,-8.4220391727276188e-10,1.1823431030331047e-14,2.3283064365386963e-10,true
20260811_101510_stage_B_WATER2_4168a6e9,2,29,INEQ-WATER-D020-HYDRO03-UPPER,20,3,upper,7301,-31.849875101688667,-36.145622515632567,31.849875649744703,36.145986692473755,36.145622515906595,-4.2961115905110629,0.00036417656716292157,5.480560361093012e-07,0.00036417684118816851,2.7402791147324024e-10,2.7402801805462041e-10,-1.0658138016778677e-16,3.637978807091713e-12,true
20260811_101510_stage_B_WATER2_4168a6e9,2,29,INEQ-WATER-D020-HYDRO03-LOWER,20,3,lower,7302,-1973.5301248983124,-1969.2343774843685,1973.5301243502563,1969.2340133075272,1969.2343774840945,4.2961115905110629,-0.00036417656716292157,-5.4805605032015592e-07,-0.00036417684123080107,-2.7398527890909463e-10,-2.7402802516004779e-10,4.2746250953158696e-14,1.1641532182693481e-10,true
20260811_101510_stage_B_WATER2_4168a6e9,2,29,INEQ-WATER-D020-HYDRO04-UPPER,20,4,upper,7303,-32.173505125330848,-36.494988575992465,32.173505659660911,36.495341693189246,36.49498857625963,-4.3218365675912365,0.00035311692961936814,5.3433006286240925e-07,0.00035311719678077225,2.6716406864579767e-10,2.6716503143117518e-10,-9.6278537751475057e-16,3.637978807091713e-12,true
20260811_101510_stage_B_WATER2_4168a6e9,2,29,INEQ-WATER-D020-HYDRO04-LOWER,20,4,lower,7304,-1996.6864948746697,-1992.3650114240081,1996.6864943403398,1992.3646583068114,1992.365011423741,4.3218365675912365,-0.00035311692961936814,-5.3432995628099889e-07,-0.00035311719670971797,-2.6716406864579767e-10,-2.6716497814047e-10,9.0949467233481101e-16,1.1641532182693481e-10,true
20260811_101510_stage_B_WATER2_4168a6e9,3,30,INEQ-WATER-D014-HYDRO01-UPPER,14,1,upper,7249,-58.667848050470639,-65.180269111704547,58.667848052034181,65.180533425533682,65.180269111705329,-6.5126853750622651,0.00026431382835667705,1.5635421846127429e-09,0.00026431382913472135,7.815970093361102e-13,7.8177109230628532e-13,-1.7408297017511698e-16,7.2759576141834259e-12,true
20260811_101510_stage_B_WATER2_4168a6e9,3,30,INEQ-WATER-D014-HYDRO01-LOWER,14,1,lower,7250,-3832.8821519495323,-3826.3697308882984,3832.8821519479684,3826.3694665744692,3826.3697308882975,6.5126853750622651,-0.00026431382835667705,-1.5638761396985501e-09,-0.00026431382912051049,-9.0949470177292824e-13,-7.8193806984918893e-13,-1.275566319237393e-13,2.3283064365386963e-10,true
20260811_101510_stage_B_WATER2_4168a6e9,3,30,INEQ-WATER-D014-HYDRO02-UPPER,14,2,upper,7251,-58.127017829669057,-64.637143675507104,58.127017831126125,64.637367870944473,64.637143675507843,-6.510350041274684,0.00022419543663687591,1.4570673556590918e-09,0.00022419543736873493,7.3896444519050419e-13,7.2853367782946572e-13,1.0430767361038469e-14,7.2759576141834259e-12,true
20260811_101510_stage_B_WATER2_4168a6e9,3,30,INEQ-WATER-D014-HYDRO02-LOWER,14,2,lower,7252,-3776.0329821703272,-3769.5228563244891,3776.0329821688701,3769.5226321290515,3769.5228563244882,6.510350041274684,-0.00022419543663687591,-1.457010512240231e-09,-0.00022419543756768689,-9.0949470177292824e-13,-7.2850525612003529e-13,-1.8098944565289295e-13,2.3283064365386963e-10,true
20260811_101510_stage_B_WATER2_4168a6e9,3,30,INEQ-WATER-D014-HYDRO03-UPPER,14,3,upper,7253,-50.726457248296356,-56.333940779230034,50.726457248721779,56.334263142901321,56.333940779230247,-5.6078058946047555,0.00032236367107785213,4.2542325218164478e-10,0.00032236367128746224,2.1316282072803006e-13,2.1271162609079896e-13,4.5119463723109832e-16,3.637978807091713e-12,true
20260811_101510_stage_B_WATER2_4168a6e9,3,30,INEQ-WATER-D014-HYDRO03-LOWER,14,3,lower,7254,-1954.7835427517057,-1949.176059220772,1954.7835427512803,1949.1757368571007,1949.1760592207718,5.6078058946047555,-0.00032236367107785213,-4.2541614675428718e-10,-0.0003223636713300948,-2.2737367544323206e-13,-2.1270807337712017e-13,-1.4665602066111894e-14,1.1641532182693481e-10,true
20260811_101510_stage_B_WATER2_4168a6e9,3,30,INEQ-WATER-D014-HYDRO04-UPPER,14,4,upper,7255,-50.788611192303506,-56.407439657647046,50.788611192729171,56.407762291427012,56.407439657647259,-5.6191510991232949,0.00032263377975461083,4.2566483671180322e-10,0.00032263377996599729,2.1316282072803006e-13,2.1283241835587817e-13,3.3040237215188512e-16,3.637978807091713e-12,true
20260811_101510_stage_B_WATER2_4168a6e9,3,30,INEQ-WATER-D014-HYDRO04-LOWER,14,4,lower,7256,-1957.0413888076982,-1951.4225603423547,1957.0413888072726,1951.4222377085748,1951.4225603423545,5.6191510991232949,-0.00032263377975461083,-4.2564352042973042e-10,-0.00032263377988783759,-2.2737367544323206e-13,-2.1282176021484177e-13,-1.4551915228390291e-14,1.1641532182693481e-10,true
20260811_101510_stage_B_WATER2_4168a6e9,3,30,INEQ-WATER-D015-HYDRO01-UPPER,15,1,upper,7257,-41.819428477501788,-46.189490685173951,41.819428478098345,46.189787259013329,46.189490685174249,-4.3703587815112455,0.00029657383908254786,5.9655747008946491e-10,0.00029657383937831128,2.9842794901924208e-13,2.9827873504469958e-13,1.4921397454249379e-16,3.637978807091713e-12,true
20260811_101510_stage_B_WATER2_4168a6e9,3,30,INEQ-WATER-D015-HYDRO01-LOWER,15,1,lower,7258,-3844.2405715224959,-3839.8705093148237,3844.2405715218993,3839.8702127409842,3839.8705093148233,4.3703587815112455,-0.00029657383908254786,-5.9662852436304092e-10,-0.00029657383947778726,-4.5474735088646412e-13,-2.9831426218148761e-13,-1.5643308870497651e-13,2.3283064365386963e-10,true
20260811_101510_stage_B_WATER2_4168a6e9,3,30,INEQ-WATER-D015-HYDRO02-UPPER,15,2,upper,7259,-41.385240791474644,-45.75327102382289,41.385240792031006,45.753541246743403,45.753271023823167,-4.3683004552684794,0.00027022292023293204,5.5636206752751605e-10,0.00027022292051270824,2.7711166694643907e-13,2.7818103376372738e-13,-1.069366817288312e-15,3.637978807091713e-12,true
20260811_101510_stage_B_WATER2_4168a6e9,3,30,INEQ-WATER-D015-HYDRO02-LOWER,15,2,lower,7260,-3786.0147592085268,-3781.6467289761786,3786.0147592079707,3781.6464587532582,3781.6467289761786,4.3683004552684794,-0.00027022292023293204,-5.5615601013414562e-10,-0.00027022292033507256,0,-2.7807800506704218e-13,2.7807800506704218e-13,2.3283064365386963e-10,true
20260811_101510_stage_B_WATER2_4168a6e9,3,30,INEQ-WATER-D015-HYDRO03-UPPER,15,3,upper,7261,-37.266036373894167,-41.181489901973691,37.266036374089616,41.181711225209249,41.181489901973791,-3.9156748513149844,0.00022132323545998034,1.9544899032553076e-10,0.00022132323555723588,9.9475983006414026e-14,9.7724495162754618e-14,1.7514878436594082e-15,3.637978807091713e-12,true
20260811_101510_stage_B_WATER2_4168a6e9,3,30,INEQ-WATER-D015-HYDRO03-LOWER,15,3,lower,7262,-1977.2639636261047,-1973.3485100980251,1977.2639636259094,1973.3482887747896,1973.3485100980251,3.9156748513149844,-0.00022132323545998034,-1.9531398720573634e-10,-0.0002213232355643413,0,-9.7656993602857414e-14,9.7656993602857414e-14,1.1641532182693481e-10,true
20260811_101510_stage_B_WATER2_4168a6e9,3,30,INEQ-WATER-D015-HYDRO04-UPPER,15,4,upper,7263,-38.271815737527504,-42.219861013381887,38.271815737713908,42.220076118253758,42.219861013381987,-3.9482603807261571,0.00021510487177378579,1.8640378129930468e-10,0.00021510487187015315,9.9475983006414026e-14,9.3201890649642074e-14,6.2740923567719525e-15,3.637978807091713e-12,true
20260811_101510_stage_B_WATER2_4168a6e9,3,30,INEQ-WATER-D015-HYDRO04-LOWER,15,4,lower,7264,-2054.4381842624753,-2050.4901389866209,2054.4381842622888,2050.4899238817488,2050.4901389866204,3.9482603807261571,-0.00021510487177378579,-1.8644641386345029e-10,-0.0002151048720406834,-4.5474735088646412e-13,-9.3223206931714877e-14,-3.6152414395474924e-13,2.3283064365386963e-10,true
20260811_101510_stage_B_WATER2_4168a6e9,3,30,INEQ-WATER-D016-HYDRO01-UPPER,16,1,upper,7265,-202.64734115666215,-230.45183636478032,202.64734115715839,230.45214373957813,230.45183636478055,-27.804802582915741,0.00030737479757192432,4.9624304665485397e-10,0.00030737479781350885,2.2737367544323206e-13,2.4812152332739963e-13,-2.0747847884167574e-14,1.4551915228366852e-11,true
20260811_101510_stage_B_WATER2_4168a6e9,3,30,INEQ-WATER-D016-HYDRO01-LOWER,16,1,lower,7266,-3624.2426588433373,-3596.4381636352191,3624.2426588428407,3596.4378562604211,3596.4381636352186,27.804802582915741,-0.00030737479757192432,-4.9658410716801882e-10,-0.00030737479801246081,-4.5474735088646412e-13,-2.4829205358398206e-13,-2.0645529730248206e-13,2.3283064365386963e-10,true
20260811_101510_stage_B_WATER2_4168a6e9,3,30,INEQ-WATER-D016-HYDRO02-UPPER,16,2,upper,7267,-203.28956339569413,-231.16491262485943,203.28956339619552,231.16522415452488,231.16491262485968,-27.875660758830481,0.00031152966518632752,5.013873760617571e-10,0.00031152966545278105,2.5579538487363607e-13,2.5069368803085096e-13,5.1016968427851103e-15,1.4551915228366852e-11,true
20260811_101510_stage_B_WATER2_4168a6e9,3,30,INEQ-WATER-D016-HYDRO02-LOWER,16,2,lower,7268,-3637.4704366043006,-3609.5950873751353,3637.4704366037995,3609.5947758454699,3609.5950873751353,27.875660758830481,-0.00031152966518632752,-5.0113158067688346e-10,-0.00031152966539593763,0,-2.5056579033841413e-13,2.5056579033841413e-13,2.3283064365386963e-10,true
20260811_101510_stage_B_WATER2_4168a6e9,3,30,INEQ-WATER-D016-HYDRO03-UPPER,16,3,upper,7269,-131.63933582020763,-148.58690048018616,131.6393358202919,148.58705014189715,148.58690048018619,-16.947714321689482,0.00014966171095665004,8.4270368461147882e-11,0.00014966171099217718,2.8421709430404007e-14,4.2135184230569301e-14,-1.3713474800165293e-14,1.4551915228366852e-11,true
20260811_101510_stage_B_WATER2_4168a6e9,3,30,INEQ-WATER-D016-HYDRO03-LOWER,16,3,lower,7270,-1898.1106641797924,-1881.1630995198138,1898.1106641797082,1881.1629498581028,1881.1630995198138,16.947714321689482,-0.00014966171095665004,-8.4128259913995862e-11,-0.00014966171102059889,0,-4.2064129956993298e-14,4.2064129956993298e-14,1.1641532182693481e-10,true
20260811_101510_stage_B_WATER2_4168a6e9,3,30,INEQ-WATER-D016-HYDRO04-UPPER,16,4,upper,7271,-135.23730340328257,-152.61592007788204,135.23730340337607,152.61608569435637,152.61592007788209,-17.378782291073755,0.00016561647428403603,9.3507424026029184e-11,0.00016561647433377402,5.6843418860808015e-14,4.6753712013009443e-14,1.0089706847798572e-14,1.4551915228366852e-11,true
20260811_101510_stage_B_WATER2_4168a6e9,3,30,INEQ-WATER-D016-HYDRO04-LOWER,16,4,lower,7272,-1936.0126965967174,-1918.634079922118,1936.012696596624,1918.6339143056437,1918.634079922118,17.378782291073755,-0.00016561647428403603,-9.3450580607168376e-11,-0.00016561647430535231,0,-4.6725290303579042e-14,4.6725290303579042e-14,1.1641532182693481e-10,true
20260811_101510_stage_B_WATER2_4168a6e9,3,30,INEQ-WATER-D017-HYDRO01-UPPER,17,1,upper,7273,-100.37312083673896,-116.61219947774953,100.37312083889383,116.61461689326296,116.61219947775061,-16.241496056522926,0.0024174155123617425,2.1548629547396558e-09,0.002417415513434662,1.0800249583553523e-12,1.0774314773697093e-12,2.593480985642974e-15,7.2759576141834259e-12,true
20260811_101510_stage_B_WATER2_4168a6e9,3,30,INEQ-WATER-D017-HYDRO01-LOWER,17,1,lower,7274,-3757.0668791632634,-3740.8278005222528,3757.0668791611083,3740.8253831067395,3740.8278005222519,16.241496056522926,-0.0024174155123617425,-2.1550476958509535e-09,-0.0024174155132641317,-9.0949470177292824e-13,-1.0775238479253582e-12,1.6802914615242992e-13,2.3283064365386963e-10,true
20260811_101510_stage_B_WATER2_4168a6e9,3,30,INEQ-WATER-D017-HYDRO02-UPPER,17,2,upper,7275,-100.10647584711842,-116.32100385884405,100.10647584925775,116.32340545749214,116.32100385884512,-16.216929610372659,0.0024015986470260486,2.13933049053594e-09,0.0024015986480918627,1.0658141036401503e-12,1.0696652452678523e-12,-3.8511416277020184e-15,7.2759576141834259e-12,true
20260811_101510_stage_B_WATER2_4168a6e9,3,30,INEQ-WATER-D017-HYDRO02-LOWER,17,2,lower,7276,-3744.5835241528839,-3728.3689961411583,3744.5835241507443,3728.36659454251,3728.3689961411569,16.216929610372659,-0.0024015986470260486,-2.1395862859208137e-09,-0.0024015986482481821,-1.3642420526593924e-12,-1.0697931429602889e-12,-2.9444890969910344e-13,2.3283064365386963e-10,true
20260811_101510_stage_B_WATER2_4168a6e9,3,30,INEQ-WATER-D017-HYDRO03-UPPER,17,3,upper,7277,-72.252311357504368,-82.329893886995706,72.252311357782261,82.330358668747522,82.329893886995848,-10.078047311243017,0.0004647817516794106,2.7789326395577518e-10,0.00046478175181619008,1.4210854715202004e-13,1.3894663197787229e-13,3.1619151741477454e-15,7.2759576141834259e-12,true
20260811_101510_stage_B_WATER2_4168a6e9,3,30,INEQ-WATER-D017-HYDRO03-LOWER,17,3,lower,7278,-1931.1676886424939,-1921.0901061130025,1931.167688642216,1921.0896413312507,1921.0901061130023,10.078047311243017,-0.0004647817516794106,-2.7785063139162958e-10,-0.00046478175181619008,-2.2737367544323206e-13,-1.3892531569579949e-13,-8.8448359747432572e-14,1.1641532182693481e-10,true
20260811_101510_stage_B_WATER2_4168a6e9,3,30,INEQ-WATER-D017-HYDRO04-UPPER,17,4,upper,7279,-73.979013471613143,-84.348293380618998,73.979013471926152,84.348833441703135,84.348293380619154,-10.369819970089841,0.00054006108398674257,3.1300828595703933e-10,0.00054006108413773291,1.5631940186722204e-13,1.5650414297850242e-13,-1.8474111128038329e-16,7.2759576141834259e-12,true
20260811_101510_stage_B_WATER2_4168a6e9,3,30,INEQ-WATER-D017-HYDRO04-LOWER,17,4,lower,7280,-1960.5009865283864,-1950.1317066193806,1960.5009865280733,1950.1311665582964,1950.1317066193803,10.369819970089841,-0.00054006108398674257,-3.1309355108533055e-10,-0.00054006108416615461,-2.2737367544323206e-13,-1.5654677554264803e-13,-7.0826899900584028e-14,1.1641532182693481e-10,true
20260811_101510_stage_B_WATER2_4168a6e9,3,30,INEQ-WATER-D018-HYDRO01-UPPER,18,1,upper,7281,-16.16444061420043,-17.606515916078934,16.164440618701196,17.609050799710147,17.606515916081186,-1.444610185507466,0.002534883628962481,4.500765982129451e-09,0.0025348836312133471,2.2524204723595176e-12,2.2503829910644776e-12,2.0374812950399636e-15,1.8189894035458565e-12,true
20260811_101510_stage_B_WATER2_4168a6e9,3,30,INEQ-WATER-D018-HYDRO01-LOWER,18,1,lower,7282,-3858.4455593858002,-3857.0034840839216,3858.4455593812995,3857.0009492002905,3857.0034840839194,1.444610185507466,-0.002534883628962481,-4.5006345317233354e-09,-0.0025348836311422929,-2.2737367544323206e-12,-2.2503172658614198e-12,-2.341948857090084e-14,2.3283064365386963e-10,true
20260811_101510_stage_B_WATER2_4168a6e9,3,30,INEQ-WATER-D018-HYDRO02-UPPER,18,2,upper,7283,-16.216586198956065,-17.657160129332624,16.216586203683942,17.659979888687644,17.65716012933499,-1.4433936897292146,0.0028197593526559928,4.7278767567604518e-09,0.0028197593550203237,2.3661073100811336e-12,2.3639383783799654e-12,2.1689317011682257e-15,1.8189894035458565e-12,true
20260811_101510_stage_B_WATER2_4168a6e9,3,30,INEQ-WATER-D018-HYDRO02-LOWER,18,2,lower,7284,-3881.7634138010471,-3880.3228398706706,3881.7634137963191,3880.3200201113154,3880.3228398706683,1.4433936897292146,-0.0028197593526559928,-4.7280082071665674e-09,-0.0028197593551340105,-2.2737367544323206e-12,-2.3640041035830233e-12,9.0267349150702669e-14,2.3283064365386963e-10,true
20260811_101510_stage_B_WATER2_4168a6e9,3,30,INEQ-WATER-D018-HYDRO03-UPPER,18,3,upper,7285,-15.134965850047593,-16.548934642625682,15.134965850409269,16.549160330249258,16.548934642625863,-1.4141944802014843,0.00022568762339525428,3.616769106429274e-10,0.00022568762357622063,1.8118839761882555e-13,1.8083845532144378e-13,3.4994229738177135e-16,1.8189894035458565e-12,true
20260811_101510_stage_B_WATER2_4168a6e9,3,30,INEQ-WATER-D018-HYDRO03-LOWER,18,3,lower,7286,-1985.8750341499544,-1984.4610653573764,1985.8750341495929,1984.4608396697529,1984.4610653573764,1.4141944802014843,-0.00022568762339525428,-3.6152414395473897e-10,-0.00022568762346963922,0,-1.8076207197734958e-13,1.8076207197734958e-13,1.1641532182693481e-10,true
20260811_101510_stage_B_WATER2_4168a6e9,3,30,INEQ-WATER-D018-HYDRO04-UPPER,18,4,upper,7287,-15.168686554046872,-16.58579219072999,15.168686554410476,16.586017698043019,16.585792190730171,-1.4173311439959664,0.00022550731284831649,3.6360425781367667e-10,0.00022550731302928284,1.8118839761882555e-13,1.8180212890681832e-13,-6.1373128799277062e-16,1.8189894035458565e-12,true
20260811_101510_stage_B_WATER2_4168a6e9,3,30,INEQ-WATER-D018-HYDRO04-LOWER,18,4,lower,7288,-1991.8713134459504,-1990.4542078092672,1991.8713134455868,1990.4539823019543,1990.4542078092672,1.4173311439959664,-0.00022550731284831649,-3.6357050703372806e-10,-0.00022550731296178128,0,-1.8178525351684401e-13,1.8178525351684401e-13,1.1641532182693481e-10,true
20260811_101510_stage_B_WATER2_4168a6e9,3,30,INEQ-WATER-D019-HYDRO01-UPPER,19,1,upper,7289,-25.469555873132776,-27.644799064837571,25.469555874559926,27.645291078887009,27.644799064838285,-2.1757352057535191,0.00049201404872478705,1.4271499537699128e-09,0.00049201404943843841,7.1409544943890069e-13,7.1357497688487784e-13,5.2047255402284262e-16,1.8189894035458565e-12,true
20260811_101510_stage_B_WATER2_4168a6e9,3,30,INEQ-WATER-D019-HYDRO01-LOWER,19,1,lower,7290,-3834.4104441268646,-3832.2352009351598,3834.4104441254376,3832.2347089211103,3832.2352009351589,2.1757352057535191,-0.00049201404872478705,-1.4269971870817244e-09,-0.0004920140495414671,-9.0949470177292824e-13,-7.1349859354078362e-13,-1.9599610823214462e-13,2.3283064365386963e-10,true
20260811_101510_stage_B_WATER2_4168a6e9,3,30,INEQ-WATER-D019-HYDRO02-UPPER,19,2,upper,7291,-25.371734265994746,-27.554699228538084,25.371734267406428,27.555193099840768,27.554699228538791,-2.1834588338453154,0.00049387130197775519,1.4116814384124154e-09,0.00049387130268385704,7.0699002208129968e-13,7.0584071920612999e-13,1.1493028751696968e-15,1.8189894035458565e-12,true
20260811_101510_stage_B_WATER2_4168a6e9,3,30,INEQ-WATER-D019-HYDRO02-LOWER,19,2,lower,7292,-3802.1782657340082,-3799.9953007714648,3802.1782657325966,3799.9948069001621,3799.9953007714639,2.1834588338453154,-0.00049387130197775519,-1.4115357771515846e-09,-0.0004938713027513586,-9.0949470177292824e-13,-7.0576788857571458e-13,-2.0372681319721365e-13,2.3283064365386963e-10,true
20260811_101510_stage_B_WATER2_4168a6e9,3,30,INEQ-WATER-D019-HYDRO03-UPPER,19,3,upper,7293,-24.173012576440669,-26.308286758168833,24.173012576629418,26.308442095071968,26.308286758168926,-2.135429518631204,0.00015533690304003756,1.8874857232731301e-10,0.00015533690313418447,9.2370555648813024e-14,9.4374286163646107e-14,-2.0037305148330824e-15,1.8189894035458565e-12,true
20260811_101510_stage_B_WATER2_4168a6e9,3,30,INEQ-WATER-D019-HYDRO03-LOWER,19,3,lower,7294,-2011.3769874235586,-2009.2417132418304,2011.3769874233699,2009.2415579049273,2009.2417132418302,2.135429518631204,-0.00015533690304003756,-1.8872015061788261e-10,-0.00015533690316260618,-2.2737367544323206e-13,-9.4360075308930912e-14,-1.3301360013430115e-13,1.1641532182693481e-10,true
20260811_101510_stage_B_WATER2_4168a6e9,3,30,INEQ-WATER-D019-HYDRO04-UPPER,19,4,upper,7295,-24.154513957095332,-26.296287258213852,24.154513957283577,26.296444304766649,26.296287258213944,-2.1419303476712219,0.00015704655270276646,1.8824408698492334e-10,0.00015704655279691337,9.2370555648813024e-14,9.4122043492451303e-14,-1.7514878436382793e-15,1.8189894035458565e-12,true
20260811_101510_stage_B_WATER2_4168a6e9,3,30,INEQ-WATER-D019-HYDRO04-LOWER,19,4,lower,7296,-2005.5154860429066,-2003.373712741788,2005.5154860427183,2003.3735556952352,2003.3737127417878,2.1419303476712219,-0.00015704655270276646,-1.8826540326699615e-10,-0.00015704655288573122,-2.2737367544323206e-13,-9.4132701633487705e-14,-1.3324097380974435e-13,1.1641532182693481e-10,true
20260811_101510_stage_B_WATER2_4168a6e9,3,30,INEQ-WATER-D020-HYDRO01-UPPER,20,1,upper,7297,-40.639679894600704,-45.019600028303103,40.639679895394146,45.019906267174548,45.0196000283035,-4.3802263725734454,0.00030623887104663794,7.9344175674123107e-10,0.00030623887144543005,3.979039320256561e-13,3.9672087837057182e-13,1.183053655084283e-15,3.637978807091713e-12,true
20260811_101510_stage_B_WATER2_4168a6e9,3,30,INEQ-WATER-D020-HYDRO01-LOWER,20,1,lower,7298,-3788.6103201053993,-3784.2303999716969,3788.6103201046062,3784.2300937328255,3784.2303999716964,4.3802263725734454,-0.00030623887104663794,-7.9307937994599342e-10,-0.00030623887141700834,-4.5474735088646412e-13,-3.9653968997295304e-13,-5.820766091351108e-14,2.3283064365386963e-10,true
20260811_101510_stage_B_WATER2_4168a6e9,3,30,INEQ-WATER-D020-HYDRO02-UPPER,20,2,upper,7299,-41.008857328961312,-45.396842107853445,41.008857329803519,45.397193890139611,45.396842107853864,-4.38833656117788,0.00035178228574750392,8.4220630469644675e-10,0.00035178228616672413,4.1922021409845911e-13,4.2110315234817698e-13,-1.8829382497178719e-15,3.637978807091713e-12,true
20260811_101510_stage_B_WATER2_4168a6e9,3,30,INEQ-WATER-D020-HYDRO02-LOWER,20,2,lower,7300,-3837.5211426710375,-3833.1331578921454,3837.5211426701953,3833.1328061098593,3833.1331578921449,4.38833656117788,-0.00035178228574750392,-8.4219209384173155e-10,-0.00035178228608856443,-4.5474735088646412e-13,-4.210960469208194e-13,-3.3651303965644722e-14,2.3283064365386963e-10,true
20260811_101510_stage_B_WATER2_4168a6e9,3,30,INEQ-WATER-D020-HYDRO03-UPPER,20,3,upper,7301,-36.145622515632567,-40.012805687543732,36.145622515906595,40.013100799128793,40.012805687543867,-3.8674782834960926,0.00029511158492745437,2.7402791147324024e-10,0.00029511158506068114,1.3500311979441904e-13,1.3701395573660503e-13,-2.0108359421859968e-15,3.637978807091713e-12,true
20260811_101510_stage_B_WATER2_4168a6e9,3,30,INEQ-WATER-D020-HYDRO03-LOWER,20,3,lower,7302,-1969.2343774843685,-1965.3671943124573,1969.2343774840945,1965.3668992008722,1965.3671943124571,3.8674782834960926,-0.00029511158492745437,-2.7398527890909463e-10,-0.00029511158504647028,-2.2737367544323206e-13,-1.3699263945453223e-13,-9.0381035988699831e-14,1.1641532182693481e-10,true
20260811_101510_stage_B_WATER2_4168a6e9,3,30,INEQ-WATER-D020-HYDRO04-UPPER,20,4,upper,7303,-36.494988575992465,-40.38536610135634,36.49498857625963,40.385652240631636,40.385366101356475,-3.8906636646390336,0.00028613927515941384,2.6716406864579767e-10,0.00028613927529619332,1.3500311979441904e-13,1.3358203432288412e-13,1.4210854715349123e-15,3.637978807091713e-12,true
20260811_101510_stage_B_WATER2_4168a6e9,3,30,INEQ-WATER-D020-HYDRO04-LOWER,20,4,lower,7304,-1992.3650114240081,-1988.4746338986442,1992.365011423741,1988.474347759369,1988.4746338986442,3.8906636646390336,-0.00028613927515941384,-2.6716406864579767e-10,-0.00028613927520382276,0,-1.3358203432288412e-13,1.3358203432288412e-13,1.1641532182693481e-10,true
