run_id,block_id,day,hour_start,hour_end,variable_start,variable_end,equality_start,equality_end,dimension,n_primal,n_equalities,kkt_block_dimension,window_position,terminal_equality_count
20260811_155000_stage_B_2C_30day_full_final,GLOBAL_CAPACITY,0,0,0,1,14,1,2,14,14,2,16,0,0
20260811_155000_stage_B_2C_30day_full_final,D001_CAPACITY,1,0,0,15,28,3,16,14,14,14,28,0,0
20260811_155000_stage_B_2C_30day_full_final,D001_H01,1,1,1,435,453,17,19,19,19,3,22,1,0
20260811_155000_stage_B_2C_30day_full_final,D001_H02,1,2,2,454,472,20,22,19,19,3,22,2,0
20260811_155000_stage_B_2C_30day_full_final,D001_H03,1,3,3,473,491,23,25,19,19,3,22,3,0
20260811_155000_stage_B_2C_30day_full_final,D001_H04,1,4,4,492,510,26,28,19,19,3,22,4,0
20260811_155000_stage_B_2C_30day_full_final,D001_H05,1,5,5,511,529,29,31,19,19,3,22,5,0
20260811_155000_stage_B_2C_30day_full_final,D001_H06,1,6,6,530,548,32,34,19,19,3,22,6,0
20260811_155000_stage_B_2C_30day_full_final,D001_H07,1,7,7,549,567,35,37,19,19,3,22,7,0
20260811_155000_stage_B_2C_30day_full_final,D001_H08,1,8,8,568,591,38,40,24,24,3,27,8,0
20260811_155000_stage_B_2C_30day_full_final,D001_H09,1,9,9,592,615,41,43,24,24,3,27,9,0
20260811_155000_stage_B_2C_30day_full_final,D001_H10,1,10,10,616,639,44,46,24,24,3,27,10,0
20260811_155000_stage_B_2C_30day_full_final,D001_H11,1,11,11,640,663,47,49,24,24,3,27,11,0
20260811_155000_stage_B_2C_30day_full_final,D001_H12,1,12,12,664,687,50,52,24,24,3,27,12,0
20260811_155000_stage_B_2C_30day_full_final,D001_H13,1,13,13,688,711,53,55,24,24,3,27,13,0
20260811_155000_stage_B_2C_30day_full_final,D001_H14,1,14,14,712,735,56,58,24,24,3,27,14,0
20260811_155000_stage_B_2C_30day_full_final,D001_H15,1,15,15,736,759,59,61,24,24,3,27,15,0
20260811_155000_stage_B_2C_30day_full_final,D001_H16,1,16,16,760,783,62,64,24,24,3,27,16,0
20260811_155000_stage_B_2C_30day_full_final,D001_H17,1,17,17,784,807,65,67,24,24,3,27,17,0
20260811_155000_stage_B_2C_30day_full_final,D001_H18,1,18,18,808,831,68,70,24,24,3,27,18,0
20260811_155000_stage_B_2C_30day_full_final,D001_H19,1,19,19,832,855,71,73,24,24,3,27,19,0
20260811_155000_stage_B_2C_30day_full_final,D001_H20,1,20,20,856,874,74,76,19,19,3,22,20,0
20260811_155000_stage_B_2C_30day_full_final,D001_H21,1,21,21,875,893,77,79,19,19,3,22,21,0
20260811_155000_stage_B_2C_30day_full_final,D001_H22,1,22,22,894,912,80,82,19,19,3,22,22,0
20260811_155000_stage_B_2C_30day_full_final,D001_H23,1,23,23,913,931,83,85,19,19,3,22,23,0
20260811_155000_stage_B_2C_30day_full_final,D001_H24,1,24,24,932,950,86,90,19,19,5,24,24,2
20260811_155000_stage_B_2C_30day_full_final,D002_CAPACITY,2,0,0,29,42,91,104,14,14,14,28,0,0
20260811_155000_stage_B_2C_30day_full_final,D002_H01,2,1,1,951,969,105,107,19,19,3,22,1,0
20260811_155000_stage_B_2C_30day_full_final,D002_H02,2,2,2,970,988,108,110,19,19,3,22,2,0
20260811_155000_stage_B_2C_30day_full_final,D002_H03,2,3,3,989,1007,111,113,19,19,3,22,3,0
20260811_155000_stage_B_2C_30day_full_final,D002_H04,2,4,4,1008,1026,114,116,19,19,3,22,4,0
20260811_155000_stage_B_2C_30day_full_final,D002_H05,2,5,5,1027,1045,117,119,19,19,3,22,5,0
20260811_155000_stage_B_2C_30day_full_final,D002_H06,2,6,6,1046,1064,120,122,19,19,3,22,6,0
20260811_155000_stage_B_2C_30day_full_final,D002_H07,2,7,7,1065,1083,123,125,19,19,3,22,7,0
20260811_155000_stage_B_2C_30day_full_final,D002_H08,2,8,8,1084,1107,126,128,24,24,3,27,8,0
20260811_155000_stage_B_2C_30day_full_final,D002_H09,2,9,9,1108,1131,129,131,24,24,3,27,9,0
20260811_155000_stage_B_2C_30day_full_final,D002_H10,2,10,10,1132,1155,132,134,24,24,3,27,10,0
20260811_155000_stage_B_2C_30day_full_final,D002_H11,2,11,11,1156,1179,135,137,24,24,3,27,11,0
20260811_155000_stage_B_2C_30day_full_final,D002_H12,2,12,12,1180,1203,138,140,24,24,3,27,12,0
20260811_155000_stage_B_2C_30day_full_final,D002_H13,2,13,13,1204,1227,141,143,24,24,3,27,13,0
20260811_155000_stage_B_2C_30day_full_final,D002_H14,2,14,14,1228,1251,144,146,24,24,3,27,14,0
20260811_155000_stage_B_2C_30day_full_final,D002_H15,2,15,15,1252,1275,147,149,24,24,3,27,15,0
20260811_155000_stage_B_2C_30day_full_final,D002_H16,2,16,16,1276,1299,150,152,24,24,3,27,16,0
20260811_155000_stage_B_2C_30day_full_final,D002_H17,2,17,17,1300,1323,153,155,24,24,3,27,17,0
20260811_155000_stage_B_2C_30day_full_final,D002_H18,2,18,18,1324,1347,156,158,24,24,3,27,18,0
20260811_155000_stage_B_2C_30day_full_final,D002_H19,2,19,19,1348,1371,159,161,24,24,3,27,19,0
20260811_155000_stage_B_2C_30day_full_final,D002_H20,2,20,20,1372,1390,162,164,19,19,3,22,20,0
20260811_155000_stage_B_2C_30day_full_final,D002_H21,2,21,21,1391,1409,165,167,19,19,3,22,21,0
20260811_155000_stage_B_2C_30day_full_final,D002_H22,2,22,22,1410,1428,168,170,19,19,3,22,22,0
20260811_155000_stage_B_2C_30day_full_final,D002_H23,2,23,23,1429,1447,171,173,19,19,3,22,23,0
20260811_155000_stage_B_2C_30day_full_final,D002_H24,2,24,24,1448,1466,174,178,19,19,5,24,24,2
20260811_155000_stage_B_2C_30day_full_final,D003_CAPACITY,3,0,0,43,56,179,192,14,14,14,28,0,0
20260811_155000_stage_B_2C_30day_full_final,D003_H01,3,1,1,1467,1485,193,195,19,19,3,22,1,0
20260811_155000_stage_B_2C_30day_full_final,D003_H02,3,2,2,1486,1504,196,198,19,19,3,22,2,0
20260811_155000_stage_B_2C_30day_full_final,D003_H03,3,3,3,1505,1523,199,201,19,19,3,22,3,0
20260811_155000_stage_B_2C_30day_full_final,D003_H04,3,4,4,1524,1542,202,204,19,19,3,22,4,0
20260811_155000_stage_B_2C_30day_full_final,D003_H05,3,5,5,1543,1561,205,207,19,19,3,22,5,0
20260811_155000_stage_B_2C_30day_full_final,D003_H06,3,6,6,1562,1580,208,210,19,19,3,22,6,0
20260811_155000_stage_B_2C_30day_full_final,D003_H07,3,7,7,1581,1599,211,213,19,19,3,22,7,0
20260811_155000_stage_B_2C_30day_full_final,D003_H08,3,8,8,1600,1623,214,216,24,24,3,27,8,0
20260811_155000_stage_B_2C_30day_full_final,D003_H09,3,9,9,1624,1647,217,219,24,24,3,27,9,0
20260811_155000_stage_B_2C_30day_full_final,D003_H10,3,10,10,1648,1671,220,222,24,24,3,27,10,0
20260811_155000_stage_B_2C_30day_full_final,D003_H11,3,11,11,1672,1695,223,225,24,24,3,27,11,0
20260811_155000_stage_B_2C_30day_full_final,D003_H12,3,12,12,1696,1719,226,228,24,24,3,27,12,0
20260811_155000_stage_B_2C_30day_full_final,D003_H13,3,13,13,1720,1743,229,231,24,24,3,27,13,0
20260811_155000_stage_B_2C_30day_full_final,D003_H14,3,14,14,1744,1767,232,234,24,24,3,27,14,0
20260811_155000_stage_B_2C_30day_full_final,D003_H15,3,15,15,1768,1791,235,237,24,24,3,27,15,0
20260811_155000_stage_B_2C_30day_full_final,D003_H16,3,16,16,1792,1815,238,240,24,24,3,27,16,0
20260811_155000_stage_B_2C_30day_full_final,D003_H17,3,17,17,1816,1839,241,243,24,24,3,27,17,0
20260811_155000_stage_B_2C_30day_full_final,D003_H18,3,18,18,1840,1863,244,246,24,24,3,27,18,0
20260811_155000_stage_B_2C_30day_full_final,D003_H19,3,19,19,1864,1887,247,249,24,24,3,27,19,0
20260811_155000_stage_B_2C_30day_full_final,D003_H20,3,20,20,1888,1906,250,252,19,19,3,22,20,0
20260811_155000_stage_B_2C_30day_full_final,D003_H21,3,21,21,1907,1925,253,255,19,19,3,22,21,0
20260811_155000_stage_B_2C_30day_full_final,D003_H22,3,22,22,1926,1944,256,258,19,19,3,22,22,0
20260811_155000_stage_B_2C_30day_full_final,D003_H23,3,23,23,1945,1963,259,261,19,19,3,22,23,0
20260811_155000_stage_B_2C_30day_full_final,D003_H24,3,24,24,1964,1982,262,266,19,19,5,24,24,2
20260811_155000_stage_B_2C_30day_full_final,D004_CAPACITY,4,0,0,57,70,267,280,14,14,14,28,0,0
20260811_155000_stage_B_2C_30day_full_final,D004_H01,4,1,1,1983,2001,281,283,19,19,3,22,1,0
20260811_155000_stage_B_2C_30day_full_final,D004_H02,4,2,2,2002,2020,284,286,19,19,3,22,2,0
20260811_155000_stage_B_2C_30day_full_final,D004_H03,4,3,3,2021,2039,287,289,19,19,3,22,3,0
20260811_155000_stage_B_2C_30day_full_final,D004_H04,4,4,4,2040,2058,290,292,19,19,3,22,4,0
20260811_155000_stage_B_2C_30day_full_final,D004_H05,4,5,5,2059,2077,293,295,19,19,3,22,5,0
20260811_155000_stage_B_2C_30day_full_final,D004_H06,4,6,6,2078,2096,296,298,19,19,3,22,6,0
20260811_155000_stage_B_2C_30day_full_final,D004_H07,4,7,7,2097,2115,299,301,19,19,3,22,7,0
20260811_155000_stage_B_2C_30day_full_final,D004_H08,4,8,8,2116,2139,302,304,24,24,3,27,8,0
20260811_155000_stage_B_2C_30day_full_final,D004_H09,4,9,9,2140,2163,305,307,24,24,3,27,9,0
20260811_155000_stage_B_2C_30day_full_final,D004_H10,4,10,10,2164,2187,308,310,24,24,3,27,10,0
20260811_155000_stage_B_2C_30day_full_final,D004_H11,4,11,11,2188,2211,311,313,24,24,3,27,11,0
20260811_155000_stage_B_2C_30day_full_final,D004_H12,4,12,12,2212,2235,314,316,24,24,3,27,12,0
20260811_155000_stage_B_2C_30day_full_final,D004_H13,4,13,13,2236,2259,317,319,24,24,3,27,13,0
20260811_155000_stage_B_2C_30day_full_final,D004_H14,4,14,14,2260,2283,320,322,24,24,3,27,14,0
20260811_155000_stage_B_2C_30day_full_final,D004_H15,4,15,15,2284,2307,323,325,24,24,3,27,15,0
20260811_155000_stage_B_2C_30day_full_final,D004_H16,4,16,16,2308,2331,326,328,24,24,3,27,16,0
20260811_155000_stage_B_2C_30day_full_final,D004_H17,4,17,17,2332,2355,329,331,24,24,3,27,17,0
20260811_155000_stage_B_2C_30day_full_final,D004_H18,4,18,18,2356,2379,332,334,24,24,3,27,18,0
20260811_155000_stage_B_2C_30day_full_final,D004_H19,4,19,19,2380,2403,335,337,24,24,3,27,19,0
20260811_155000_stage_B_2C_30day_full_final,D004_H20,4,20,20,2404,2422,338,340,19,19,3,22,20,0
20260811_155000_stage_B_2C_30day_full_final,D004_H21,4,21,21,2423,2441,341,343,19,19,3,22,21,0
20260811_155000_stage_B_2C_30day_full_final,D004_H22,4,22,22,2442,2460,344,346,19,19,3,22,22,0
20260811_155000_stage_B_2C_30day_full_final,D004_H23,4,23,23,2461,2479,347,349,19,19,3,22,23,0
20260811_155000_stage_B_2C_30day_full_final,D004_H24,4,24,24,2480,2498,350,354,19,19,5,24,24,2
20260811_155000_stage_B_2C_30day_full_final,D005_CAPACITY,5,0,0,71,84,355,368,14,14,14,28,0,0
20260811_155000_stage_B_2C_30day_full_final,D005_H01,5,1,1,2499,2517,369,371,19,19,3,22,1,0
20260811_155000_stage_B_2C_30day_full_final,D005_H02,5,2,2,2518,2536,372,374,19,19,3,22,2,0
20260811_155000_stage_B_2C_30day_full_final,D005_H03,5,3,3,2537,2555,375,377,19,19,3,22,3,0
20260811_155000_stage_B_2C_30day_full_final,D005_H04,5,4,4,2556,2574,378,380,19,19,3,22,4,0
20260811_155000_stage_B_2C_30day_full_final,D005_H05,5,5,5,2575,2593,381,383,19,19,3,22,5,0
20260811_155000_stage_B_2C_30day_full_final,D005_H06,5,6,6,2594,2612,384,386,19,19,3,22,6,0
20260811_155000_stage_B_2C_30day_full_final,D005_H07,5,7,7,2613,2631,387,389,19,19,3,22,7,0
20260811_155000_stage_B_2C_30day_full_final,D005_H08,5,8,8,2632,2655,390,392,24,24,3,27,8,0
20260811_155000_stage_B_2C_30day_full_final,D005_H09,5,9,9,2656,2679,393,395,24,24,3,27,9,0
20260811_155000_stage_B_2C_30day_full_final,D005_H10,5,10,10,2680,2703,396,398,24,24,3,27,10,0
20260811_155000_stage_B_2C_30day_full_final,D005_H11,5,11,11,2704,2727,399,401,24,24,3,27,11,0
20260811_155000_stage_B_2C_30day_full_final,D005_H12,5,12,12,2728,2751,402,404,24,24,3,27,12,0
20260811_155000_stage_B_2C_30day_full_final,D005_H13,5,13,13,2752,2775,405,407,24,24,3,27,13,0
20260811_155000_stage_B_2C_30day_full_final,D005_H14,5,14,14,2776,2799,408,410,24,24,3,27,14,0
20260811_155000_stage_B_2C_30day_full_final,D005_H15,5,15,15,2800,2823,411,413,24,24,3,27,15,0
20260811_155000_stage_B_2C_30day_full_final,D005_H16,5,16,16,2824,2847,414,416,24,24,3,27,16,0
20260811_155000_stage_B_2C_30day_full_final,D005_H17,5,17,17,2848,2871,417,419,24,24,3,27,17,0
20260811_155000_stage_B_2C_30day_full_final,D005_H18,5,18,18,2872,2895,420,422,24,24,3,27,18,0
20260811_155000_stage_B_2C_30day_full_final,D005_H19,5,19,19,2896,2919,423,425,24,24,3,27,19,0
20260811_155000_stage_B_2C_30day_full_final,D005_H20,5,20,20,2920,2938,426,428,19,19,3,22,20,0
20260811_155000_stage_B_2C_30day_full_final,D005_H21,5,21,21,2939,2957,429,431,19,19,3,22,21,0
20260811_155000_stage_B_2C_30day_full_final,D005_H22,5,22,22,2958,2976,432,434,19,19,3,22,22,0
20260811_155000_stage_B_2C_30day_full_final,D005_H23,5,23,23,2977,2995,435,437,19,19,3,22,23,0
20260811_155000_stage_B_2C_30day_full_final,D005_H24,5,24,24,2996,3014,438,442,19,19,5,24,24,2
20260811_155000_stage_B_2C_30day_full_final,D006_CAPACITY,6,0,0,85,98,443,456,14,14,14,28,0,0
20260811_155000_stage_B_2C_30day_full_final,D006_H01,6,1,1,3015,3033,457,459,19,19,3,22,1,0
20260811_155000_stage_B_2C_30day_full_final,D006_H02,6,2,2,3034,3052,460,462,19,19,3,22,2,0
20260811_155000_stage_B_2C_30day_full_final,D006_H03,6,3,3,3053,3071,463,465,19,19,3,22,3,0
20260811_155000_stage_B_2C_30day_full_final,D006_H04,6,4,4,3072,3090,466,468,19,19,3,22,4,0
20260811_155000_stage_B_2C_30day_full_final,D006_H05,6,5,5,3091,3109,469,471,19,19,3,22,5,0
20260811_155000_stage_B_2C_30day_full_final,D006_H06,6,6,6,3110,3128,472,474,19,19,3,22,6,0
20260811_155000_stage_B_2C_30day_full_final,D006_H07,6,7,7,3129,3147,475,477,19,19,3,22,7,0
20260811_155000_stage_B_2C_30day_full_final,D006_H08,6,8,8,3148,3171,478,480,24,24,3,27,8,0
20260811_155000_stage_B_2C_30day_full_final,D006_H09,6,9,9,3172,3195,481,483,24,24,3,27,9,0
20260811_155000_stage_B_2C_30day_full_final,D006_H10,6,10,10,3196,3219,484,486,24,24,3,27,10,0
20260811_155000_stage_B_2C_30day_full_final,D006_H11,6,11,11,3220,3243,487,489,24,24,3,27,11,0
20260811_155000_stage_B_2C_30day_full_final,D006_H12,6,12,12,3244,3267,490,492,24,24,3,27,12,0
20260811_155000_stage_B_2C_30day_full_final,D006_H13,6,13,13,3268,3291,493,495,24,24,3,27,13,0
20260811_155000_stage_B_2C_30day_full_final,D006_H14,6,14,14,3292,3315,496,498,24,24,3,27,14,0
20260811_155000_stage_B_2C_30day_full_final,D006_H15,6,15,15,3316,3339,499,501,24,24,3,27,15,0
20260811_155000_stage_B_2C_30day_full_final,D006_H16,6,16,16,3340,3363,502,504,24,24,3,27,16,0
20260811_155000_stage_B_2C_30day_full_final,D006_H17,6,17,17,3364,3387,505,507,24,24,3,27,17,0
20260811_155000_stage_B_2C_30day_full_final,D006_H18,6,18,18,3388,3411,508,510,24,24,3,27,18,0
20260811_155000_stage_B_2C_30day_full_final,D006_H19,6,19,19,3412,3435,511,513,24,24,3,27,19,0
20260811_155000_stage_B_2C_30day_full_final,D006_H20,6,20,20,3436,3454,514,516,19,19,3,22,20,0
20260811_155000_stage_B_2C_30day_full_final,D006_H21,6,21,21,3455,3473,517,519,19,19,3,22,21,0
20260811_155000_stage_B_2C_30day_full_final,D006_H22,6,22,22,3474,3492,520,522,19,19,3,22,22,0
20260811_155000_stage_B_2C_30day_full_final,D006_H23,6,23,23,3493,3511,523,525,19,19,3,22,23,0
20260811_155000_stage_B_2C_30day_full_final,D006_H24,6,24,24,3512,3530,526,530,19,19,5,24,24,2
20260811_155000_stage_B_2C_30day_full_final,D007_CAPACITY,7,0,0,99,112,531,544,14,14,14,28,0,0
20260811_155000_stage_B_2C_30day_full_final,D007_H01,7,1,1,3531,3549,545,547,19,19,3,22,1,0
20260811_155000_stage_B_2C_30day_full_final,D007_H02,7,2,2,3550,3568,548,550,19,19,3,22,2,0
20260811_155000_stage_B_2C_30day_full_final,D007_H03,7,3,3,3569,3587,551,553,19,19,3,22,3,0
20260811_155000_stage_B_2C_30day_full_final,D007_H04,7,4,4,3588,3606,554,556,19,19,3,22,4,0
20260811_155000_stage_B_2C_30day_full_final,D007_H05,7,5,5,3607,3625,557,559,19,19,3,22,5,0
20260811_155000_stage_B_2C_30day_full_final,D007_H06,7,6,6,3626,3644,560,562,19,19,3,22,6,0
20260811_155000_stage_B_2C_30day_full_final,D007_H07,7,7,7,3645,3663,563,565,19,19,3,22,7,0
20260811_155000_stage_B_2C_30day_full_final,D007_H08,7,8,8,3664,3687,566,568,24,24,3,27,8,0
20260811_155000_stage_B_2C_30day_full_final,D007_H09,7,9,9,3688,3711,569,571,24,24,3,27,9,0
20260811_155000_stage_B_2C_30day_full_final,D007_H10,7,10,10,3712,3735,572,574,24,24,3,27,10,0
20260811_155000_stage_B_2C_30day_full_final,D007_H11,7,11,11,3736,3759,575,577,24,24,3,27,11,0
20260811_155000_stage_B_2C_30day_full_final,D007_H12,7,12,12,3760,3783,578,580,24,24,3,27,12,0
20260811_155000_stage_B_2C_30day_full_final,D007_H13,7,13,13,3784,3807,581,583,24,24,3,27,13,0
20260811_155000_stage_B_2C_30day_full_final,D007_H14,7,14,14,3808,3831,584,586,24,24,3,27,14,0
20260811_155000_stage_B_2C_30day_full_final,D007_H15,7,15,15,3832,3855,587,589,24,24,3,27,15,0
20260811_155000_stage_B_2C_30day_full_final,D007_H16,7,16,16,3856,3879,590,592,24,24,3,27,16,0
20260811_155000_stage_B_2C_30day_full_final,D007_H17,7,17,17,3880,3903,593,595,24,24,3,27,17,0
20260811_155000_stage_B_2C_30day_full_final,D007_H18,7,18,18,3904,3927,596,598,24,24,3,27,18,0
20260811_155000_stage_B_2C_30day_full_final,D007_H19,7,19,19,3928,3951,599,601,24,24,3,27,19,0
20260811_155000_stage_B_2C_30day_full_final,D007_H20,7,20,20,3952,3970,602,604,19,19,3,22,20,0
20260811_155000_stage_B_2C_30day_full_final,D007_H21,7,21,21,3971,3989,605,607,19,19,3,22,21,0
20260811_155000_stage_B_2C_30day_full_final,D007_H22,7,22,22,3990,4008,608,610,19,19,3,22,22,0
20260811_155000_stage_B_2C_30day_full_final,D007_H23,7,23,23,4009,4027,611,613,19,19,3,22,23,0
20260811_155000_stage_B_2C_30day_full_final,D007_H24,7,24,24,4028,4046,614,618,19,19,5,24,24,2
20260811_155000_stage_B_2C_30day_full_final,D008_CAPACITY,8,0,0,113,126,619,632,14,14,14,28,0,0
20260811_155000_stage_B_2C_30day_full_final,D008_H01,8,1,1,4047,4065,633,635,19,19,3,22,1,0
20260811_155000_stage_B_2C_30day_full_final,D008_H02,8,2,2,4066,4084,636,638,19,19,3,22,2,0
20260811_155000_stage_B_2C_30day_full_final,D008_H03,8,3,3,4085,4103,639,641,19,19,3,22,3,0
20260811_155000_stage_B_2C_30day_full_final,D008_H04,8,4,4,4104,4122,642,644,19,19,3,22,4,0
20260811_155000_stage_B_2C_30day_full_final,D008_H05,8,5,5,4123,4141,645,647,19,19,3,22,5,0
20260811_155000_stage_B_2C_30day_full_final,D008_H06,8,6,6,4142,4160,648,650,19,19,3,22,6,0
20260811_155000_stage_B_2C_30day_full_final,D008_H07,8,7,7,4161,4179,651,653,19,19,3,22,7,0
20260811_155000_stage_B_2C_30day_full_final,D008_H08,8,8,8,4180,4203,654,656,24,24,3,27,8,0
20260811_155000_stage_B_2C_30day_full_final,D008_H09,8,9,9,4204,4227,657,659,24,24,3,27,9,0
20260811_155000_stage_B_2C_30day_full_final,D008_H10,8,10,10,4228,4251,660,662,24,24,3,27,10,0
20260811_155000_stage_B_2C_30day_full_final,D008_H11,8,11,11,4252,4275,663,665,24,24,3,27,11,0
20260811_155000_stage_B_2C_30day_full_final,D008_H12,8,12,12,4276,4299,666,668,24,24,3,27,12,0
20260811_155000_stage_B_2C_30day_full_final,D008_H13,8,13,13,4300,4323,669,671,24,24,3,27,13,0
20260811_155000_stage_B_2C_30day_full_final,D008_H14,8,14,14,4324,4347,672,674,24,24,3,27,14,0
20260811_155000_stage_B_2C_30day_full_final,D008_H15,8,15,15,4348,4371,675,677,24,24,3,27,15,0
20260811_155000_stage_B_2C_30day_full_final,D008_H16,8,16,16,4372,4395,678,680,24,24,3,27,16,0
20260811_155000_stage_B_2C_30day_full_final,D008_H17,8,17,17,4396,4419,681,683,24,24,3,27,17,0
20260811_155000_stage_B_2C_30day_full_final,D008_H18,8,18,18,4420,4443,684,686,24,24,3,27,18,0
20260811_155000_stage_B_2C_30day_full_final,D008_H19,8,19,19,4444,4467,687,689,24,24,3,27,19,0
20260811_155000_stage_B_2C_30day_full_final,D008_H20,8,20,20,4468,4486,690,692,19,19,3,22,20,0
20260811_155000_stage_B_2C_30day_full_final,D008_H21,8,21,21,4487,4505,693,695,19,19,3,22,21,0
20260811_155000_stage_B_2C_30day_full_final,D008_H22,8,22,22,4506,4524,696,698,19,19,3,22,22,0
20260811_155000_stage_B_2C_30day_full_final,D008_H23,8,23,23,4525,4543,699,701,19,19,3,22,23,0
20260811_155000_stage_B_2C_30day_full_final,D008_H24,8,24,24,4544,4562,702,706,19,19,5,24,24,2
20260811_155000_stage_B_2C_30day_full_final,D009_CAPACITY,9,0,0,127,140,707,720,14,14,14,28,0,0
20260811_155000_stage_B_2C_30day_full_final,D009_H01,9,1,1,4563,4581,721,723,19,19,3,22,1,0
20260811_155000_stage_B_2C_30day_full_final,D009_H02,9,2,2,4582,4600,724,726,19,19,3,22,2,0
20260811_155000_stage_B_2C_30day_full_final,D009_H03,9,3,3,4601,4619,727,729,19,19,3,22,3,0
20260811_155000_stage_B_2C_30day_full_final,D009_H04,9,4,4,4620,4638,730,732,19,19,3,22,4,0
20260811_155000_stage_B_2C_30day_full_final,D009_H05,9,5,5,4639,4657,733,735,19,19,3,22,5,0
20260811_155000_stage_B_2C_30day_full_final,D009_H06,9,6,6,4658,4676,736,738,19,19,3,22,6,0
20260811_155000_stage_B_2C_30day_full_final,D009_H07,9,7,7,4677,4695,739,741,19,19,3,22,7,0
20260811_155000_stage_B_2C_30day_full_final,D009_H08,9,8,8,4696,4719,742,744,24,24,3,27,8,0
20260811_155000_stage_B_2C_30day_full_final,D009_H09,9,9,9,4720,4743,745,747,24,24,3,27,9,0
20260811_155000_stage_B_2C_30day_full_final,D009_H10,9,10,10,4744,4767,748,750,24,24,3,27,10,0
20260811_155000_stage_B_2C_30day_full_final,D009_H11,9,11,11,4768,4791,751,753,24,24,3,27,11,0
20260811_155000_stage_B_2C_30day_full_final,D009_H12,9,12,12,4792,4815,754,756,24,24,3,27,12,0
20260811_155000_stage_B_2C_30day_full_final,D009_H13,9,13,13,4816,4839,757,759,24,24,3,27,13,0
20260811_155000_stage_B_2C_30day_full_final,D009_H14,9,14,14,4840,4863,760,762,24,24,3,27,14,0
20260811_155000_stage_B_2C_30day_full_final,D009_H15,9,15,15,4864,4887,763,765,24,24,3,27,15,0
20260811_155000_stage_B_2C_30day_full_final,D009_H16,9,16,16,4888,4911,766,768,24,24,3,27,16,0
20260811_155000_stage_B_2C_30day_full_final,D009_H17,9,17,17,4912,4935,769,771,24,24,3,27,17,0
20260811_155000_stage_B_2C_30day_full_final,D009_H18,9,18,18,4936,4959,772,774,24,24,3,27,18,0
20260811_155000_stage_B_2C_30day_full_final,D009_H19,9,19,19,4960,4983,775,777,24,24,3,27,19,0
20260811_155000_stage_B_2C_30day_full_final,D009_H20,9,20,20,4984,5002,778,780,19,19,3,22,20,0
20260811_155000_stage_B_2C_30day_full_final,D009_H21,9,21,21,5003,5021,781,783,19,19,3,22,21,0
20260811_155000_stage_B_2C_30day_full_final,D009_H22,9,22,22,5022,5040,784,786,19,19,3,22,22,0
20260811_155000_stage_B_2C_30day_full_final,D009_H23,9,23,23,5041,5059,787,789,19,19,3,22,23,0
20260811_155000_stage_B_2C_30day_full_final,D009_H24,9,24,24,5060,5078,790,794,19,19,5,24,24,2
20260811_155000_stage_B_2C_30day_full_final,D010_CAPACITY,10,0,0,141,154,795,808,14,14,14,28,0,0
20260811_155000_stage_B_2C_30day_full_final,D010_H01,10,1,1,5079,5097,809,811,19,19,3,22,1,0
20260811_155000_stage_B_2C_30day_full_final,D010_H02,10,2,2,5098,5116,812,814,19,19,3,22,2,0
20260811_155000_stage_B_2C_30day_full_final,D010_H03,10,3,3,5117,5135,815,817,19,19,3,22,3,0
20260811_155000_stage_B_2C_30day_full_final,D010_H04,10,4,4,5136,5154,818,820,19,19,3,22,4,0
20260811_155000_stage_B_2C_30day_full_final,D010_H05,10,5,5,5155,5173,821,823,19,19,3,22,5,0
20260811_155000_stage_B_2C_30day_full_final,D010_H06,10,6,6,5174,5192,824,826,19,19,3,22,6,0
20260811_155000_stage_B_2C_30day_full_final,D010_H07,10,7,7,5193,5211,827,829,19,19,3,22,7,0
20260811_155000_stage_B_2C_30day_full_final,D010_H08,10,8,8,5212,5235,830,832,24,24,3,27,8,0
20260811_155000_stage_B_2C_30day_full_final,D010_H09,10,9,9,5236,5259,833,835,24,24,3,27,9,0
20260811_155000_stage_B_2C_30day_full_final,D010_H10,10,10,10,5260,5283,836,838,24,24,3,27,10,0
20260811_155000_stage_B_2C_30day_full_final,D010_H11,10,11,11,5284,5307,839,841,24,24,3,27,11,0
20260811_155000_stage_B_2C_30day_full_final,D010_H12,10,12,12,5308,5331,842,844,24,24,3,27,12,0
20260811_155000_stage_B_2C_30day_full_final,D010_H13,10,13,13,5332,5355,845,847,24,24,3,27,13,0
20260811_155000_stage_B_2C_30day_full_final,D010_H14,10,14,14,5356,5379,848,850,24,24,3,27,14,0
20260811_155000_stage_B_2C_30day_full_final,D010_H15,10,15,15,5380,5403,851,853,24,24,3,27,15,0
20260811_155000_stage_B_2C_30day_full_final,D010_H16,10,16,16,5404,5427,854,856,24,24,3,27,16,0
20260811_155000_stage_B_2C_30day_full_final,D010_H17,10,17,17,5428,5451,857,859,24,24,3,27,17,0
20260811_155000_stage_B_2C_30day_full_final,D010_H18,10,18,18,5452,5475,860,862,24,24,3,27,18,0
20260811_155000_stage_B_2C_30day_full_final,D010_H19,10,19,19,5476,5499,863,865,24,24,3,27,19,0
20260811_155000_stage_B_2C_30day_full_final,D010_H20,10,20,20,5500,5518,866,868,19,19,3,22,20,0
20260811_155000_stage_B_2C_30day_full_final,D010_H21,10,21,21,5519,5537,869,871,19,19,3,22,21,0
20260811_155000_stage_B_2C_30day_full_final,D010_H22,10,22,22,5538,5556,872,874,19,19,3,22,22,0
20260811_155000_stage_B_2C_30day_full_final,D010_H23,10,23,23,5557,5575,875,877,19,19,3,22,23,0
20260811_155000_stage_B_2C_30day_full_final,D010_H24,10,24,24,5576,5594,878,882,19,19,5,24,24,2
20260811_155000_stage_B_2C_30day_full_final,D011_CAPACITY,11,0,0,155,168,883,896,14,14,14,28,0,0
20260811_155000_stage_B_2C_30day_full_final,D011_H01,11,1,1,5595,5613,897,899,19,19,3,22,1,0
20260811_155000_stage_B_2C_30day_full_final,D011_H02,11,2,2,5614,5632,900,902,19,19,3,22,2,0
20260811_155000_stage_B_2C_30day_full_final,D011_H03,11,3,3,5633,5651,903,905,19,19,3,22,3,0
20260811_155000_stage_B_2C_30day_full_final,D011_H04,11,4,4,5652,5670,906,908,19,19,3,22,4,0
20260811_155000_stage_B_2C_30day_full_final,D011_H05,11,5,5,5671,5689,909,911,19,19,3,22,5,0
20260811_155000_stage_B_2C_30day_full_final,D011_H06,11,6,6,5690,5708,912,914,19,19,3,22,6,0
20260811_155000_stage_B_2C_30day_full_final,D011_H07,11,7,7,5709,5727,915,917,19,19,3,22,7,0
20260811_155000_stage_B_2C_30day_full_final,D011_H08,11,8,8,5728,5751,918,920,24,24,3,27,8,0
20260811_155000_stage_B_2C_30day_full_final,D011_H09,11,9,9,5752,5775,921,923,24,24,3,27,9,0
20260811_155000_stage_B_2C_30day_full_final,D011_H10,11,10,10,5776,5799,924,926,24,24,3,27,10,0
20260811_155000_stage_B_2C_30day_full_final,D011_H11,11,11,11,5800,5823,927,929,24,24,3,27,11,0
20260811_155000_stage_B_2C_30day_full_final,D011_H12,11,12,12,5824,5847,930,932,24,24,3,27,12,0
20260811_155000_stage_B_2C_30day_full_final,D011_H13,11,13,13,5848,5871,933,935,24,24,3,27,13,0
20260811_155000_stage_B_2C_30day_full_final,D011_H14,11,14,14,5872,5895,936,938,24,24,3,27,14,0
20260811_155000_stage_B_2C_30day_full_final,D011_H15,11,15,15,5896,5919,939,941,24,24,3,27,15,0
20260811_155000_stage_B_2C_30day_full_final,D011_H16,11,16,16,5920,5943,942,944,24,24,3,27,16,0
20260811_155000_stage_B_2C_30day_full_final,D011_H17,11,17,17,5944,5967,945,947,24,24,3,27,17,0
20260811_155000_stage_B_2C_30day_full_final,D011_H18,11,18,18,5968,5991,948,950,24,24,3,27,18,0
20260811_155000_stage_B_2C_30day_full_final,D011_H19,11,19,19,5992,6015,951,953,24,24,3,27,19,0
20260811_155000_stage_B_2C_30day_full_final,D011_H20,11,20,20,6016,6034,954,956,19,19,3,22,20,0
20260811_155000_stage_B_2C_30day_full_final,D011_H21,11,21,21,6035,6053,957,959,19,19,3,22,21,0
20260811_155000_stage_B_2C_30day_full_final,D011_H22,11,22,22,6054,6072,960,962,19,19,3,22,22,0
20260811_155000_stage_B_2C_30day_full_final,D011_H23,11,23,23,6073,6091,963,965,19,19,3,22,23,0
20260811_155000_stage_B_2C_30day_full_final,D011_H24,11,24,24,6092,6110,966,970,19,19,5,24,24,2
20260811_155000_stage_B_2C_30day_full_final,D012_CAPACITY,12,0,0,169,182,971,984,14,14,14,28,0,0
20260811_155000_stage_B_2C_30day_full_final,D012_H01,12,1,1,6111,6129,985,987,19,19,3,22,1,0
20260811_155000_stage_B_2C_30day_full_final,D012_H02,12,2,2,6130,6148,988,990,19,19,3,22,2,0
20260811_155000_stage_B_2C_30day_full_final,D012_H03,12,3,3,6149,6167,991,993,19,19,3,22,3,0
20260811_155000_stage_B_2C_30day_full_final,D012_H04,12,4,4,6168,6186,994,996,19,19,3,22,4,0
20260811_155000_stage_B_2C_30day_full_final,D012_H05,12,5,5,6187,6205,997,999,19,19,3,22,5,0
20260811_155000_stage_B_2C_30day_full_final,D012_H06,12,6,6,6206,6224,1000,1002,19,19,3,22,6,0
20260811_155000_stage_B_2C_30day_full_final,D012_H07,12,7,7,6225,6243,1003,1005,19,19,3,22,7,0
20260811_155000_stage_B_2C_30day_full_final,D012_H08,12,8,8,6244,6267,1006,1008,24,24,3,27,8,0
20260811_155000_stage_B_2C_30day_full_final,D012_H09,12,9,9,6268,6291,1009,1011,24,24,3,27,9,0
20260811_155000_stage_B_2C_30day_full_final,D012_H10,12,10,10,6292,6315,1012,1014,24,24,3,27,10,0
20260811_155000_stage_B_2C_30day_full_final,D012_H11,12,11,11,6316,6339,1015,1017,24,24,3,27,11,0
20260811_155000_stage_B_2C_30day_full_final,D012_H12,12,12,12,6340,6363,1018,1020,24,24,3,27,12,0
20260811_155000_stage_B_2C_30day_full_final,D012_H13,12,13,13,6364,6387,1021,1023,24,24,3,27,13,0
20260811_155000_stage_B_2C_30day_full_final,D012_H14,12,14,14,6388,6411,1024,1026,24,24,3,27,14,0
20260811_155000_stage_B_2C_30day_full_final,D012_H15,12,15,15,6412,6435,1027,1029,24,24,3,27,15,0
20260811_155000_stage_B_2C_30day_full_final,D012_H16,12,16,16,6436,6459,1030,1032,24,24,3,27,16,0
20260811_155000_stage_B_2C_30day_full_final,D012_H17,12,17,17,6460,6483,1033,1035,24,24,3,27,17,0
20260811_155000_stage_B_2C_30day_full_final,D012_H18,12,18,18,6484,6507,1036,1038,24,24,3,27,18,0
20260811_155000_stage_B_2C_30day_full_final,D012_H19,12,19,19,6508,6531,1039,1041,24,24,3,27,19,0
20260811_155000_stage_B_2C_30day_full_final,D012_H20,12,20,20,6532,6550,1042,1044,19,19,3,22,20,0
20260811_155000_stage_B_2C_30day_full_final,D012_H21,12,21,21,6551,6569,1045,1047,19,19,3,22,21,0
20260811_155000_stage_B_2C_30day_full_final,D012_H22,12,22,22,6570,6588,1048,1050,19,19,3,22,22,0
20260811_155000_stage_B_2C_30day_full_final,D012_H23,12,23,23,6589,6607,1051,1053,19,19,3,22,23,0
20260811_155000_stage_B_2C_30day_full_final,D012_H24,12,24,24,6608,6626,1054,1058,19,19,5,24,24,2
20260811_155000_stage_B_2C_30day_full_final,D013_CAPACITY,13,0,0,183,196,1059,1072,14,14,14,28,0,0
20260811_155000_stage_B_2C_30day_full_final,D013_H01,13,1,1,6627,6645,1073,1075,19,19,3,22,1,0
20260811_155000_stage_B_2C_30day_full_final,D013_H02,13,2,2,6646,6664,1076,1078,19,19,3,22,2,0
20260811_155000_stage_B_2C_30day_full_final,D013_H03,13,3,3,6665,6683,1079,1081,19,19,3,22,3,0
20260811_155000_stage_B_2C_30day_full_final,D013_H04,13,4,4,6684,6702,1082,1084,19,19,3,22,4,0
20260811_155000_stage_B_2C_30day_full_final,D013_H05,13,5,5,6703,6721,1085,1087,19,19,3,22,5,0
20260811_155000_stage_B_2C_30day_full_final,D013_H06,13,6,6,6722,6740,1088,1090,19,19,3,22,6,0
20260811_155000_stage_B_2C_30day_full_final,D013_H07,13,7,7,6741,6759,1091,1093,19,19,3,22,7,0
20260811_155000_stage_B_2C_30day_full_final,D013_H08,13,8,8,6760,6783,1094,1096,24,24,3,27,8,0
20260811_155000_stage_B_2C_30day_full_final,D013_H09,13,9,9,6784,6807,1097,1099,24,24,3,27,9,0
20260811_155000_stage_B_2C_30day_full_final,D013_H10,13,10,10,6808,6831,1100,1102,24,24,3,27,10,0
20260811_155000_stage_B_2C_30day_full_final,D013_H11,13,11,11,6832,6855,1103,1105,24,24,3,27,11,0
20260811_155000_stage_B_2C_30day_full_final,D013_H12,13,12,12,6856,6879,1106,1108,24,24,3,27,12,0
20260811_155000_stage_B_2C_30day_full_final,D013_H13,13,13,13,6880,6903,1109,1111,24,24,3,27,13,0
20260811_155000_stage_B_2C_30day_full_final,D013_H14,13,14,14,6904,6927,1112,1114,24,24,3,27,14,0
20260811_155000_stage_B_2C_30day_full_final,D013_H15,13,15,15,6928,6951,1115,1117,24,24,3,27,15,0
20260811_155000_stage_B_2C_30day_full_final,D013_H16,13,16,16,6952,6975,1118,1120,24,24,3,27,16,0
20260811_155000_stage_B_2C_30day_full_final,D013_H17,13,17,17,6976,6999,1121,1123,24,24,3,27,17,0
20260811_155000_stage_B_2C_30day_full_final,D013_H18,13,18,18,7000,7023,1124,1126,24,24,3,27,18,0
20260811_155000_stage_B_2C_30day_full_final,D013_H19,13,19,19,7024,7047,1127,1129,24,24,3,27,19,0
20260811_155000_stage_B_2C_30day_full_final,D013_H20,13,20,20,7048,7066,1130,1132,19,19,3,22,20,0
20260811_155000_stage_B_2C_30day_full_final,D013_H21,13,21,21,7067,7085,1133,1135,19,19,3,22,21,0
20260811_155000_stage_B_2C_30day_full_final,D013_H22,13,22,22,7086,7104,1136,1138,19,19,3,22,22,0
20260811_155000_stage_B_2C_30day_full_final,D013_H23,13,23,23,7105,7123,1139,1141,19,19,3,22,23,0
20260811_155000_stage_B_2C_30day_full_final,D013_H24,13,24,24,7124,7142,1142,1146,19,19,5,24,24,2
20260811_155000_stage_B_2C_30day_full_final,D014_CAPACITY,14,0,0,197,210,1147,1160,14,14,14,28,0,0
20260811_155000_stage_B_2C_30day_full_final,D014_H01,14,1,1,7143,7161,1161,1163,19,19,3,22,1,0
20260811_155000_stage_B_2C_30day_full_final,D014_H02,14,2,2,7162,7180,1164,1166,19,19,3,22,2,0
20260811_155000_stage_B_2C_30day_full_final,D014_H03,14,3,3,7181,7199,1167,1169,19,19,3,22,3,0
20260811_155000_stage_B_2C_30day_full_final,D014_H04,14,4,4,7200,7218,1170,1172,19,19,3,22,4,0
20260811_155000_stage_B_2C_30day_full_final,D014_H05,14,5,5,7219,7237,1173,1175,19,19,3,22,5,0
20260811_155000_stage_B_2C_30day_full_final,D014_H06,14,6,6,7238,7256,1176,1178,19,19,3,22,6,0
20260811_155000_stage_B_2C_30day_full_final,D014_H07,14,7,7,7257,7275,1179,1181,19,19,3,22,7,0
20260811_155000_stage_B_2C_30day_full_final,D014_H08,14,8,8,7276,7299,1182,1184,24,24,3,27,8,0
20260811_155000_stage_B_2C_30day_full_final,D014_H09,14,9,9,7300,7323,1185,1187,24,24,3,27,9,0
20260811_155000_stage_B_2C_30day_full_final,D014_H10,14,10,10,7324,7347,1188,1190,24,24,3,27,10,0
20260811_155000_stage_B_2C_30day_full_final,D014_H11,14,11,11,7348,7371,1191,1193,24,24,3,27,11,0
20260811_155000_stage_B_2C_30day_full_final,D014_H12,14,12,12,7372,7395,1194,1196,24,24,3,27,12,0
20260811_155000_stage_B_2C_30day_full_final,D014_H13,14,13,13,7396,7419,1197,1199,24,24,3,27,13,0
20260811_155000_stage_B_2C_30day_full_final,D014_H14,14,14,14,7420,7443,1200,1202,24,24,3,27,14,0
20260811_155000_stage_B_2C_30day_full_final,D014_H15,14,15,15,7444,7467,1203,1205,24,24,3,27,15,0
20260811_155000_stage_B_2C_30day_full_final,D014_H16,14,16,16,7468,7491,1206,1208,24,24,3,27,16,0
20260811_155000_stage_B_2C_30day_full_final,D014_H17,14,17,17,7492,7515,1209,1211,24,24,3,27,17,0
20260811_155000_stage_B_2C_30day_full_final,D014_H18,14,18,18,7516,7539,1212,1214,24,24,3,27,18,0
20260811_155000_stage_B_2C_30day_full_final,D014_H19,14,19,19,7540,7562,1215,1217,23,23,3,26,19,0
20260811_155000_stage_B_2C_30day_full_final,D014_H20,14,20,20,7563,7581,1218,1220,19,19,3,22,20,0
20260811_155000_stage_B_2C_30day_full_final,D014_H21,14,21,21,7582,7600,1221,1223,19,19,3,22,21,0
20260811_155000_stage_B_2C_30day_full_final,D014_H22,14,22,22,7601,7619,1224,1226,19,19,3,22,22,0
20260811_155000_stage_B_2C_30day_full_final,D014_H23,14,23,23,7620,7638,1227,1229,19,19,3,22,23,0
20260811_155000_stage_B_2C_30day_full_final,D014_H24,14,24,24,7639,7657,1230,1234,19,19,5,24,24,2
20260811_155000_stage_B_2C_30day_full_final,D015_CAPACITY,15,0,0,211,224,1235,1248,14,14,14,28,0,0
20260811_155000_stage_B_2C_30day_full_final,D015_H01,15,1,1,7658,7676,1249,1251,19,19,3,22,1,0
20260811_155000_stage_B_2C_30day_full_final,D015_H02,15,2,2,7677,7695,1252,1254,19,19,3,22,2,0
20260811_155000_stage_B_2C_30day_full_final,D015_H03,15,3,3,7696,7714,1255,1257,19,19,3,22,3,0
20260811_155000_stage_B_2C_30day_full_final,D015_H04,15,4,4,7715,7733,1258,1260,19,19,3,22,4,0
20260811_155000_stage_B_2C_30day_full_final,D015_H05,15,5,5,7734,7752,1261,1263,19,19,3,22,5,0
20260811_155000_stage_B_2C_30day_full_final,D015_H06,15,6,6,7753,7771,1264,1266,19,19,3,22,6,0
20260811_155000_stage_B_2C_30day_full_final,D015_H07,15,7,7,7772,7790,1267,1269,19,19,3,22,7,0
20260811_155000_stage_B_2C_30day_full_final,D015_H08,15,8,8,7791,7814,1270,1272,24,24,3,27,8,0
20260811_155000_stage_B_2C_30day_full_final,D015_H09,15,9,9,7815,7838,1273,1275,24,24,3,27,9,0
20260811_155000_stage_B_2C_30day_full_final,D015_H10,15,10,10,7839,7862,1276,1278,24,24,3,27,10,0
20260811_155000_stage_B_2C_30day_full_final,D015_H11,15,11,11,7863,7886,1279,1281,24,24,3,27,11,0
20260811_155000_stage_B_2C_30day_full_final,D015_H12,15,12,12,7887,7910,1282,1284,24,24,3,27,12,0
20260811_155000_stage_B_2C_30day_full_final,D015_H13,15,13,13,7911,7934,1285,1287,24,24,3,27,13,0
20260811_155000_stage_B_2C_30day_full_final,D015_H14,15,14,14,7935,7958,1288,1290,24,24,3,27,14,0
20260811_155000_stage_B_2C_30day_full_final,D015_H15,15,15,15,7959,7982,1291,1293,24,24,3,27,15,0
20260811_155000_stage_B_2C_30day_full_final,D015_H16,15,16,16,7983,8006,1294,1296,24,24,3,27,16,0
20260811_155000_stage_B_2C_30day_full_final,D015_H17,15,17,17,8007,8030,1297,1299,24,24,3,27,17,0
20260811_155000_stage_B_2C_30day_full_final,D015_H18,15,18,18,8031,8054,1300,1302,24,24,3,27,18,0
20260811_155000_stage_B_2C_30day_full_final,D015_H19,15,19,19,8055,8078,1303,1305,24,24,3,27,19,0
20260811_155000_stage_B_2C_30day_full_final,D015_H20,15,20,20,8079,8097,1306,1308,19,19,3,22,20,0
20260811_155000_stage_B_2C_30day_full_final,D015_H21,15,21,21,8098,8116,1309,1311,19,19,3,22,21,0
20260811_155000_stage_B_2C_30day_full_final,D015_H22,15,22,22,8117,8135,1312,1314,19,19,3,22,22,0
20260811_155000_stage_B_2C_30day_full_final,D015_H23,15,23,23,8136,8154,1315,1317,19,19,3,22,23,0
20260811_155000_stage_B_2C_30day_full_final,D015_H24,15,24,24,8155,8173,1318,1322,19,19,5,24,24,2
20260811_155000_stage_B_2C_30day_full_final,D016_CAPACITY,16,0,0,225,238,1323,1336,14,14,14,28,0,0
20260811_155000_stage_B_2C_30day_full_final,D016_H01,16,1,1,8174,8192,1337,1339,19,19,3,22,1,0
20260811_155000_stage_B_2C_30day_full_final,D016_H02,16,2,2,8193,8211,1340,1342,19,19,3,22,2,0
20260811_155000_stage_B_2C_30day_full_final,D016_H03,16,3,3,8212,8230,1343,1345,19,19,3,22,3,0
20260811_155000_stage_B_2C_30day_full_final,D016_H04,16,4,4,8231,8249,1346,1348,19,19,3,22,4,0
20260811_155000_stage_B_2C_30day_full_final,D016_H05,16,5,5,8250,8267,1349,1351,18,18,3,21,5,0
20260811_155000_stage_B_2C_30day_full_final,D016_H06,16,6,6,8268,8286,1352,1354,19,19,3,22,6,0
20260811_155000_stage_B_2C_30day_full_final,D016_H07,16,7,7,8287,8305,1355,1357,19,19,3,22,7,0
20260811_155000_stage_B_2C_30day_full_final,D016_H08,16,8,8,8306,8329,1358,1360,24,24,3,27,8,0
20260811_155000_stage_B_2C_30day_full_final,D016_H09,16,9,9,8330,8353,1361,1363,24,24,3,27,9,0
20260811_155000_stage_B_2C_30day_full_final,D016_H10,16,10,10,8354,8377,1364,1366,24,24,3,27,10,0
20260811_155000_stage_B_2C_30day_full_final,D016_H11,16,11,11,8378,8401,1367,1369,24,24,3,27,11,0
20260811_155000_stage_B_2C_30day_full_final,D016_H12,16,12,12,8402,8425,1370,1372,24,24,3,27,12,0
20260811_155000_stage_B_2C_30day_full_final,D016_H13,16,13,13,8426,8449,1373,1375,24,24,3,27,13,0
20260811_155000_stage_B_2C_30day_full_final,D016_H14,16,14,14,8450,8473,1376,1378,24,24,3,27,14,0
20260811_155000_stage_B_2C_30day_full_final,D016_H15,16,15,15,8474,8497,1379,1381,24,24,3,27,15,0
20260811_155000_stage_B_2C_30day_full_final,D016_H16,16,16,16,8498,8521,1382,1384,24,24,3,27,16,0
20260811_155000_stage_B_2C_30day_full_final,D016_H17,16,17,17,8522,8545,1385,1387,24,24,3,27,17,0
20260811_155000_stage_B_2C_30day_full_final,D016_H18,16,18,18,8546,8569,1388,1390,24,24,3,27,18,0
20260811_155000_stage_B_2C_30day_full_final,D016_H19,16,19,19,8570,8593,1391,1393,24,24,3,27,19,0
20260811_155000_stage_B_2C_30day_full_final,D016_H20,16,20,20,8594,8612,1394,1396,19,19,3,22,20,0
20260811_155000_stage_B_2C_30day_full_final,D016_H21,16,21,21,8613,8631,1397,1399,19,19,3,22,21,0
20260811_155000_stage_B_2C_30day_full_final,D016_H22,16,22,22,8632,8650,1400,1402,19,19,3,22,22,0
20260811_155000_stage_B_2C_30day_full_final,D016_H23,16,23,23,8651,8669,1403,1405,19,19,3,22,23,0
20260811_155000_stage_B_2C_30day_full_final,D016_H24,16,24,24,8670,8688,1406,1410,19,19,5,24,24,2
20260811_155000_stage_B_2C_30day_full_final,D017_CAPACITY,17,0,0,239,252,1411,1424,14,14,14,28,0,0
20260811_155000_stage_B_2C_30day_full_final,D017_H01,17,1,1,8689,8707,1425,1427,19,19,3,22,1,0
20260811_155000_stage_B_2C_30day_full_final,D017_H02,17,2,2,8708,8726,1428,1430,19,19,3,22,2,0
20260811_155000_stage_B_2C_30day_full_final,D017_H03,17,3,3,8727,8745,1431,1433,19,19,3,22,3,0
20260811_155000_stage_B_2C_30day_full_final,D017_H04,17,4,4,8746,8764,1434,1436,19,19,3,22,4,0
20260811_155000_stage_B_2C_30day_full_final,D017_H05,17,5,5,8765,8783,1437,1439,19,19,3,22,5,0
20260811_155000_stage_B_2C_30day_full_final,D017_H06,17,6,6,8784,8802,1440,1442,19,19,3,22,6,0
20260811_155000_stage_B_2C_30day_full_final,D017_H07,17,7,7,8803,8821,1443,1445,19,19,3,22,7,0
20260811_155000_stage_B_2C_30day_full_final,D017_H08,17,8,8,8822,8845,1446,1448,24,24,3,27,8,0
20260811_155000_stage_B_2C_30day_full_final,D017_H09,17,9,9,8846,8869,1449,1451,24,24,3,27,9,0
20260811_155000_stage_B_2C_30day_full_final,D017_H10,17,10,10,8870,8893,1452,1454,24,24,3,27,10,0
20260811_155000_stage_B_2C_30day_full_final,D017_H11,17,11,11,8894,8917,1455,1457,24,24,3,27,11,0
20260811_155000_stage_B_2C_30day_full_final,D017_H12,17,12,12,8918,8941,1458,1460,24,24,3,27,12,0
20260811_155000_stage_B_2C_30day_full_final,D017_H13,17,13,13,8942,8965,1461,1463,24,24,3,27,13,0
20260811_155000_stage_B_2C_30day_full_final,D017_H14,17,14,14,8966,8989,1464,1466,24,24,3,27,14,0
20260811_155000_stage_B_2C_30day_full_final,D017_H15,17,15,15,8990,9013,1467,1469,24,24,3,27,15,0
20260811_155000_stage_B_2C_30day_full_final,D017_H16,17,16,16,9014,9037,1470,1472,24,24,3,27,16,0
20260811_155000_stage_B_2C_30day_full_final,D017_H17,17,17,17,9038,9061,1473,1475,24,24,3,27,17,0
20260811_155000_stage_B_2C_30day_full_final,D017_H18,17,18,18,9062,9085,1476,1478,24,24,3,27,18,0
20260811_155000_stage_B_2C_30day_full_final,D017_H19,17,19,19,9086,9109,1479,1481,24,24,3,27,19,0
20260811_155000_stage_B_2C_30day_full_final,D017_H20,17,20,20,9110,9128,1482,1484,19,19,3,22,20,0
20260811_155000_stage_B_2C_30day_full_final,D017_H21,17,21,21,9129,9147,1485,1487,19,19,3,22,21,0
20260811_155000_stage_B_2C_30day_full_final,D017_H22,17,22,22,9148,9166,1488,1490,19,19,3,22,22,0
20260811_155000_stage_B_2C_30day_full_final,D017_H23,17,23,23,9167,9185,1491,1493,19,19,3,22,23,0
20260811_155000_stage_B_2C_30day_full_final,D017_H24,17,24,24,9186,9204,1494,1498,19,19,5,24,24,2
20260811_155000_stage_B_2C_30day_full_final,D018_CAPACITY,18,0,0,253,266,1499,1512,14,14,14,28,0,0
20260811_155000_stage_B_2C_30day_full_final,D018_H01,18,1,1,9205,9223,1513,1515,19,19,3,22,1,0
20260811_155000_stage_B_2C_30day_full_final,D018_H02,18,2,2,9224,9242,1516,1518,19,19,3,22,2,0
20260811_155000_stage_B_2C_30day_full_final,D018_H03,18,3,3,9243,9261,1519,1521,19,19,3,22,3,0
20260811_155000_stage_B_2C_30day_full_final,D018_H04,18,4,4,9262,9280,1522,1524,19,19,3,22,4,0
20260811_155000_stage_B_2C_30day_full_final,D018_H05,18,5,5,9281,9299,1525,1527,19,19,3,22,5,0
20260811_155000_stage_B_2C_30day_full_final,D018_H06,18,6,6,9300,9318,1528,1530,19,19,3,22,6,0
20260811_155000_stage_B_2C_30day_full_final,D018_H07,18,7,7,9319,9337,1531,1533,19,19,3,22,7,0
20260811_155000_stage_B_2C_30day_full_final,D018_H08,18,8,8,9338,9361,1534,1536,24,24,3,27,8,0
20260811_155000_stage_B_2C_30day_full_final,D018_H09,18,9,9,9362,9385,1537,1539,24,24,3,27,9,0
20260811_155000_stage_B_2C_30day_full_final,D018_H10,18,10,10,9386,9409,1540,1542,24,24,3,27,10,0
20260811_155000_stage_B_2C_30day_full_final,D018_H11,18,11,11,9410,9433,1543,1545,24,24,3,27,11,0
20260811_155000_stage_B_2C_30day_full_final,D018_H12,18,12,12,9434,9457,1546,1548,24,24,3,27,12,0
20260811_155000_stage_B_2C_30day_full_final,D018_H13,18,13,13,9458,9481,1549,1551,24,24,3,27,13,0
20260811_155000_stage_B_2C_30day_full_final,D018_H14,18,14,14,9482,9505,1552,1554,24,24,3,27,14,0
20260811_155000_stage_B_2C_30day_full_final,D018_H15,18,15,15,9506,9529,1555,1557,24,24,3,27,15,0
20260811_155000_stage_B_2C_30day_full_final,D018_H16,18,16,16,9530,9553,1558,1560,24,24,3,27,16,0
20260811_155000_stage_B_2C_30day_full_final,D018_H17,18,17,17,9554,9577,1561,1563,24,24,3,27,17,0
20260811_155000_stage_B_2C_30day_full_final,D018_H18,18,18,18,9578,9601,1564,1566,24,24,3,27,18,0
20260811_155000_stage_B_2C_30day_full_final,D018_H19,18,19,19,9602,9625,1567,1569,24,24,3,27,19,0
20260811_155000_stage_B_2C_30day_full_final,D018_H20,18,20,20,9626,9644,1570,1572,19,19,3,22,20,0
20260811_155000_stage_B_2C_30day_full_final,D018_H21,18,21,21,9645,9663,1573,1575,19,19,3,22,21,0
20260811_155000_stage_B_2C_30day_full_final,D018_H22,18,22,22,9664,9682,1576,1578,19,19,3,22,22,0
20260811_155000_stage_B_2C_30day_full_final,D018_H23,18,23,23,9683,9701,1579,1581,19,19,3,22,23,0
20260811_155000_stage_B_2C_30day_full_final,D018_H24,18,24,24,9702,9720,1582,1586,19,19,5,24,24,2
20260811_155000_stage_B_2C_30day_full_final,D019_CAPACITY,19,0,0,267,280,1587,1600,14,14,14,28,0,0
20260811_155000_stage_B_2C_30day_full_final,D019_H01,19,1,1,9721,9739,1601,1603,19,19,3,22,1,0
20260811_155000_stage_B_2C_30day_full_final,D019_H02,19,2,2,9740,9758,1604,1606,19,19,3,22,2,0
20260811_155000_stage_B_2C_30day_full_final,D019_H03,19,3,3,9759,9777,1607,1609,19,19,3,22,3,0
20260811_155000_stage_B_2C_30day_full_final,D019_H04,19,4,4,9778,9796,1610,1612,19,19,3,22,4,0
20260811_155000_stage_B_2C_30day_full_final,D019_H05,19,5,5,9797,9815,1613,1615,19,19,3,22,5,0
20260811_155000_stage_B_2C_30day_full_final,D019_H06,19,6,6,9816,9834,1616,1618,19,19,3,22,6,0
20260811_155000_stage_B_2C_30day_full_final,D019_H07,19,7,7,9835,9853,1619,1621,19,19,3,22,7,0
20260811_155000_stage_B_2C_30day_full_final,D019_H08,19,8,8,9854,9877,1622,1624,24,24,3,27,8,0
20260811_155000_stage_B_2C_30day_full_final,D019_H09,19,9,9,9878,9901,1625,1627,24,24,3,27,9,0
20260811_155000_stage_B_2C_30day_full_final,D019_H10,19,10,10,9902,9925,1628,1630,24,24,3,27,10,0
20260811_155000_stage_B_2C_30day_full_final,D019_H11,19,11,11,9926,9949,1631,1633,24,24,3,27,11,0
20260811_155000_stage_B_2C_30day_full_final,D019_H12,19,12,12,9950,9973,1634,1636,24,24,3,27,12,0
20260811_155000_stage_B_2C_30day_full_final,D019_H13,19,13,13,9974,9997,1637,1639,24,24,3,27,13,0
20260811_155000_stage_B_2C_30day_full_final,D019_H14,19,14,14,9998,10021,1640,1642,24,24,3,27,14,0
20260811_155000_stage_B_2C_30day_full_final,D019_H15,19,15,15,10022,10045,1643,1645,24,24,3,27,15,0
20260811_155000_stage_B_2C_30day_full_final,D019_H16,19,16,16,10046,10069,1646,1648,24,24,3,27,16,0
20260811_155000_stage_B_2C_30day_full_final,D019_H17,19,17,17,10070,10093,1649,1651,24,24,3,27,17,0
20260811_155000_stage_B_2C_30day_full_final,D019_H18,19,18,18,10094,10117,1652,1654,24,24,3,27,18,0
20260811_155000_stage_B_2C_30day_full_final,D019_H19,19,19,19,10118,10141,1655,1657,24,24,3,27,19,0
20260811_155000_stage_B_2C_30day_full_final,D019_H20,19,20,20,10142,10160,1658,1660,19,19,3,22,20,0
20260811_155000_stage_B_2C_30day_full_final,D019_H21,19,21,21,10161,10179,1661,1663,19,19,3,22,21,0
20260811_155000_stage_B_2C_30day_full_final,D019_H22,19,22,22,10180,10198,1664,1666,19,19,3,22,22,0
20260811_155000_stage_B_2C_30day_full_final,D019_H23,19,23,23,10199,10217,1667,1669,19,19,3,22,23,0
20260811_155000_stage_B_2C_30day_full_final,D019_H24,19,24,24,10218,10236,1670,1674,19,19,5,24,24,2
20260811_155000_stage_B_2C_30day_full_final,D020_CAPACITY,20,0,0,281,294,1675,1688,14,14,14,28,0,0
20260811_155000_stage_B_2C_30day_full_final,D020_H01,20,1,1,10237,10255,1689,1691,19,19,3,22,1,0
20260811_155000_stage_B_2C_30day_full_final,D020_H02,20,2,2,10256,10274,1692,1694,19,19,3,22,2,0
20260811_155000_stage_B_2C_30day_full_final,D020_H03,20,3,3,10275,10293,1695,1697,19,19,3,22,3,0
20260811_155000_stage_B_2C_30day_full_final,D020_H04,20,4,4,10294,10312,1698,1700,19,19,3,22,4,0
20260811_155000_stage_B_2C_30day_full_final,D020_H05,20,5,5,10313,10331,1701,1703,19,19,3,22,5,0
20260811_155000_stage_B_2C_30day_full_final,D020_H06,20,6,6,10332,10350,1704,1706,19,19,3,22,6,0
20260811_155000_stage_B_2C_30day_full_final,D020_H07,20,7,7,10351,10369,1707,1709,19,19,3,22,7,0
20260811_155000_stage_B_2C_30day_full_final,D020_H08,20,8,8,10370,10393,1710,1712,24,24,3,27,8,0
20260811_155000_stage_B_2C_30day_full_final,D020_H09,20,9,9,10394,10417,1713,1715,24,24,3,27,9,0
20260811_155000_stage_B_2C_30day_full_final,D020_H10,20,10,10,10418,10441,1716,1718,24,24,3,27,10,0
20260811_155000_stage_B_2C_30day_full_final,D020_H11,20,11,11,10442,10465,1719,1721,24,24,3,27,11,0
20260811_155000_stage_B_2C_30day_full_final,D020_H12,20,12,12,10466,10489,1722,1724,24,24,3,27,12,0
20260811_155000_stage_B_2C_30day_full_final,D020_H13,20,13,13,10490,10513,1725,1727,24,24,3,27,13,0
20260811_155000_stage_B_2C_30day_full_final,D020_H14,20,14,14,10514,10537,1728,1730,24,24,3,27,14,0
20260811_155000_stage_B_2C_30day_full_final,D020_H15,20,15,15,10538,10561,1731,1733,24,24,3,27,15,0
20260811_155000_stage_B_2C_30day_full_final,D020_H16,20,16,16,10562,10585,1734,1736,24,24,3,27,16,0
20260811_155000_stage_B_2C_30day_full_final,D020_H17,20,17,17,10586,10609,1737,1739,24,24,3,27,17,0
20260811_155000_stage_B_2C_30day_full_final,D020_H18,20,18,18,10610,10633,1740,1742,24,24,3,27,18,0
20260811_155000_stage_B_2C_30day_full_final,D020_H19,20,19,19,10634,10657,1743,1745,24,24,3,27,19,0
20260811_155000_stage_B_2C_30day_full_final,D020_H20,20,20,20,10658,10676,1746,1748,19,19,3,22,20,0
20260811_155000_stage_B_2C_30day_full_final,D020_H21,20,21,21,10677,10695,1749,1751,19,19,3,22,21,0
20260811_155000_stage_B_2C_30day_full_final,D020_H22,20,22,22,10696,10714,1752,1754,19,19,3,22,22,0
20260811_155000_stage_B_2C_30day_full_final,D020_H23,20,23,23,10715,10733,1755,1757,19,19,3,22,23,0
20260811_155000_stage_B_2C_30day_full_final,D020_H24,20,24,24,10734,10752,1758,1762,19,19,5,24,24,2
20260811_155000_stage_B_2C_30day_full_final,D021_CAPACITY,21,0,0,295,308,1763,1776,14,14,14,28,0,0
20260811_155000_stage_B_2C_30day_full_final,D021_H01,21,1,1,10753,10771,1777,1779,19,19,3,22,1,0
20260811_155000_stage_B_2C_30day_full_final,D021_H02,21,2,2,10772,10790,1780,1782,19,19,3,22,2,0
20260811_155000_stage_B_2C_30day_full_final,D021_H03,21,3,3,10791,10809,1783,1785,19,19,3,22,3,0
20260811_155000_stage_B_2C_30day_full_final,D021_H04,21,4,4,10810,10828,1786,1788,19,19,3,22,4,0
20260811_155000_stage_B_2C_30day_full_final,D021_H05,21,5,5,10829,10847,1789,1791,19,19,3,22,5,0
20260811_155000_stage_B_2C_30day_full_final,D021_H06,21,6,6,10848,10866,1792,1794,19,19,3,22,6,0
20260811_155000_stage_B_2C_30day_full_final,D021_H07,21,7,7,10867,10885,1795,1797,19,19,3,22,7,0
20260811_155000_stage_B_2C_30day_full_final,D021_H08,21,8,8,10886,10909,1798,1800,24,24,3,27,8,0
20260811_155000_stage_B_2C_30day_full_final,D021_H09,21,9,9,10910,10933,1801,1803,24,24,3,27,9,0
20260811_155000_stage_B_2C_30day_full_final,D021_H10,21,10,10,10934,10957,1804,1806,24,24,3,27,10,0
20260811_155000_stage_B_2C_30day_full_final,D021_H11,21,11,11,10958,10981,1807,1809,24,24,3,27,11,0
20260811_155000_stage_B_2C_30day_full_final,D021_H12,21,12,12,10982,11005,1810,1812,24,24,3,27,12,0
20260811_155000_stage_B_2C_30day_full_final,D021_H13,21,13,13,11006,11029,1813,1815,24,24,3,27,13,0
20260811_155000_stage_B_2C_30day_full_final,D021_H14,21,14,14,11030,11053,1816,1818,24,24,3,27,14,0
20260811_155000_stage_B_2C_30day_full_final,D021_H15,21,15,15,11054,11077,1819,1821,24,24,3,27,15,0
20260811_155000_stage_B_2C_30day_full_final,D021_H16,21,16,16,11078,11101,1822,1824,24,24,3,27,16,0
20260811_155000_stage_B_2C_30day_full_final,D021_H17,21,17,17,11102,11125,1825,1827,24,24,3,27,17,0
20260811_155000_stage_B_2C_30day_full_final,D021_H18,21,18,18,11126,11149,1828,1830,24,24,3,27,18,0
20260811_155000_stage_B_2C_30day_full_final,D021_H19,21,19,19,11150,11173,1831,1833,24,24,3,27,19,0
20260811_155000_stage_B_2C_30day_full_final,D021_H20,21,20,20,11174,11192,1834,1836,19,19,3,22,20,0
20260811_155000_stage_B_2C_30day_full_final,D021_H21,21,21,21,11193,11211,1837,1839,19,19,3,22,21,0
20260811_155000_stage_B_2C_30day_full_final,D021_H22,21,22,22,11212,11230,1840,1842,19,19,3,22,22,0
20260811_155000_stage_B_2C_30day_full_final,D021_H23,21,23,23,11231,11248,1843,1845,18,18,3,21,23,0
20260811_155000_stage_B_2C_30day_full_final,D021_H24,21,24,24,11249,11267,1846,1850,19,19,5,24,24,2
20260811_155000_stage_B_2C_30day_full_final,D022_CAPACITY,22,0,0,309,322,1851,1864,14,14,14,28,0,0
20260811_155000_stage_B_2C_30day_full_final,D022_H01,22,1,1,11268,11286,1865,1867,19,19,3,22,1,0
20260811_155000_stage_B_2C_30day_full_final,D022_H02,22,2,2,11287,11305,1868,1870,19,19,3,22,2,0
20260811_155000_stage_B_2C_30day_full_final,D022_H03,22,3,3,11306,11324,1871,1873,19,19,3,22,3,0
20260811_155000_stage_B_2C_30day_full_final,D022_H04,22,4,4,11325,11343,1874,1876,19,19,3,22,4,0
20260811_155000_stage_B_2C_30day_full_final,D022_H05,22,5,5,11344,11362,1877,1879,19,19,3,22,5,0
20260811_155000_stage_B_2C_30day_full_final,D022_H06,22,6,6,11363,11381,1880,1882,19,19,3,22,6,0
20260811_155000_stage_B_2C_30day_full_final,D022_H07,22,7,7,11382,11400,1883,1885,19,19,3,22,7,0
20260811_155000_stage_B_2C_30day_full_final,D022_H08,22,8,8,11401,11424,1886,1888,24,24,3,27,8,0
20260811_155000_stage_B_2C_30day_full_final,D022_H09,22,9,9,11425,11448,1889,1891,24,24,3,27,9,0
20260811_155000_stage_B_2C_30day_full_final,D022_H10,22,10,10,11449,11472,1892,1894,24,24,3,27,10,0
20260811_155000_stage_B_2C_30day_full_final,D022_H11,22,11,11,11473,11496,1895,1897,24,24,3,27,11,0
20260811_155000_stage_B_2C_30day_full_final,D022_H12,22,12,12,11497,11520,1898,1900,24,24,3,27,12,0
20260811_155000_stage_B_2C_30day_full_final,D022_H13,22,13,13,11521,11544,1901,1903,24,24,3,27,13,0
20260811_155000_stage_B_2C_30day_full_final,D022_H14,22,14,14,11545,11568,1904,1906,24,24,3,27,14,0
20260811_155000_stage_B_2C_30day_full_final,D022_H15,22,15,15,11569,11592,1907,1909,24,24,3,27,15,0
20260811_155000_stage_B_2C_30day_full_final,D022_H16,22,16,16,11593,11616,1910,1912,24,24,3,27,16,0
20260811_155000_stage_B_2C_30day_full_final,D022_H17,22,17,17,11617,11640,1913,1915,24,24,3,27,17,0
20260811_155000_stage_B_2C_30day_full_final,D022_H18,22,18,18,11641,11664,1916,1918,24,24,3,27,18,0
20260811_155000_stage_B_2C_30day_full_final,D022_H19,22,19,19,11665,11688,1919,1921,24,24,3,27,19,0
20260811_155000_stage_B_2C_30day_full_final,D022_H20,22,20,20,11689,11707,1922,1924,19,19,3,22,20,0
20260811_155000_stage_B_2C_30day_full_final,D022_H21,22,21,21,11708,11726,1925,1927,19,19,3,22,21,0
20260811_155000_stage_B_2C_30day_full_final,D022_H22,22,22,22,11727,11745,1928,1930,19,19,3,22,22,0
20260811_155000_stage_B_2C_30day_full_final,D022_H23,22,23,23,11746,11764,1931,1933,19,19,3,22,23,0
20260811_155000_stage_B_2C_30day_full_final,D022_H24,22,24,24,11765,11783,1934,1938,19,19,5,24,24,2
20260811_155000_stage_B_2C_30day_full_final,D023_CAPACITY,23,0,0,323,336,1939,1952,14,14,14,28,0,0
20260811_155000_stage_B_2C_30day_full_final,D023_H01,23,1,1,11784,11802,1953,1955,19,19,3,22,1,0
20260811_155000_stage_B_2C_30day_full_final,D023_H02,23,2,2,11803,11821,1956,1958,19,19,3,22,2,0
20260811_155000_stage_B_2C_30day_full_final,D023_H03,23,3,3,11822,11840,1959,1961,19,19,3,22,3,0
20260811_155000_stage_B_2C_30day_full_final,D023_H04,23,4,4,11841,11859,1962,1964,19,19,3,22,4,0
20260811_155000_stage_B_2C_30day_full_final,D023_H05,23,5,5,11860,11878,1965,1967,19,19,3,22,5,0
20260811_155000_stage_B_2C_30day_full_final,D023_H06,23,6,6,11879,11897,1968,1970,19,19,3,22,6,0
20260811_155000_stage_B_2C_30day_full_final,D023_H07,23,7,7,11898,11916,1971,1973,19,19,3,22,7,0
20260811_155000_stage_B_2C_30day_full_final,D023_H08,23,8,8,11917,11940,1974,1976,24,24,3,27,8,0
20260811_155000_stage_B_2C_30day_full_final,D023_H09,23,9,9,11941,11964,1977,1979,24,24,3,27,9,0
20260811_155000_stage_B_2C_30day_full_final,D023_H10,23,10,10,11965,11988,1980,1982,24,24,3,27,10,0
20260811_155000_stage_B_2C_30day_full_final,D023_H11,23,11,11,11989,12012,1983,1985,24,24,3,27,11,0
20260811_155000_stage_B_2C_30day_full_final,D023_H12,23,12,12,12013,12036,1986,1988,24,24,3,27,12,0
20260811_155000_stage_B_2C_30day_full_final,D023_H13,23,13,13,12037,12060,1989,1991,24,24,3,27,13,0
20260811_155000_stage_B_2C_30day_full_final,D023_H14,23,14,14,12061,12084,1992,1994,24,24,3,27,14,0
20260811_155000_stage_B_2C_30day_full_final,D023_H15,23,15,15,12085,12108,1995,1997,24,24,3,27,15,0
20260811_155000_stage_B_2C_30day_full_final,D023_H16,23,16,16,12109,12132,1998,2000,24,24,3,27,16,0
20260811_155000_stage_B_2C_30day_full_final,D023_H17,23,17,17,12133,12156,2001,2003,24,24,3,27,17,0
20260811_155000_stage_B_2C_30day_full_final,D023_H18,23,18,18,12157,12180,2004,2006,24,24,3,27,18,0
20260811_155000_stage_B_2C_30day_full_final,D023_H19,23,19,19,12181,12204,2007,2009,24,24,3,27,19,0
20260811_155000_stage_B_2C_30day_full_final,D023_H20,23,20,20,12205,12223,2010,2012,19,19,3,22,20,0
20260811_155000_stage_B_2C_30day_full_final,D023_H21,23,21,21,12224,12242,2013,2015,19,19,3,22,21,0
20260811_155000_stage_B_2C_30day_full_final,D023_H22,23,22,22,12243,12261,2016,2018,19,19,3,22,22,0
20260811_155000_stage_B_2C_30day_full_final,D023_H23,23,23,23,12262,12280,2019,2021,19,19,3,22,23,0
20260811_155000_stage_B_2C_30day_full_final,D023_H24,23,24,24,12281,12299,2022,2026,19,19,5,24,24,2
20260811_155000_stage_B_2C_30day_full_final,D024_CAPACITY,24,0,0,337,350,2027,2040,14,14,14,28,0,0
20260811_155000_stage_B_2C_30day_full_final,D024_H01,24,1,1,12300,12318,2041,2043,19,19,3,22,1,0
20260811_155000_stage_B_2C_30day_full_final,D024_H02,24,2,2,12319,12337,2044,2046,19,19,3,22,2,0
20260811_155000_stage_B_2C_30day_full_final,D024_H03,24,3,3,12338,12356,2047,2049,19,19,3,22,3,0
20260811_155000_stage_B_2C_30day_full_final,D024_H04,24,4,4,12357,12375,2050,2052,19,19,3,22,4,0
20260811_155000_stage_B_2C_30day_full_final,D024_H05,24,5,5,12376,12394,2053,2055,19,19,3,22,5,0
20260811_155000_stage_B_2C_30day_full_final,D024_H06,24,6,6,12395,12413,2056,2058,19,19,3,22,6,0
20260811_155000_stage_B_2C_30day_full_final,D024_H07,24,7,7,12414,12432,2059,2061,19,19,3,22,7,0
20260811_155000_stage_B_2C_30day_full_final,D024_H08,24,8,8,12433,12456,2062,2064,24,24,3,27,8,0
20260811_155000_stage_B_2C_30day_full_final,D024_H09,24,9,9,12457,12480,2065,2067,24,24,3,27,9,0
20260811_155000_stage_B_2C_30day_full_final,D024_H10,24,10,10,12481,12504,2068,2070,24,24,3,27,10,0
20260811_155000_stage_B_2C_30day_full_final,D024_H11,24,11,11,12505,12528,2071,2073,24,24,3,27,11,0
20260811_155000_stage_B_2C_30day_full_final,D024_H12,24,12,12,12529,12552,2074,2076,24,24,3,27,12,0
20260811_155000_stage_B_2C_30day_full_final,D024_H13,24,13,13,12553,12576,2077,2079,24,24,3,27,13,0
20260811_155000_stage_B_2C_30day_full_final,D024_H14,24,14,14,12577,12600,2080,2082,24,24,3,27,14,0
20260811_155000_stage_B_2C_30day_full_final,D024_H15,24,15,15,12601,12624,2083,2085,24,24,3,27,15,0
20260811_155000_stage_B_2C_30day_full_final,D024_H16,24,16,16,12625,12648,2086,2088,24,24,3,27,16,0
20260811_155000_stage_B_2C_30day_full_final,D024_H17,24,17,17,12649,12672,2089,2091,24,24,3,27,17,0
20260811_155000_stage_B_2C_30day_full_final,D024_H18,24,18,18,12673,12696,2092,2094,24,24,3,27,18,0
20260811_155000_stage_B_2C_30day_full_final,D024_H19,24,19,19,12697,12720,2095,2097,24,24,3,27,19,0
20260811_155000_stage_B_2C_30day_full_final,D024_H20,24,20,20,12721,12739,2098,2100,19,19,3,22,20,0
20260811_155000_stage_B_2C_30day_full_final,D024_H21,24,21,21,12740,12758,2101,2103,19,19,3,22,21,0
20260811_155000_stage_B_2C_30day_full_final,D024_H22,24,22,22,12759,12777,2104,2106,19,19,3,22,22,0
20260811_155000_stage_B_2C_30day_full_final,D024_H23,24,23,23,12778,12796,2107,2109,19,19,3,22,23,0
20260811_155000_stage_B_2C_30day_full_final,D024_H24,24,24,24,12797,12815,2110,2114,19,19,5,24,24,2
20260811_155000_stage_B_2C_30day_full_final,D025_CAPACITY,25,0,0,351,364,2115,2128,14,14,14,28,0,0
20260811_155000_stage_B_2C_30day_full_final,D025_H01,25,1,1,12816,12834,2129,2131,19,19,3,22,1,0
20260811_155000_stage_B_2C_30day_full_final,D025_H02,25,2,2,12835,12853,2132,2134,19,19,3,22,2,0
20260811_155000_stage_B_2C_30day_full_final,D025_H03,25,3,3,12854,12872,2135,2137,19,19,3,22,3,0
20260811_155000_stage_B_2C_30day_full_final,D025_H04,25,4,4,12873,12891,2138,2140,19,19,3,22,4,0
20260811_155000_stage_B_2C_30day_full_final,D025_H05,25,5,5,12892,12910,2141,2143,19,19,3,22,5,0
20260811_155000_stage_B_2C_30day_full_final,D025_H06,25,6,6,12911,12929,2144,2146,19,19,3,22,6,0
20260811_155000_stage_B_2C_30day_full_final,D025_H07,25,7,7,12930,12948,2147,2149,19,19,3,22,7,0
20260811_155000_stage_B_2C_30day_full_final,D025_H08,25,8,8,12949,12972,2150,2152,24,24,3,27,8,0
20260811_155000_stage_B_2C_30day_full_final,D025_H09,25,9,9,12973,12996,2153,2155,24,24,3,27,9,0
20260811_155000_stage_B_2C_30day_full_final,D025_H10,25,10,10,12997,13020,2156,2158,24,24,3,27,10,0
20260811_155000_stage_B_2C_30day_full_final,D025_H11,25,11,11,13021,13044,2159,2161,24,24,3,27,11,0
20260811_155000_stage_B_2C_30day_full_final,D025_H12,25,12,12,13045,13068,2162,2164,24,24,3,27,12,0
20260811_155000_stage_B_2C_30day_full_final,D025_H13,25,13,13,13069,13092,2165,2167,24,24,3,27,13,0
20260811_155000_stage_B_2C_30day_full_final,D025_H14,25,14,14,13093,13116,2168,2170,24,24,3,27,14,0
20260811_155000_stage_B_2C_30day_full_final,D025_H15,25,15,15,13117,13140,2171,2173,24,24,3,27,15,0
20260811_155000_stage_B_2C_30day_full_final,D025_H16,25,16,16,13141,13164,2174,2176,24,24,3,27,16,0
20260811_155000_stage_B_2C_30day_full_final,D025_H17,25,17,17,13165,13188,2177,2179,24,24,3,27,17,0
20260811_155000_stage_B_2C_30day_full_final,D025_H18,25,18,18,13189,13212,2180,2182,24,24,3,27,18,0
20260811_155000_stage_B_2C_30day_full_final,D025_H19,25,19,19,13213,13235,2183,2185,23,23,3,26,19,0
20260811_155000_stage_B_2C_30day_full_final,D025_H20,25,20,20,13236,13254,2186,2188,19,19,3,22,20,0
20260811_155000_stage_B_2C_30day_full_final,D025_H21,25,21,21,13255,13273,2189,2191,19,19,3,22,21,0
20260811_155000_stage_B_2C_30day_full_final,D025_H22,25,22,22,13274,13292,2192,2194,19,19,3,22,22,0
20260811_155000_stage_B_2C_30day_full_final,D025_H23,25,23,23,13293,13311,2195,2197,19,19,3,22,23,0
20260811_155000_stage_B_2C_30day_full_final,D025_H24,25,24,24,13312,13330,2198,2202,19,19,5,24,24,2
20260811_155000_stage_B_2C_30day_full_final,D026_CAPACITY,26,0,0,365,378,2203,2216,14,14,14,28,0,0
20260811_155000_stage_B_2C_30day_full_final,D026_H01,26,1,1,13331,13349,2217,2219,19,19,3,22,1,0
20260811_155000_stage_B_2C_30day_full_final,D026_H02,26,2,2,13350,13368,2220,2222,19,19,3,22,2,0
20260811_155000_stage_B_2C_30day_full_final,D026_H03,26,3,3,13369,13387,2223,2225,19,19,3,22,3,0
20260811_155000_stage_B_2C_30day_full_final,D026_H04,26,4,4,13388,13406,2226,2228,19,19,3,22,4,0
20260811_155000_stage_B_2C_30day_full_final,D026_H05,26,5,5,13407,13425,2229,2231,19,19,3,22,5,0
20260811_155000_stage_B_2C_30day_full_final,D026_H06,26,6,6,13426,13444,2232,2234,19,19,3,22,6,0
20260811_155000_stage_B_2C_30day_full_final,D026_H07,26,7,7,13445,13463,2235,2237,19,19,3,22,7,0
20260811_155000_stage_B_2C_30day_full_final,D026_H08,26,8,8,13464,13487,2238,2240,24,24,3,27,8,0
20260811_155000_stage_B_2C_30day_full_final,D026_H09,26,9,9,13488,13511,2241,2243,24,24,3,27,9,0
20260811_155000_stage_B_2C_30day_full_final,D026_H10,26,10,10,13512,13535,2244,2246,24,24,3,27,10,0
20260811_155000_stage_B_2C_30day_full_final,D026_H11,26,11,11,13536,13559,2247,2249,24,24,3,27,11,0
20260811_155000_stage_B_2C_30day_full_final,D026_H12,26,12,12,13560,13583,2250,2252,24,24,3,27,12,0
20260811_155000_stage_B_2C_30day_full_final,D026_H13,26,13,13,13584,13607,2253,2255,24,24,3,27,13,0
20260811_155000_stage_B_2C_30day_full_final,D026_H14,26,14,14,13608,13631,2256,2258,24,24,3,27,14,0
20260811_155000_stage_B_2C_30day_full_final,D026_H15,26,15,15,13632,13655,2259,2261,24,24,3,27,15,0
20260811_155000_stage_B_2C_30day_full_final,D026_H16,26,16,16,13656,13679,2262,2264,24,24,3,27,16,0
20260811_155000_stage_B_2C_30day_full_final,D026_H17,26,17,17,13680,13703,2265,2267,24,24,3,27,17,0
20260811_155000_stage_B_2C_30day_full_final,D026_H18,26,18,18,13704,13727,2268,2270,24,24,3,27,18,0
20260811_155000_stage_B_2C_30day_full_final,D026_H19,26,19,19,13728,13751,2271,2273,24,24,3,27,19,0
20260811_155000_stage_B_2C_30day_full_final,D026_H20,26,20,20,13752,13770,2274,2276,19,19,3,22,20,0
20260811_155000_stage_B_2C_30day_full_final,D026_H21,26,21,21,13771,13789,2277,2279,19,19,3,22,21,0
20260811_155000_stage_B_2C_30day_full_final,D026_H22,26,22,22,13790,13808,2280,2282,19,19,3,22,22,0
20260811_155000_stage_B_2C_30day_full_final,D026_H23,26,23,23,13809,13827,2283,2285,19,19,3,22,23,0
20260811_155000_stage_B_2C_30day_full_final,D026_H24,26,24,24,13828,13846,2286,2290,19,19,5,24,24,2
20260811_155000_stage_B_2C_30day_full_final,D027_CAPACITY,27,0,0,379,392,2291,2304,14,14,14,28,0,0
20260811_155000_stage_B_2C_30day_full_final,D027_H01,27,1,1,13847,13865,2305,2307,19,19,3,22,1,0
20260811_155000_stage_B_2C_30day_full_final,D027_H02,27,2,2,13866,13884,2308,2310,19,19,3,22,2,0
20260811_155000_stage_B_2C_30day_full_final,D027_H03,27,3,3,13885,13903,2311,2313,19,19,3,22,3,0
20260811_155000_stage_B_2C_30day_full_final,D027_H04,27,4,4,13904,13922,2314,2316,19,19,3,22,4,0
20260811_155000_stage_B_2C_30day_full_final,D027_H05,27,5,5,13923,13941,2317,2319,19,19,3,22,5,0
20260811_155000_stage_B_2C_30day_full_final,D027_H06,27,6,6,13942,13960,2320,2322,19,19,3,22,6,0
20260811_155000_stage_B_2C_30day_full_final,D027_H07,27,7,7,13961,13979,2323,2325,19,19,3,22,7,0
20260811_155000_stage_B_2C_30day_full_final,D027_H08,27,8,8,13980,14003,2326,2328,24,24,3,27,8,0
20260811_155000_stage_B_2C_30day_full_final,D027_H09,27,9,9,14004,14027,2329,2331,24,24,3,27,9,0
20260811_155000_stage_B_2C_30day_full_final,D027_H10,27,10,10,14028,14051,2332,2334,24,24,3,27,10,0
20260811_155000_stage_B_2C_30day_full_final,D027_H11,27,11,11,14052,14075,2335,2337,24,24,3,27,11,0
20260811_155000_stage_B_2C_30day_full_final,D027_H12,27,12,12,14076,14099,2338,2340,24,24,3,27,12,0
20260811_155000_stage_B_2C_30day_full_final,D027_H13,27,13,13,14100,14123,2341,2343,24,24,3,27,13,0
20260811_155000_stage_B_2C_30day_full_final,D027_H14,27,14,14,14124,14147,2344,2346,24,24,3,27,14,0
20260811_155000_stage_B_2C_30day_full_final,D027_H15,27,15,15,14148,14171,2347,2349,24,24,3,27,15,0
20260811_155000_stage_B_2C_30day_full_final,D027_H16,27,16,16,14172,14195,2350,2352,24,24,3,27,16,0
20260811_155000_stage_B_2C_30day_full_final,D027_H17,27,17,17,14196,14219,2353,2355,24,24,3,27,17,0
20260811_155000_stage_B_2C_30day_full_final,D027_H18,27,18,18,14220,14243,2356,2358,24,24,3,27,18,0
20260811_155000_stage_B_2C_30day_full_final,D027_H19,27,19,19,14244,14267,2359,2361,24,24,3,27,19,0
20260811_155000_stage_B_2C_30day_full_final,D027_H20,27,20,20,14268,14286,2362,2364,19,19,3,22,20,0
20260811_155000_stage_B_2C_30day_full_final,D027_H21,27,21,21,14287,14305,2365,2367,19,19,3,22,21,0
20260811_155000_stage_B_2C_30day_full_final,D027_H22,27,22,22,14306,14324,2368,2370,19,19,3,22,22,0
20260811_155000_stage_B_2C_30day_full_final,D027_H23,27,23,23,14325,14343,2371,2373,19,19,3,22,23,0
20260811_155000_stage_B_2C_30day_full_final,D027_H24,27,24,24,14344,14362,2374,2378,19,19,5,24,24,2
20260811_155000_stage_B_2C_30day_full_final,D028_CAPACITY,28,0,0,393,406,2379,2392,14,14,14,28,0,0
20260811_155000_stage_B_2C_30day_full_final,D028_H01,28,1,1,14363,14381,2393,2395,19,19,3,22,1,0
20260811_155000_stage_B_2C_30day_full_final,D028_H02,28,2,2,14382,14400,2396,2398,19,19,3,22,2,0
20260811_155000_stage_B_2C_30day_full_final,D028_H03,28,3,3,14401,14419,2399,2401,19,19,3,22,3,0
20260811_155000_stage_B_2C_30day_full_final,D028_H04,28,4,4,14420,14438,2402,2404,19,19,3,22,4,0
20260811_155000_stage_B_2C_30day_full_final,D028_H05,28,5,5,14439,14457,2405,2407,19,19,3,22,5,0
20260811_155000_stage_B_2C_30day_full_final,D028_H06,28,6,6,14458,14476,2408,2410,19,19,3,22,6,0
20260811_155000_stage_B_2C_30day_full_final,D028_H07,28,7,7,14477,14495,2411,2413,19,19,3,22,7,0
20260811_155000_stage_B_2C_30day_full_final,D028_H08,28,8,8,14496,14519,2414,2416,24,24,3,27,8,0
20260811_155000_stage_B_2C_30day_full_final,D028_H09,28,9,9,14520,14543,2417,2419,24,24,3,27,9,0
20260811_155000_stage_B_2C_30day_full_final,D028_H10,28,10,10,14544,14567,2420,2422,24,24,3,27,10,0
20260811_155000_stage_B_2C_30day_full_final,D028_H11,28,11,11,14568,14591,2423,2425,24,24,3,27,11,0
20260811_155000_stage_B_2C_30day_full_final,D028_H12,28,12,12,14592,14615,2426,2428,24,24,3,27,12,0
20260811_155000_stage_B_2C_30day_full_final,D028_H13,28,13,13,14616,14639,2429,2431,24,24,3,27,13,0
20260811_155000_stage_B_2C_30day_full_final,D028_H14,28,14,14,14640,14663,2432,2434,24,24,3,27,14,0
20260811_155000_stage_B_2C_30day_full_final,D028_H15,28,15,15,14664,14687,2435,2437,24,24,3,27,15,0
20260811_155000_stage_B_2C_30day_full_final,D028_H16,28,16,16,14688,14711,2438,2440,24,24,3,27,16,0
20260811_155000_stage_B_2C_30day_full_final,D028_H17,28,17,17,14712,14735,2441,2443,24,24,3,27,17,0
20260811_155000_stage_B_2C_30day_full_final,D028_H18,28,18,18,14736,14759,2444,2446,24,24,3,27,18,0
20260811_155000_stage_B_2C_30day_full_final,D028_H19,28,19,19,14760,14783,2447,2449,24,24,3,27,19,0
20260811_155000_stage_B_2C_30day_full_final,D028_H20,28,20,20,14784,14802,2450,2452,19,19,3,22,20,0
20260811_155000_stage_B_2C_30day_full_final,D028_H21,28,21,21,14803,14821,2453,2455,19,19,3,22,21,0
20260811_155000_stage_B_2C_30day_full_final,D028_H22,28,22,22,14822,14840,2456,2458,19,19,3,22,22,0
20260811_155000_stage_B_2C_30day_full_final,D028_H23,28,23,23,14841,14859,2459,2461,19,19,3,22,23,0
20260811_155000_stage_B_2C_30day_full_final,D028_H24,28,24,24,14860,14878,2462,2466,19,19,5,24,24,2
20260811_155000_stage_B_2C_30day_full_final,D029_CAPACITY,29,0,0,407,420,2467,2480,14,14,14,28,0,0
20260811_155000_stage_B_2C_30day_full_final,D029_H01,29,1,1,14879,14897,2481,2483,19,19,3,22,1,0
20260811_155000_stage_B_2C_30day_full_final,D029_H02,29,2,2,14898,14916,2484,2486,19,19,3,22,2,0
20260811_155000_stage_B_2C_30day_full_final,D029_H03,29,3,3,14917,14935,2487,2489,19,19,3,22,3,0
20260811_155000_stage_B_2C_30day_full_final,D029_H04,29,4,4,14936,14954,2490,2492,19,19,3,22,4,0
20260811_155000_stage_B_2C_30day_full_final,D029_H05,29,5,5,14955,14973,2493,2495,19,19,3,22,5,0
20260811_155000_stage_B_2C_30day_full_final,D029_H06,29,6,6,14974,14992,2496,2498,19,19,3,22,6,0
20260811_155000_stage_B_2C_30day_full_final,D029_H07,29,7,7,14993,15011,2499,2501,19,19,3,22,7,0
20260811_155000_stage_B_2C_30day_full_final,D029_H08,29,8,8,15012,15035,2502,2504,24,24,3,27,8,0
20260811_155000_stage_B_2C_30day_full_final,D029_H09,29,9,9,15036,15059,2505,2507,24,24,3,27,9,0
20260811_155000_stage_B_2C_30day_full_final,D029_H10,29,10,10,15060,15083,2508,2510,24,24,3,27,10,0
20260811_155000_stage_B_2C_30day_full_final,D029_H11,29,11,11,15084,15107,2511,2513,24,24,3,27,11,0
20260811_155000_stage_B_2C_30day_full_final,D029_H12,29,12,12,15108,15131,2514,2516,24,24,3,27,12,0
20260811_155000_stage_B_2C_30day_full_final,D029_H13,29,13,13,15132,15155,2517,2519,24,24,3,27,13,0
20260811_155000_stage_B_2C_30day_full_final,D029_H14,29,14,14,15156,15179,2520,2522,24,24,3,27,14,0
20260811_155000_stage_B_2C_30day_full_final,D029_H15,29,15,15,15180,15203,2523,2525,24,24,3,27,15,0
20260811_155000_stage_B_2C_30day_full_final,D029_H16,29,16,16,15204,15227,2526,2528,24,24,3,27,16,0
20260811_155000_stage_B_2C_30day_full_final,D029_H17,29,17,17,15228,15251,2529,2531,24,24,3,27,17,0
20260811_155000_stage_B_2C_30day_full_final,D029_H18,29,18,18,15252,15275,2532,2534,24,24,3,27,18,0
20260811_155000_stage_B_2C_30day_full_final,D029_H19,29,19,19,15276,15299,2535,2537,24,24,3,27,19,0
20260811_155000_stage_B_2C_30day_full_final,D029_H20,29,20,20,15300,15318,2538,2540,19,19,3,22,20,0
20260811_155000_stage_B_2C_30day_full_final,D029_H21,29,21,21,15319,15337,2541,2543,19,19,3,22,21,0
20260811_155000_stage_B_2C_30day_full_final,D029_H22,29,22,22,15338,15356,2544,2546,19,19,3,22,22,0
20260811_155000_stage_B_2C_30day_full_final,D029_H23,29,23,23,15357,15375,2547,2549,19,19,3,22,23,0
20260811_155000_stage_B_2C_30day_full_final,D029_H24,29,24,24,15376,15394,2550,2554,19,19,5,24,24,2
20260811_155000_stage_B_2C_30day_full_final,D030_CAPACITY,30,0,0,421,434,2555,2568,14,14,14,28,0,0
20260811_155000_stage_B_2C_30day_full_final,D030_H01,30,1,1,15395,15413,2569,2571,19,19,3,22,1,0
20260811_155000_stage_B_2C_30day_full_final,D030_H02,30,2,2,15414,15432,2572,2574,19,19,3,22,2,0
20260811_155000_stage_B_2C_30day_full_final,D030_H03,30,3,3,15433,15451,2575,2577,19,19,3,22,3,0
20260811_155000_stage_B_2C_30day_full_final,D030_H04,30,4,4,15452,15470,2578,2580,19,19,3,22,4,0
20260811_155000_stage_B_2C_30day_full_final,D030_H05,30,5,5,15471,15489,2581,2583,19,19,3,22,5,0
20260811_155000_stage_B_2C_30day_full_final,D030_H06,30,6,6,15490,15508,2584,2586,19,19,3,22,6,0
20260811_155000_stage_B_2C_30day_full_final,D030_H07,30,7,7,15509,15527,2587,2589,19,19,3,22,7,0
20260811_155000_stage_B_2C_30day_full_final,D030_H08,30,8,8,15528,15551,2590,2592,24,24,3,27,8,0
20260811_155000_stage_B_2C_30day_full_final,D030_H09,30,9,9,15552,15575,2593,2595,24,24,3,27,9,0
20260811_155000_stage_B_2C_30day_full_final,D030_H10,30,10,10,15576,15599,2596,2598,24,24,3,27,10,0
20260811_155000_stage_B_2C_30day_full_final,D030_H11,30,11,11,15600,15623,2599,2601,24,24,3,27,11,0
20260811_155000_stage_B_2C_30day_full_final,D030_H12,30,12,12,15624,15647,2602,2604,24,24,3,27,12,0
20260811_155000_stage_B_2C_30day_full_final,D030_H13,30,13,13,15648,15671,2605,2607,24,24,3,27,13,0
20260811_155000_stage_B_2C_30day_full_final,D030_H14,30,14,14,15672,15695,2608,2610,24,24,3,27,14,0
20260811_155000_stage_B_2C_30day_full_final,D030_H15,30,15,15,15696,15719,2611,2613,24,24,3,27,15,0
20260811_155000_stage_B_2C_30day_full_final,D030_H16,30,16,16,15720,15743,2614,2616,24,24,3,27,16,0
20260811_155000_stage_B_2C_30day_full_final,D030_H17,30,17,17,15744,15767,2617,2619,24,24,3,27,17,0
20260811_155000_stage_B_2C_30day_full_final,D030_H18,30,18,18,15768,15791,2620,2622,24,24,3,27,18,0
20260811_155000_stage_B_2C_30day_full_final,D030_H19,30,19,19,15792,15815,2623,2625,24,24,3,27,19,0
20260811_155000_stage_B_2C_30day_full_final,D030_H20,30,20,20,15816,15834,2626,2628,19,19,3,22,20,0
20260811_155000_stage_B_2C_30day_full_final,D030_H21,30,21,21,15835,15853,2629,2631,19,19,3,22,21,0
20260811_155000_stage_B_2C_30day_full_final,D030_H22,30,22,22,15854,15872,2632,2634,19,19,3,22,22,0
20260811_155000_stage_B_2C_30day_full_final,D030_H23,30,23,23,15873,15891,2635,2637,19,19,3,22,23,0
20260811_155000_stage_B_2C_30day_full_final,D030_H24,30,24,24,15892,15910,2638,2642,19,19,5,24,24,2
