run_id,stage_id,milestone_id,constraint_type,constraint_id,day,hydro_id,bound_type,row_position,inequality_position,global_row,touched_hour_count,touched_hour_indices,touched_variable_count,touched_variable_indices,touched_variable_names,ordering_rule
20260811_155000_stage_B_2C_30day_full_final,stage_B,B-2C,daily_hydro_water,INEQ-WATER-D001-HYDRO01-UPPER,1,1,upper,1,30981,33623,24,1|2|3|4|5|6|7|8|9|10|11|12|13|14|15|16|17|18|19|20|21|22|23|24,24,440|459|478|497|516|535|554|578|602|626|650|674|698|722|746|770|794|818|842|861|880|899|918|937,PH,day_hydro_upper_then_lower
20260811_155000_stage_B_2C_30day_full_final,stage_B,B-2C,daily_hydro_water,INEQ-WATER-D001-HYDRO01-LOWER,1,1,lower,2,30982,33624,24,1|2|3|4|5|6|7|8|9|10|11|12|13|14|15|16|17|18|19|20|21|22|23|24,24,440|459|478|497|516|535|554|578|602|626|650|674|698|722|746|770|794|818|842|861|880|899|918|937,PH,day_hydro_upper_then_lower
20260811_155000_stage_B_2C_30day_full_final,stage_B,B-2C,daily_hydro_water,INEQ-WATER-D001-HYDRO02-UPPER,1,2,upper,3,30983,33625,24,1|2|3|4|5|6|7|8|9|10|11|12|13|14|15|16|17|18|19|20|21|22|23|24,24,441|460|479|498|517|536|555|579|603|627|651|675|699|723|747|771|795|819|843|862|881|900|919|938,PH,day_hydro_upper_then_lower
20260811_155000_stage_B_2C_30day_full_final,stage_B,B-2C,daily_hydro_water,INEQ-WATER-D001-HYDRO02-LOWER,1,2,lower,4,30984,33626,24,1|2|3|4|5|6|7|8|9|10|11|12|13|14|15|16|17|18|19|20|21|22|23|24,24,441|460|479|498|517|536|555|579|603|627|651|675|699|723|747|771|795|819|843|862|881|900|919|938,PH,day_hydro_upper_then_lower
20260811_155000_stage_B_2C_30day_full_final,stage_B,B-2C,daily_hydro_water,INEQ-WATER-D001-HYDRO03-UPPER,1,3,upper,5,30985,33627,24,1|2|3|4|5|6|7|8|9|10|11|12|13|14|15|16|17|18|19|20|21|22|23|24,24,442|461|480|499|518|537|556|580|604|628|652|676|700|724|748|772|796|820|844|863|882|901|920|939,PH,day_hydro_upper_then_lower
20260811_155000_stage_B_2C_30day_full_final,stage_B,B-2C,daily_hydro_water,INEQ-WATER-D001-HYDRO03-LOWER,1,3,lower,6,30986,33628,24,1|2|3|4|5|6|7|8|9|10|11|12|13|14|15|16|17|18|19|20|21|22|23|24,24,442|461|480|499|518|537|556|580|604|628|652|676|700|724|748|772|796|820|844|863|882|901|920|939,PH,day_hydro_upper_then_lower
20260811_155000_stage_B_2C_30day_full_final,stage_B,B-2C,daily_hydro_water,INEQ-WATER-D001-HYDRO04-UPPER,1,4,upper,7,30987,33629,24,1|2|3|4|5|6|7|8|9|10|11|12|13|14|15|16|17|18|19|20|21|22|23|24,24,443|462|481|500|519|538|557|581|605|629|653|677|701|725|749|773|797|821|845|864|883|902|921|940,PH,day_hydro_upper_then_lower
20260811_155000_stage_B_2C_30day_full_final,stage_B,B-2C,daily_hydro_water,INEQ-WATER-D001-HYDRO04-LOWER,1,4,lower,8,30988,33630,24,1|2|3|4|5|6|7|8|9|10|11|12|13|14|15|16|17|18|19|20|21|22|23|24,24,443|462|481|500|519|538|557|581|605|629|653|677|701|725|749|773|797|821|845|864|883|902|921|940,PH,day_hydro_upper_then_lower
20260811_155000_stage_B_2C_30day_full_final,stage_B,B-2C,daily_hydro_water,INEQ-WATER-D002-HYDRO01-UPPER,2,1,upper,9,30989,33631,24,1|2|3|4|5|6|7|8|9|10|11|12|13|14|15|16|17|18|19|20|21|22|23|24,24,956|975|994|1013|1032|1051|1070|1094|1118|1142|1166|1190|1214|1238|1262|1286|1310|1334|1358|1377|1396|1415|1434|1453,PH,day_hydro_upper_then_lower
20260811_155000_stage_B_2C_30day_full_final,stage_B,B-2C,daily_hydro_water,INEQ-WATER-D002-HYDRO01-LOWER,2,1,lower,10,30990,33632,24,1|2|3|4|5|6|7|8|9|10|11|12|13|14|15|16|17|18|19|20|21|22|23|24,24,956|975|994|1013|1032|1051|1070|1094|1118|1142|1166|1190|1214|1238|1262|1286|1310|1334|1358|1377|1396|1415|1434|1453,PH,day_hydro_upper_then_lower
20260811_155000_stage_B_2C_30day_full_final,stage_B,B-2C,daily_hydro_water,INEQ-WATER-D002-HYDRO02-UPPER,2,2,upper,11,30991,33633,24,1|2|3|4|5|6|7|8|9|10|11|12|13|14|15|16|17|18|19|20|21|22|23|24,24,957|976|995|1014|1033|1052|1071|1095|1119|1143|1167|1191|1215|1239|1263|1287|1311|1335|1359|1378|1397|1416|1435|1454,PH,day_hydro_upper_then_lower
20260811_155000_stage_B_2C_30day_full_final,stage_B,B-2C,daily_hydro_water,INEQ-WATER-D002-HYDRO02-LOWER,2,2,lower,12,30992,33634,24,1|2|3|4|5|6|7|8|9|10|11|12|13|14|15|16|17|18|19|20|21|22|23|24,24,957|976|995|1014|1033|1052|1071|1095|1119|1143|1167|1191|1215|1239|1263|1287|1311|1335|1359|1378|1397|1416|1435|1454,PH,day_hydro_upper_then_lower
20260811_155000_stage_B_2C_30day_full_final,stage_B,B-2C,daily_hydro_water,INEQ-WATER-D002-HYDRO03-UPPER,2,3,upper,13,30993,33635,24,1|2|3|4|5|6|7|8|9|10|11|12|13|14|15|16|17|18|19|20|21|22|23|24,24,958|977|996|1015|1034|1053|1072|1096|1120|1144|1168|1192|1216|1240|1264|1288|1312|1336|1360|1379|1398|1417|1436|1455,PH,day_hydro_upper_then_lower
20260811_155000_stage_B_2C_30day_full_final,stage_B,B-2C,daily_hydro_water,INEQ-WATER-D002-HYDRO03-LOWER,2,3,lower,14,30994,33636,24,1|2|3|4|5|6|7|8|9|10|11|12|13|14|15|16|17|18|19|20|21|22|23|24,24,958|977|996|1015|1034|1053|1072|1096|1120|1144|1168|1192|1216|1240|1264|1288|1312|1336|1360|1379|1398|1417|1436|1455,PH,day_hydro_upper_then_lower
20260811_155000_stage_B_2C_30day_full_final,stage_B,B-2C,daily_hydro_water,INEQ-WATER-D002-HYDRO04-UPPER,2,4,upper,15,30995,33637,24,1|2|3|4|5|6|7|8|9|10|11|12|13|14|15|16|17|18|19|20|21|22|23|24,24,959|978|997|1016|1035|1054|1073|1097|1121|1145|1169|1193|1217|1241|1265|1289|1313|1337|1361|1380|1399|1418|1437|1456,PH,day_hydro_upper_then_lower
20260811_155000_stage_B_2C_30day_full_final,stage_B,B-2C,daily_hydro_water,INEQ-WATER-D002-HYDRO04-LOWER,2,4,lower,16,30996,33638,24,1|2|3|4|5|6|7|8|9|10|11|12|13|14|15|16|17|18|19|20|21|22|23|24,24,959|978|997|1016|1035|1054|1073|1097|1121|1145|1169|1193|1217|1241|1265|1289|1313|1337|1361|1380|1399|1418|1437|1456,PH,day_hydro_upper_then_lower
20260811_155000_stage_B_2C_30day_full_final,stage_B,B-2C,daily_hydro_water,INEQ-WATER-D003-HYDRO01-UPPER,3,1,upper,17,30997,33639,24,1|2|3|4|5|6|7|8|9|10|11|12|13|14|15|16|17|18|19|20|21|22|23|24,24,1472|1491|1510|1529|1548|1567|1586|1610|1634|1658|1682|1706|1730|1754|1778|1802|1826|1850|1874|1893|1912|1931|1950|1969,PH,day_hydro_upper_then_lower
20260811_155000_stage_B_2C_30day_full_final,stage_B,B-2C,daily_hydro_water,INEQ-WATER-D003-HYDRO01-LOWER,3,1,lower,18,30998,33640,24,1|2|3|4|5|6|7|8|9|10|11|12|13|14|15|16|17|18|19|20|21|22|23|24,24,1472|1491|1510|1529|1548|1567|1586|1610|1634|1658|1682|1706|1730|1754|1778|1802|1826|1850|1874|1893|1912|1931|1950|1969,PH,day_hydro_upper_then_lower
20260811_155000_stage_B_2C_30day_full_final,stage_B,B-2C,daily_hydro_water,INEQ-WATER-D003-HYDRO02-UPPER,3,2,upper,19,30999,33641,24,1|2|3|4|5|6|7|8|9|10|11|12|13|14|15|16|17|18|19|20|21|22|23|24,24,1473|1492|1511|1530|1549|1568|1587|1611|1635|1659|1683|1707|1731|1755|1779|1803|1827|1851|1875|1894|1913|1932|1951|1970,PH,day_hydro_upper_then_lower
20260811_155000_stage_B_2C_30day_full_final,stage_B,B-2C,daily_hydro_water,INEQ-WATER-D003-HYDRO02-LOWER,3,2,lower,20,31000,33642,24,1|2|3|4|5|6|7|8|9|10|11|12|13|14|15|16|17|18|19|20|21|22|23|24,24,1473|1492|1511|1530|1549|1568|1587|1611|1635|1659|1683|1707|1731|1755|1779|1803|1827|1851|1875|1894|1913|1932|1951|1970,PH,day_hydro_upper_then_lower
20260811_155000_stage_B_2C_30day_full_final,stage_B,B-2C,daily_hydro_water,INEQ-WATER-D003-HYDRO03-UPPER,3,3,upper,21,31001,33643,24,1|2|3|4|5|6|7|8|9|10|11|12|13|14|15|16|17|18|19|20|21|22|23|24,24,1474|1493|1512|1531|1550|1569|1588|1612|1636|1660|1684|1708|1732|1756|1780|1804|1828|1852|1876|1895|1914|1933|1952|1971,PH,day_hydro_upper_then_lower
20260811_155000_stage_B_2C_30day_full_final,stage_B,B-2C,daily_hydro_water,INEQ-WATER-D003-HYDRO03-LOWER,3,3,lower,22,31002,33644,24,1|2|3|4|5|6|7|8|9|10|11|12|13|14|15|16|17|18|19|20|21|22|23|24,24,1474|1493|1512|1531|1550|1569|1588|1612|1636|1660|1684|1708|1732|1756|1780|1804|1828|1852|1876|1895|1914|1933|1952|1971,PH,day_hydro_upper_then_lower
20260811_155000_stage_B_2C_30day_full_final,stage_B,B-2C,daily_hydro_water,INEQ-WATER-D003-HYDRO04-UPPER,3,4,upper,23,31003,33645,24,1|2|3|4|5|6|7|8|9|10|11|12|13|14|15|16|17|18|19|20|21|22|23|24,24,1475|1494|1513|1532|1551|1570|1589|1613|1637|1661|1685|1709|1733|1757|1781|1805|1829|1853|1877|1896|1915|1934|1953|1972,PH,day_hydro_upper_then_lower
20260811_155000_stage_B_2C_30day_full_final,stage_B,B-2C,daily_hydro_water,INEQ-WATER-D003-HYDRO04-LOWER,3,4,lower,24,31004,33646,24,1|2|3|4|5|6|7|8|9|10|11|12|13|14|15|16|17|18|19|20|21|22|23|24,24,1475|1494|1513|1532|1551|1570|1589|1613|1637|1661|1685|1709|1733|1757|1781|1805|1829|1853|1877|1896|1915|1934|1953|1972,PH,day_hydro_upper_then_lower
20260811_155000_stage_B_2C_30day_full_final,stage_B,B-2C,daily_hydro_water,INEQ-WATER-D004-HYDRO01-UPPER,4,1,upper,25,31005,33647,24,1|2|3|4|5|6|7|8|9|10|11|12|13|14|15|16|17|18|19|20|21|22|23|24,24,1988|2007|2026|2045|2064|2083|2102|2126|2150|2174|2198|2222|2246|2270|2294|2318|2342|2366|2390|2409|2428|2447|2466|2485,PH,day_hydro_upper_then_lower
20260811_155000_stage_B_2C_30day_full_final,stage_B,B-2C,daily_hydro_water,INEQ-WATER-D004-HYDRO01-LOWER,4,1,lower,26,31006,33648,24,1|2|3|4|5|6|7|8|9|10|11|12|13|14|15|16|17|18|19|20|21|22|23|24,24,1988|2007|2026|2045|2064|2083|2102|2126|2150|2174|2198|2222|2246|2270|2294|2318|2342|2366|2390|2409|2428|2447|2466|2485,PH,day_hydro_upper_then_lower
20260811_155000_stage_B_2C_30day_full_final,stage_B,B-2C,daily_hydro_water,INEQ-WATER-D004-HYDRO02-UPPER,4,2,upper,27,31007,33649,24,1|2|3|4|5|6|7|8|9|10|11|12|13|14|15|16|17|18|19|20|21|22|23|24,24,1989|2008|2027|2046|2065|2084|2103|2127|2151|2175|2199|2223|2247|2271|2295|2319|2343|2367|2391|2410|2429|2448|2467|2486,PH,day_hydro_upper_then_lower
20260811_155000_stage_B_2C_30day_full_final,stage_B,B-2C,daily_hydro_water,INEQ-WATER-D004-HYDRO02-LOWER,4,2,lower,28,31008,33650,24,1|2|3|4|5|6|7|8|9|10|11|12|13|14|15|16|17|18|19|20|21|22|23|24,24,1989|2008|2027|2046|2065|2084|2103|2127|2151|2175|2199|2223|2247|2271|2295|2319|2343|2367|2391|2410|2429|2448|2467|2486,PH,day_hydro_upper_then_lower
20260811_155000_stage_B_2C_30day_full_final,stage_B,B-2C,daily_hydro_water,INEQ-WATER-D004-HYDRO03-UPPER,4,3,upper,29,31009,33651,24,1|2|3|4|5|6|7|8|9|10|11|12|13|14|15|16|17|18|19|20|21|22|23|24,24,1990|2009|2028|2047|2066|2085|2104|2128|2152|2176|2200|2224|2248|2272|2296|2320|2344|2368|2392|2411|2430|2449|2468|2487,PH,day_hydro_upper_then_lower
20260811_155000_stage_B_2C_30day_full_final,stage_B,B-2C,daily_hydro_water,INEQ-WATER-D004-HYDRO03-LOWER,4,3,lower,30,31010,33652,24,1|2|3|4|5|6|7|8|9|10|11|12|13|14|15|16|17|18|19|20|21|22|23|24,24,1990|2009|2028|2047|2066|2085|2104|2128|2152|2176|2200|2224|2248|2272|2296|2320|2344|2368|2392|2411|2430|2449|2468|2487,PH,day_hydro_upper_then_lower
20260811_155000_stage_B_2C_30day_full_final,stage_B,B-2C,daily_hydro_water,INEQ-WATER-D004-HYDRO04-UPPER,4,4,upper,31,31011,33653,24,1|2|3|4|5|6|7|8|9|10|11|12|13|14|15|16|17|18|19|20|21|22|23|24,24,1991|2010|2029|2048|2067|2086|2105|2129|2153|2177|2201|2225|2249|2273|2297|2321|2345|2369|2393|2412|2431|2450|2469|2488,PH,day_hydro_upper_then_lower
20260811_155000_stage_B_2C_30day_full_final,stage_B,B-2C,daily_hydro_water,INEQ-WATER-D004-HYDRO04-LOWER,4,4,lower,32,31012,33654,24,1|2|3|4|5|6|7|8|9|10|11|12|13|14|15|16|17|18|19|20|21|22|23|24,24,1991|2010|2029|2048|2067|2086|2105|2129|2153|2177|2201|2225|2249|2273|2297|2321|2345|2369|2393|2412|2431|2450|2469|2488,PH,day_hydro_upper_then_lower
20260811_155000_stage_B_2C_30day_full_final,stage_B,B-2C,daily_hydro_water,INEQ-WATER-D005-HYDRO01-UPPER,5,1,upper,33,31013,33655,24,1|2|3|4|5|6|7|8|9|10|11|12|13|14|15|16|17|18|19|20|21|22|23|24,24,2504|2523|2542|2561|2580|2599|2618|2642|2666|2690|2714|2738|2762|2786|2810|2834|2858|2882|2906|2925|2944|2963|2982|3001,PH,day_hydro_upper_then_lower
20260811_155000_stage_B_2C_30day_full_final,stage_B,B-2C,daily_hydro_water,INEQ-WATER-D005-HYDRO01-LOWER,5,1,lower,34,31014,33656,24,1|2|3|4|5|6|7|8|9|10|11|12|13|14|15|16|17|18|19|20|21|22|23|24,24,2504|2523|2542|2561|2580|2599|2618|2642|2666|2690|2714|2738|2762|2786|2810|2834|2858|2882|2906|2925|2944|2963|2982|3001,PH,day_hydro_upper_then_lower
20260811_155000_stage_B_2C_30day_full_final,stage_B,B-2C,daily_hydro_water,INEQ-WATER-D005-HYDRO02-UPPER,5,2,upper,35,31015,33657,24,1|2|3|4|5|6|7|8|9|10|11|12|13|14|15|16|17|18|19|20|21|22|23|24,24,2505|2524|2543|2562|2581|2600|2619|2643|2667|2691|2715|2739|2763|2787|2811|2835|2859|2883|2907|2926|2945|2964|2983|3002,PH,day_hydro_upper_then_lower
20260811_155000_stage_B_2C_30day_full_final,stage_B,B-2C,daily_hydro_water,INEQ-WATER-D005-HYDRO02-LOWER,5,2,lower,36,31016,33658,24,1|2|3|4|5|6|7|8|9|10|11|12|13|14|15|16|17|18|19|20|21|22|23|24,24,2505|2524|2543|2562|2581|2600|2619|2643|2667|2691|2715|2739|2763|2787|2811|2835|2859|2883|2907|2926|2945|2964|2983|3002,PH,day_hydro_upper_then_lower
20260811_155000_stage_B_2C_30day_full_final,stage_B,B-2C,daily_hydro_water,INEQ-WATER-D005-HYDRO03-UPPER,5,3,upper,37,31017,33659,24,1|2|3|4|5|6|7|8|9|10|11|12|13|14|15|16|17|18|19|20|21|22|23|24,24,2506|2525|2544|2563|2582|2601|2620|2644|2668|2692|2716|2740|2764|2788|2812|2836|2860|2884|2908|2927|2946|2965|2984|3003,PH,day_hydro_upper_then_lower
20260811_155000_stage_B_2C_30day_full_final,stage_B,B-2C,daily_hydro_water,INEQ-WATER-D005-HYDRO03-LOWER,5,3,lower,38,31018,33660,24,1|2|3|4|5|6|7|8|9|10|11|12|13|14|15|16|17|18|19|20|21|22|23|24,24,2506|2525|2544|2563|2582|2601|2620|2644|2668|2692|2716|2740|2764|2788|2812|2836|2860|2884|2908|2927|2946|2965|2984|3003,PH,day_hydro_upper_then_lower
20260811_155000_stage_B_2C_30day_full_final,stage_B,B-2C,daily_hydro_water,INEQ-WATER-D005-HYDRO04-UPPER,5,4,upper,39,31019,33661,24,1|2|3|4|5|6|7|8|9|10|11|12|13|14|15|16|17|18|19|20|21|22|23|24,24,2507|2526|2545|2564|2583|2602|2621|2645|2669|2693|2717|2741|2765|2789|2813|2837|2861|2885|2909|2928|2947|2966|2985|3004,PH,day_hydro_upper_then_lower
20260811_155000_stage_B_2C_30day_full_final,stage_B,B-2C,daily_hydro_water,INEQ-WATER-D005-HYDRO04-LOWER,5,4,lower,40,31020,33662,24,1|2|3|4|5|6|7|8|9|10|11|12|13|14|15|16|17|18|19|20|21|22|23|24,24,2507|2526|2545|2564|2583|2602|2621|2645|2669|2693|2717|2741|2765|2789|2813|2837|2861|2885|2909|2928|2947|2966|2985|3004,PH,day_hydro_upper_then_lower
20260811_155000_stage_B_2C_30day_full_final,stage_B,B-2C,daily_hydro_water,INEQ-WATER-D006-HYDRO01-UPPER,6,1,upper,41,31021,33663,24,1|2|3|4|5|6|7|8|9|10|11|12|13|14|15|16|17|18|19|20|21|22|23|24,24,3020|3039|3058|3077|3096|3115|3134|3158|3182|3206|3230|3254|3278|3302|3326|3350|3374|3398|3422|3441|3460|3479|3498|3517,PH,day_hydro_upper_then_lower
20260811_155000_stage_B_2C_30day_full_final,stage_B,B-2C,daily_hydro_water,INEQ-WATER-D006-HYDRO01-LOWER,6,1,lower,42,31022,33664,24,1|2|3|4|5|6|7|8|9|10|11|12|13|14|15|16|17|18|19|20|21|22|23|24,24,3020|3039|3058|3077|3096|3115|3134|3158|3182|3206|3230|3254|3278|3302|3326|3350|3374|3398|3422|3441|3460|3479|3498|3517,PH,day_hydro_upper_then_lower
20260811_155000_stage_B_2C_30day_full_final,stage_B,B-2C,daily_hydro_water,INEQ-WATER-D006-HYDRO02-UPPER,6,2,upper,43,31023,33665,24,1|2|3|4|5|6|7|8|9|10|11|12|13|14|15|16|17|18|19|20|21|22|23|24,24,3021|3040|3059|3078|3097|3116|3135|3159|3183|3207|3231|3255|3279|3303|3327|3351|3375|3399|3423|3442|3461|3480|3499|3518,PH,day_hydro_upper_then_lower
20260811_155000_stage_B_2C_30day_full_final,stage_B,B-2C,daily_hydro_water,INEQ-WATER-D006-HYDRO02-LOWER,6,2,lower,44,31024,33666,24,1|2|3|4|5|6|7|8|9|10|11|12|13|14|15|16|17|18|19|20|21|22|23|24,24,3021|3040|3059|3078|3097|3116|3135|3159|3183|3207|3231|3255|3279|3303|3327|3351|3375|3399|3423|3442|3461|3480|3499|3518,PH,day_hydro_upper_then_lower
20260811_155000_stage_B_2C_30day_full_final,stage_B,B-2C,daily_hydro_water,INEQ-WATER-D006-HYDRO03-UPPER,6,3,upper,45,31025,33667,24,1|2|3|4|5|6|7|8|9|10|11|12|13|14|15|16|17|18|19|20|21|22|23|24,24,3022|3041|3060|3079|3098|3117|3136|3160|3184|3208|3232|3256|3280|3304|3328|3352|3376|3400|3424|3443|3462|3481|3500|3519,PH,day_hydro_upper_then_lower
20260811_155000_stage_B_2C_30day_full_final,stage_B,B-2C,daily_hydro_water,INEQ-WATER-D006-HYDRO03-LOWER,6,3,lower,46,31026,33668,24,1|2|3|4|5|6|7|8|9|10|11|12|13|14|15|16|17|18|19|20|21|22|23|24,24,3022|3041|3060|3079|3098|3117|3136|3160|3184|3208|3232|3256|3280|3304|3328|3352|3376|3400|3424|3443|3462|3481|3500|3519,PH,day_hydro_upper_then_lower
20260811_155000_stage_B_2C_30day_full_final,stage_B,B-2C,daily_hydro_water,INEQ-WATER-D006-HYDRO04-UPPER,6,4,upper,47,31027,33669,24,1|2|3|4|5|6|7|8|9|10|11|12|13|14|15|16|17|18|19|20|21|22|23|24,24,3023|3042|3061|3080|3099|3118|3137|3161|3185|3209|3233|3257|3281|3305|3329|3353|3377|3401|3425|3444|3463|3482|3501|3520,PH,day_hydro_upper_then_lower
20260811_155000_stage_B_2C_30day_full_final,stage_B,B-2C,daily_hydro_water,INEQ-WATER-D006-HYDRO04-LOWER,6,4,lower,48,31028,33670,24,1|2|3|4|5|6|7|8|9|10|11|12|13|14|15|16|17|18|19|20|21|22|23|24,24,3023|3042|3061|3080|3099|3118|3137|3161|3185|3209|3233|3257|3281|3305|3329|3353|3377|3401|3425|3444|3463|3482|3501|3520,PH,day_hydro_upper_then_lower
20260811_155000_stage_B_2C_30day_full_final,stage_B,B-2C,daily_hydro_water,INEQ-WATER-D007-HYDRO01-UPPER,7,1,upper,49,31029,33671,24,1|2|3|4|5|6|7|8|9|10|11|12|13|14|15|16|17|18|19|20|21|22|23|24,24,3536|3555|3574|3593|3612|3631|3650|3674|3698|3722|3746|3770|3794|3818|3842|3866|3890|3914|3938|3957|3976|3995|4014|4033,PH,day_hydro_upper_then_lower
20260811_155000_stage_B_2C_30day_full_final,stage_B,B-2C,daily_hydro_water,INEQ-WATER-D007-HYDRO01-LOWER,7,1,lower,50,31030,33672,24,1|2|3|4|5|6|7|8|9|10|11|12|13|14|15|16|17|18|19|20|21|22|23|24,24,3536|3555|3574|3593|3612|3631|3650|3674|3698|3722|3746|3770|3794|3818|3842|3866|3890|3914|3938|3957|3976|3995|4014|4033,PH,day_hydro_upper_then_lower
20260811_155000_stage_B_2C_30day_full_final,stage_B,B-2C,daily_hydro_water,INEQ-WATER-D007-HYDRO02-UPPER,7,2,upper,51,31031,33673,24,1|2|3|4|5|6|7|8|9|10|11|12|13|14|15|16|17|18|19|20|21|22|23|24,24,3537|3556|3575|3594|3613|3632|3651|3675|3699|3723|3747|3771|3795|3819|3843|3867|3891|3915|3939|3958|3977|3996|4015|4034,PH,day_hydro_upper_then_lower
20260811_155000_stage_B_2C_30day_full_final,stage_B,B-2C,daily_hydro_water,INEQ-WATER-D007-HYDRO02-LOWER,7,2,lower,52,31032,33674,24,1|2|3|4|5|6|7|8|9|10|11|12|13|14|15|16|17|18|19|20|21|22|23|24,24,3537|3556|3575|3594|3613|3632|3651|3675|3699|3723|3747|3771|3795|3819|3843|3867|3891|3915|3939|3958|3977|3996|4015|4034,PH,day_hydro_upper_then_lower
20260811_155000_stage_B_2C_30day_full_final,stage_B,B-2C,daily_hydro_water,INEQ-WATER-D007-HYDRO03-UPPER,7,3,upper,53,31033,33675,24,1|2|3|4|5|6|7|8|9|10|11|12|13|14|15|16|17|18|19|20|21|22|23|24,24,3538|3557|3576|3595|3614|3633|3652|3676|3700|3724|3748|3772|3796|3820|3844|3868|3892|3916|3940|3959|3978|3997|4016|4035,PH,day_hydro_upper_then_lower
20260811_155000_stage_B_2C_30day_full_final,stage_B,B-2C,daily_hydro_water,INEQ-WATER-D007-HYDRO03-LOWER,7,3,lower,54,31034,33676,24,1|2|3|4|5|6|7|8|9|10|11|12|13|14|15|16|17|18|19|20|21|22|23|24,24,3538|3557|3576|3595|3614|3633|3652|3676|3700|3724|3748|3772|3796|3820|3844|3868|3892|3916|3940|3959|3978|3997|4016|4035,PH,day_hydro_upper_then_lower
20260811_155000_stage_B_2C_30day_full_final,stage_B,B-2C,daily_hydro_water,INEQ-WATER-D007-HYDRO04-UPPER,7,4,upper,55,31035,33677,24,1|2|3|4|5|6|7|8|9|10|11|12|13|14|15|16|17|18|19|20|21|22|23|24,24,3539|3558|3577|3596|3615|3634|3653|3677|3701|3725|3749|3773|3797|3821|3845|3869|3893|3917|3941|3960|3979|3998|4017|4036,PH,day_hydro_upper_then_lower
20260811_155000_stage_B_2C_30day_full_final,stage_B,B-2C,daily_hydro_water,INEQ-WATER-D007-HYDRO04-LOWER,7,4,lower,56,31036,33678,24,1|2|3|4|5|6|7|8|9|10|11|12|13|14|15|16|17|18|19|20|21|22|23|24,24,3539|3558|3577|3596|3615|3634|3653|3677|3701|3725|3749|3773|3797|3821|3845|3869|3893|3917|3941|3960|3979|3998|4017|4036,PH,day_hydro_upper_then_lower
20260811_155000_stage_B_2C_30day_full_final,stage_B,B-2C,daily_hydro_water,INEQ-WATER-D008-HYDRO01-UPPER,8,1,upper,57,31037,33679,24,1|2|3|4|5|6|7|8|9|10|11|12|13|14|15|16|17|18|19|20|21|22|23|24,24,4052|4071|4090|4109|4128|4147|4166|4190|4214|4238|4262|4286|4310|4334|4358|4382|4406|4430|4454|4473|4492|4511|4530|4549,PH,day_hydro_upper_then_lower
20260811_155000_stage_B_2C_30day_full_final,stage_B,B-2C,daily_hydro_water,INEQ-WATER-D008-HYDRO01-LOWER,8,1,lower,58,31038,33680,24,1|2|3|4|5|6|7|8|9|10|11|12|13|14|15|16|17|18|19|20|21|22|23|24,24,4052|4071|4090|4109|4128|4147|4166|4190|4214|4238|4262|4286|4310|4334|4358|4382|4406|4430|4454|4473|4492|4511|4530|4549,PH,day_hydro_upper_then_lower
20260811_155000_stage_B_2C_30day_full_final,stage_B,B-2C,daily_hydro_water,INEQ-WATER-D008-HYDRO02-UPPER,8,2,upper,59,31039,33681,24,1|2|3|4|5|6|7|8|9|10|11|12|13|14|15|16|17|18|19|20|21|22|23|24,24,4053|4072|4091|4110|4129|4148|4167|4191|4215|4239|4263|4287|4311|4335|4359|4383|4407|4431|4455|4474|4493|4512|4531|4550,PH,day_hydro_upper_then_lower
20260811_155000_stage_B_2C_30day_full_final,stage_B,B-2C,daily_hydro_water,INEQ-WATER-D008-HYDRO02-LOWER,8,2,lower,60,31040,33682,24,1|2|3|4|5|6|7|8|9|10|11|12|13|14|15|16|17|18|19|20|21|22|23|24,24,4053|4072|4091|4110|4129|4148|4167|4191|4215|4239|4263|4287|4311|4335|4359|4383|4407|4431|4455|4474|4493|4512|4531|4550,PH,day_hydro_upper_then_lower
20260811_155000_stage_B_2C_30day_full_final,stage_B,B-2C,daily_hydro_water,INEQ-WATER-D008-HYDRO03-UPPER,8,3,upper,61,31041,33683,24,1|2|3|4|5|6|7|8|9|10|11|12|13|14|15|16|17|18|19|20|21|22|23|24,24,4054|4073|4092|4111|4130|4149|4168|4192|4216|4240|4264|4288|4312|4336|4360|4384|4408|4432|4456|4475|4494|4513|4532|4551,PH,day_hydro_upper_then_lower
20260811_155000_stage_B_2C_30day_full_final,stage_B,B-2C,daily_hydro_water,INEQ-WATER-D008-HYDRO03-LOWER,8,3,lower,62,31042,33684,24,1|2|3|4|5|6|7|8|9|10|11|12|13|14|15|16|17|18|19|20|21|22|23|24,24,4054|4073|4092|4111|4130|4149|4168|4192|4216|4240|4264|4288|4312|4336|4360|4384|4408|4432|4456|4475|4494|4513|4532|4551,PH,day_hydro_upper_then_lower
20260811_155000_stage_B_2C_30day_full_final,stage_B,B-2C,daily_hydro_water,INEQ-WATER-D008-HYDRO04-UPPER,8,4,upper,63,31043,33685,24,1|2|3|4|5|6|7|8|9|10|11|12|13|14|15|16|17|18|19|20|21|22|23|24,24,4055|4074|4093|4112|4131|4150|4169|4193|4217|4241|4265|4289|4313|4337|4361|4385|4409|4433|4457|4476|4495|4514|4533|4552,PH,day_hydro_upper_then_lower
20260811_155000_stage_B_2C_30day_full_final,stage_B,B-2C,daily_hydro_water,INEQ-WATER-D008-HYDRO04-LOWER,8,4,lower,64,31044,33686,24,1|2|3|4|5|6|7|8|9|10|11|12|13|14|15|16|17|18|19|20|21|22|23|24,24,4055|4074|4093|4112|4131|4150|4169|4193|4217|4241|4265|4289|4313|4337|4361|4385|4409|4433|4457|4476|4495|4514|4533|4552,PH,day_hydro_upper_then_lower
20260811_155000_stage_B_2C_30day_full_final,stage_B,B-2C,daily_hydro_water,INEQ-WATER-D009-HYDRO01-UPPER,9,1,upper,65,31045,33687,24,1|2|3|4|5|6|7|8|9|10|11|12|13|14|15|16|17|18|19|20|21|22|23|24,24,4568|4587|4606|4625|4644|4663|4682|4706|4730|4754|4778|4802|4826|4850|4874|4898|4922|4946|4970|4989|5008|5027|5046|5065,PH,day_hydro_upper_then_lower
20260811_155000_stage_B_2C_30day_full_final,stage_B,B-2C,daily_hydro_water,INEQ-WATER-D009-HYDRO01-LOWER,9,1,lower,66,31046,33688,24,1|2|3|4|5|6|7|8|9|10|11|12|13|14|15|16|17|18|19|20|21|22|23|24,24,4568|4587|4606|4625|4644|4663|4682|4706|4730|4754|4778|4802|4826|4850|4874|4898|4922|4946|4970|4989|5008|5027|5046|5065,PH,day_hydro_upper_then_lower
20260811_155000_stage_B_2C_30day_full_final,stage_B,B-2C,daily_hydro_water,INEQ-WATER-D009-HYDRO02-UPPER,9,2,upper,67,31047,33689,24,1|2|3|4|5|6|7|8|9|10|11|12|13|14|15|16|17|18|19|20|21|22|23|24,24,4569|4588|4607|4626|4645|4664|4683|4707|4731|4755|4779|4803|4827|4851|4875|4899|4923|4947|4971|4990|5009|5028|5047|5066,PH,day_hydro_upper_then_lower
20260811_155000_stage_B_2C_30day_full_final,stage_B,B-2C,daily_hydro_water,INEQ-WATER-D009-HYDRO02-LOWER,9,2,lower,68,31048,33690,24,1|2|3|4|5|6|7|8|9|10|11|12|13|14|15|16|17|18|19|20|21|22|23|24,24,4569|4588|4607|4626|4645|4664|4683|4707|4731|4755|4779|4803|4827|4851|4875|4899|4923|4947|4971|4990|5009|5028|5047|5066,PH,day_hydro_upper_then_lower
20260811_155000_stage_B_2C_30day_full_final,stage_B,B-2C,daily_hydro_water,INEQ-WATER-D009-HYDRO03-UPPER,9,3,upper,69,31049,33691,24,1|2|3|4|5|6|7|8|9|10|11|12|13|14|15|16|17|18|19|20|21|22|23|24,24,4570|4589|4608|4627|4646|4665|4684|4708|4732|4756|4780|4804|4828|4852|4876|4900|4924|4948|4972|4991|5010|5029|5048|5067,PH,day_hydro_upper_then_lower
20260811_155000_stage_B_2C_30day_full_final,stage_B,B-2C,daily_hydro_water,INEQ-WATER-D009-HYDRO03-LOWER,9,3,lower,70,31050,33692,24,1|2|3|4|5|6|7|8|9|10|11|12|13|14|15|16|17|18|19|20|21|22|23|24,24,4570|4589|4608|4627|4646|4665|4684|4708|4732|4756|4780|4804|4828|4852|4876|4900|4924|4948|4972|4991|5010|5029|5048|5067,PH,day_hydro_upper_then_lower
20260811_155000_stage_B_2C_30day_full_final,stage_B,B-2C,daily_hydro_water,INEQ-WATER-D009-HYDRO04-UPPER,9,4,upper,71,31051,33693,24,1|2|3|4|5|6|7|8|9|10|11|12|13|14|15|16|17|18|19|20|21|22|23|24,24,4571|4590|4609|4628|4647|4666|4685|4709|4733|4757|4781|4805|4829|4853|4877|4901|4925|4949|4973|4992|5011|5030|5049|5068,PH,day_hydro_upper_then_lower
20260811_155000_stage_B_2C_30day_full_final,stage_B,B-2C,daily_hydro_water,INEQ-WATER-D009-HYDRO04-LOWER,9,4,lower,72,31052,33694,24,1|2|3|4|5|6|7|8|9|10|11|12|13|14|15|16|17|18|19|20|21|22|23|24,24,4571|4590|4609|4628|4647|4666|4685|4709|4733|4757|4781|4805|4829|4853|4877|4901|4925|4949|4973|4992|5011|5030|5049|5068,PH,day_hydro_upper_then_lower
20260811_155000_stage_B_2C_30day_full_final,stage_B,B-2C,daily_hydro_water,INEQ-WATER-D010-HYDRO01-UPPER,10,1,upper,73,31053,33695,24,1|2|3|4|5|6|7|8|9|10|11|12|13|14|15|16|17|18|19|20|21|22|23|24,24,5084|5103|5122|5141|5160|5179|5198|5222|5246|5270|5294|5318|5342|5366|5390|5414|5438|5462|5486|5505|5524|5543|5562|5581,PH,day_hydro_upper_then_lower
20260811_155000_stage_B_2C_30day_full_final,stage_B,B-2C,daily_hydro_water,INEQ-WATER-D010-HYDRO01-LOWER,10,1,lower,74,31054,33696,24,1|2|3|4|5|6|7|8|9|10|11|12|13|14|15|16|17|18|19|20|21|22|23|24,24,5084|5103|5122|5141|5160|5179|5198|5222|5246|5270|5294|5318|5342|5366|5390|5414|5438|5462|5486|5505|5524|5543|5562|5581,PH,day_hydro_upper_then_lower
20260811_155000_stage_B_2C_30day_full_final,stage_B,B-2C,daily_hydro_water,INEQ-WATER-D010-HYDRO02-UPPER,10,2,upper,75,31055,33697,24,1|2|3|4|5|6|7|8|9|10|11|12|13|14|15|16|17|18|19|20|21|22|23|24,24,5085|5104|5123|5142|5161|5180|5199|5223|5247|5271|5295|5319|5343|5367|5391|5415|5439|5463|5487|5506|5525|5544|5563|5582,PH,day_hydro_upper_then_lower
20260811_155000_stage_B_2C_30day_full_final,stage_B,B-2C,daily_hydro_water,INEQ-WATER-D010-HYDRO02-LOWER,10,2,lower,76,31056,33698,24,1|2|3|4|5|6|7|8|9|10|11|12|13|14|15|16|17|18|19|20|21|22|23|24,24,5085|5104|5123|5142|5161|5180|5199|5223|5247|5271|5295|5319|5343|5367|5391|5415|5439|5463|5487|5506|5525|5544|5563|5582,PH,day_hydro_upper_then_lower
20260811_155000_stage_B_2C_30day_full_final,stage_B,B-2C,daily_hydro_water,INEQ-WATER-D010-HYDRO03-UPPER,10,3,upper,77,31057,33699,24,1|2|3|4|5|6|7|8|9|10|11|12|13|14|15|16|17|18|19|20|21|22|23|24,24,5086|5105|5124|5143|5162|5181|5200|5224|5248|5272|5296|5320|5344|5368|5392|5416|5440|5464|5488|5507|5526|5545|5564|5583,PH,day_hydro_upper_then_lower
20260811_155000_stage_B_2C_30day_full_final,stage_B,B-2C,daily_hydro_water,INEQ-WATER-D010-HYDRO03-LOWER,10,3,lower,78,31058,33700,24,1|2|3|4|5|6|7|8|9|10|11|12|13|14|15|16|17|18|19|20|21|22|23|24,24,5086|5105|5124|5143|5162|5181|5200|5224|5248|5272|5296|5320|5344|5368|5392|5416|5440|5464|5488|5507|5526|5545|5564|5583,PH,day_hydro_upper_then_lower
20260811_155000_stage_B_2C_30day_full_final,stage_B,B-2C,daily_hydro_water,INEQ-WATER-D010-HYDRO04-UPPER,10,4,upper,79,31059,33701,24,1|2|3|4|5|6|7|8|9|10|11|12|13|14|15|16|17|18|19|20|21|22|23|24,24,5087|5106|5125|5144|5163|5182|5201|5225|5249|5273|5297|5321|5345|5369|5393|5417|5441|5465|5489|5508|5527|5546|5565|5584,PH,day_hydro_upper_then_lower
20260811_155000_stage_B_2C_30day_full_final,stage_B,B-2C,daily_hydro_water,INEQ-WATER-D010-HYDRO04-LOWER,10,4,lower,80,31060,33702,24,1|2|3|4|5|6|7|8|9|10|11|12|13|14|15|16|17|18|19|20|21|22|23|24,24,5087|5106|5125|5144|5163|5182|5201|5225|5249|5273|5297|5321|5345|5369|5393|5417|5441|5465|5489|5508|5527|5546|5565|5584,PH,day_hydro_upper_then_lower
20260811_155000_stage_B_2C_30day_full_final,stage_B,B-2C,daily_hydro_water,INEQ-WATER-D011-HYDRO01-UPPER,11,1,upper,81,31061,33703,24,1|2|3|4|5|6|7|8|9|10|11|12|13|14|15|16|17|18|19|20|21|22|23|24,24,5600|5619|5638|5657|5676|5695|5714|5738|5762|5786|5810|5834|5858|5882|5906|5930|5954|5978|6002|6021|6040|6059|6078|6097,PH,day_hydro_upper_then_lower
20260811_155000_stage_B_2C_30day_full_final,stage_B,B-2C,daily_hydro_water,INEQ-WATER-D011-HYDRO01-LOWER,11,1,lower,82,31062,33704,24,1|2|3|4|5|6|7|8|9|10|11|12|13|14|15|16|17|18|19|20|21|22|23|24,24,5600|5619|5638|5657|5676|5695|5714|5738|5762|5786|5810|5834|5858|5882|5906|5930|5954|5978|6002|6021|6040|6059|6078|6097,PH,day_hydro_upper_then_lower
20260811_155000_stage_B_2C_30day_full_final,stage_B,B-2C,daily_hydro_water,INEQ-WATER-D011-HYDRO02-UPPER,11,2,upper,83,31063,33705,24,1|2|3|4|5|6|7|8|9|10|11|12|13|14|15|16|17|18|19|20|21|22|23|24,24,5601|5620|5639|5658|5677|5696|5715|5739|5763|5787|5811|5835|5859|5883|5907|5931|5955|5979|6003|6022|6041|6060|6079|6098,PH,day_hydro_upper_then_lower
20260811_155000_stage_B_2C_30day_full_final,stage_B,B-2C,daily_hydro_water,INEQ-WATER-D011-HYDRO02-LOWER,11,2,lower,84,31064,33706,24,1|2|3|4|5|6|7|8|9|10|11|12|13|14|15|16|17|18|19|20|21|22|23|24,24,5601|5620|5639|5658|5677|5696|5715|5739|5763|5787|5811|5835|5859|5883|5907|5931|5955|5979|6003|6022|6041|6060|6079|6098,PH,day_hydro_upper_then_lower
20260811_155000_stage_B_2C_30day_full_final,stage_B,B-2C,daily_hydro_water,INEQ-WATER-D011-HYDRO03-UPPER,11,3,upper,85,31065,33707,24,1|2|3|4|5|6|7|8|9|10|11|12|13|14|15|16|17|18|19|20|21|22|23|24,24,5602|5621|5640|5659|5678|5697|5716|5740|5764|5788|5812|5836|5860|5884|5908|5932|5956|5980|6004|6023|6042|6061|6080|6099,PH,day_hydro_upper_then_lower
20260811_155000_stage_B_2C_30day_full_final,stage_B,B-2C,daily_hydro_water,INEQ-WATER-D011-HYDRO03-LOWER,11,3,lower,86,31066,33708,24,1|2|3|4|5|6|7|8|9|10|11|12|13|14|15|16|17|18|19|20|21|22|23|24,24,5602|5621|5640|5659|5678|5697|5716|5740|5764|5788|5812|5836|5860|5884|5908|5932|5956|5980|6004|6023|6042|6061|6080|6099,PH,day_hydro_upper_then_lower
20260811_155000_stage_B_2C_30day_full_final,stage_B,B-2C,daily_hydro_water,INEQ-WATER-D011-HYDRO04-UPPER,11,4,upper,87,31067,33709,24,1|2|3|4|5|6|7|8|9|10|11|12|13|14|15|16|17|18|19|20|21|22|23|24,24,5603|5622|5641|5660|5679|5698|5717|5741|5765|5789|5813|5837|5861|5885|5909|5933|5957|5981|6005|6024|6043|6062|6081|6100,PH,day_hydro_upper_then_lower
20260811_155000_stage_B_2C_30day_full_final,stage_B,B-2C,daily_hydro_water,INEQ-WATER-D011-HYDRO04-LOWER,11,4,lower,88,31068,33710,24,1|2|3|4|5|6|7|8|9|10|11|12|13|14|15|16|17|18|19|20|21|22|23|24,24,5603|5622|5641|5660|5679|5698|5717|5741|5765|5789|5813|5837|5861|5885|5909|5933|5957|5981|6005|6024|6043|6062|6081|6100,PH,day_hydro_upper_then_lower
20260811_155000_stage_B_2C_30day_full_final,stage_B,B-2C,daily_hydro_water,INEQ-WATER-D012-HYDRO01-UPPER,12,1,upper,89,31069,33711,24,1|2|3|4|5|6|7|8|9|10|11|12|13|14|15|16|17|18|19|20|21|22|23|24,24,6116|6135|6154|6173|6192|6211|6230|6254|6278|6302|6326|6350|6374|6398|6422|6446|6470|6494|6518|6537|6556|6575|6594|6613,PH,day_hydro_upper_then_lower
20260811_155000_stage_B_2C_30day_full_final,stage_B,B-2C,daily_hydro_water,INEQ-WATER-D012-HYDRO01-LOWER,12,1,lower,90,31070,33712,24,1|2|3|4|5|6|7|8|9|10|11|12|13|14|15|16|17|18|19|20|21|22|23|24,24,6116|6135|6154|6173|6192|6211|6230|6254|6278|6302|6326|6350|6374|6398|6422|6446|6470|6494|6518|6537|6556|6575|6594|6613,PH,day_hydro_upper_then_lower
20260811_155000_stage_B_2C_30day_full_final,stage_B,B-2C,daily_hydro_water,INEQ-WATER-D012-HYDRO02-UPPER,12,2,upper,91,31071,33713,24,1|2|3|4|5|6|7|8|9|10|11|12|13|14|15|16|17|18|19|20|21|22|23|24,24,6117|6136|6155|6174|6193|6212|6231|6255|6279|6303|6327|6351|6375|6399|6423|6447|6471|6495|6519|6538|6557|6576|6595|6614,PH,day_hydro_upper_then_lower
20260811_155000_stage_B_2C_30day_full_final,stage_B,B-2C,daily_hydro_water,INEQ-WATER-D012-HYDRO02-LOWER,12,2,lower,92,31072,33714,24,1|2|3|4|5|6|7|8|9|10|11|12|13|14|15|16|17|18|19|20|21|22|23|24,24,6117|6136|6155|6174|6193|6212|6231|6255|6279|6303|6327|6351|6375|6399|6423|6447|6471|6495|6519|6538|6557|6576|6595|6614,PH,day_hydro_upper_then_lower
20260811_155000_stage_B_2C_30day_full_final,stage_B,B-2C,daily_hydro_water,INEQ-WATER-D012-HYDRO03-UPPER,12,3,upper,93,31073,33715,24,1|2|3|4|5|6|7|8|9|10|11|12|13|14|15|16|17|18|19|20|21|22|23|24,24,6118|6137|6156|6175|6194|6213|6232|6256|6280|6304|6328|6352|6376|6400|6424|6448|6472|6496|6520|6539|6558|6577|6596|6615,PH,day_hydro_upper_then_lower
20260811_155000_stage_B_2C_30day_full_final,stage_B,B-2C,daily_hydro_water,INEQ-WATER-D012-HYDRO03-LOWER,12,3,lower,94,31074,33716,24,1|2|3|4|5|6|7|8|9|10|11|12|13|14|15|16|17|18|19|20|21|22|23|24,24,6118|6137|6156|6175|6194|6213|6232|6256|6280|6304|6328|6352|6376|6400|6424|6448|6472|6496|6520|6539|6558|6577|6596|6615,PH,day_hydro_upper_then_lower
20260811_155000_stage_B_2C_30day_full_final,stage_B,B-2C,daily_hydro_water,INEQ-WATER-D012-HYDRO04-UPPER,12,4,upper,95,31075,33717,24,1|2|3|4|5|6|7|8|9|10|11|12|13|14|15|16|17|18|19|20|21|22|23|24,24,6119|6138|6157|6176|6195|6214|6233|6257|6281|6305|6329|6353|6377|6401|6425|6449|6473|6497|6521|6540|6559|6578|6597|6616,PH,day_hydro_upper_then_lower
20260811_155000_stage_B_2C_30day_full_final,stage_B,B-2C,daily_hydro_water,INEQ-WATER-D012-HYDRO04-LOWER,12,4,lower,96,31076,33718,24,1|2|3|4|5|6|7|8|9|10|11|12|13|14|15|16|17|18|19|20|21|22|23|24,24,6119|6138|6157|6176|6195|6214|6233|6257|6281|6305|6329|6353|6377|6401|6425|6449|6473|6497|6521|6540|6559|6578|6597|6616,PH,day_hydro_upper_then_lower
20260811_155000_stage_B_2C_30day_full_final,stage_B,B-2C,daily_hydro_water,INEQ-WATER-D013-HYDRO01-UPPER,13,1,upper,97,31077,33719,24,1|2|3|4|5|6|7|8|9|10|11|12|13|14|15|16|17|18|19|20|21|22|23|24,24,6632|6651|6670|6689|6708|6727|6746|6770|6794|6818|6842|6866|6890|6914|6938|6962|6986|7010|7034|7053|7072|7091|7110|7129,PH,day_hydro_upper_then_lower
20260811_155000_stage_B_2C_30day_full_final,stage_B,B-2C,daily_hydro_water,INEQ-WATER-D013-HYDRO01-LOWER,13,1,lower,98,31078,33720,24,1|2|3|4|5|6|7|8|9|10|11|12|13|14|15|16|17|18|19|20|21|22|23|24,24,6632|6651|6670|6689|6708|6727|6746|6770|6794|6818|6842|6866|6890|6914|6938|6962|6986|7010|7034|7053|7072|7091|7110|7129,PH,day_hydro_upper_then_lower
20260811_155000_stage_B_2C_30day_full_final,stage_B,B-2C,daily_hydro_water,INEQ-WATER-D013-HYDRO02-UPPER,13,2,upper,99,31079,33721,24,1|2|3|4|5|6|7|8|9|10|11|12|13|14|15|16|17|18|19|20|21|22|23|24,24,6633|6652|6671|6690|6709|6728|6747|6771|6795|6819|6843|6867|6891|6915|6939|6963|6987|7011|7035|7054|7073|7092|7111|7130,PH,day_hydro_upper_then_lower
20260811_155000_stage_B_2C_30day_full_final,stage_B,B-2C,daily_hydro_water,INEQ-WATER-D013-HYDRO02-LOWER,13,2,lower,100,31080,33722,24,1|2|3|4|5|6|7|8|9|10|11|12|13|14|15|16|17|18|19|20|21|22|23|24,24,6633|6652|6671|6690|6709|6728|6747|6771|6795|6819|6843|6867|6891|6915|6939|6963|6987|7011|7035|7054|7073|7092|7111|7130,PH,day_hydro_upper_then_lower
20260811_155000_stage_B_2C_30day_full_final,stage_B,B-2C,daily_hydro_water,INEQ-WATER-D013-HYDRO03-UPPER,13,3,upper,101,31081,33723,24,1|2|3|4|5|6|7|8|9|10|11|12|13|14|15|16|17|18|19|20|21|22|23|24,24,6634|6653|6672|6691|6710|6729|6748|6772|6796|6820|6844|6868|6892|6916|6940|6964|6988|7012|7036|7055|7074|7093|7112|7131,PH,day_hydro_upper_then_lower
20260811_155000_stage_B_2C_30day_full_final,stage_B,B-2C,daily_hydro_water,INEQ-WATER-D013-HYDRO03-LOWER,13,3,lower,102,31082,33724,24,1|2|3|4|5|6|7|8|9|10|11|12|13|14|15|16|17|18|19|20|21|22|23|24,24,6634|6653|6672|6691|6710|6729|6748|6772|6796|6820|6844|6868|6892|6916|6940|6964|6988|7012|7036|7055|7074|7093|7112|7131,PH,day_hydro_upper_then_lower
20260811_155000_stage_B_2C_30day_full_final,stage_B,B-2C,daily_hydro_water,INEQ-WATER-D013-HYDRO04-UPPER,13,4,upper,103,31083,33725,24,1|2|3|4|5|6|7|8|9|10|11|12|13|14|15|16|17|18|19|20|21|22|23|24,24,6635|6654|6673|6692|6711|6730|6749|6773|6797|6821|6845|6869|6893|6917|6941|6965|6989|7013|7037|7056|7075|7094|7113|7132,PH,day_hydro_upper_then_lower
20260811_155000_stage_B_2C_30day_full_final,stage_B,B-2C,daily_hydro_water,INEQ-WATER-D013-HYDRO04-LOWER,13,4,lower,104,31084,33726,24,1|2|3|4|5|6|7|8|9|10|11|12|13|14|15|16|17|18|19|20|21|22|23|24,24,6635|6654|6673|6692|6711|6730|6749|6773|6797|6821|6845|6869|6893|6917|6941|6965|6989|7013|7037|7056|7075|7094|7113|7132,PH,day_hydro_upper_then_lower
20260811_155000_stage_B_2C_30day_full_final,stage_B,B-2C,daily_hydro_water,INEQ-WATER-D014-HYDRO01-UPPER,14,1,upper,105,31085,33727,24,1|2|3|4|5|6|7|8|9|10|11|12|13|14|15|16|17|18|19|20|21|22|23|24,24,7148|7167|7186|7205|7224|7243|7262|7286|7310|7334|7358|7382|7406|7430|7454|7478|7502|7526|7549|7568|7587|7606|7625|7644,PH,day_hydro_upper_then_lower
20260811_155000_stage_B_2C_30day_full_final,stage_B,B-2C,daily_hydro_water,INEQ-WATER-D014-HYDRO01-LOWER,14,1,lower,106,31086,33728,24,1|2|3|4|5|6|7|8|9|10|11|12|13|14|15|16|17|18|19|20|21|22|23|24,24,7148|7167|7186|7205|7224|7243|7262|7286|7310|7334|7358|7382|7406|7430|7454|7478|7502|7526|7549|7568|7587|7606|7625|7644,PH,day_hydro_upper_then_lower
20260811_155000_stage_B_2C_30day_full_final,stage_B,B-2C,daily_hydro_water,INEQ-WATER-D014-HYDRO02-UPPER,14,2,upper,107,31087,33729,24,1|2|3|4|5|6|7|8|9|10|11|12|13|14|15|16|17|18|19|20|21|22|23|24,24,7149|7168|7187|7206|7225|7244|7263|7287|7311|7335|7359|7383|7407|7431|7455|7479|7503|7527|7550|7569|7588|7607|7626|7645,PH,day_hydro_upper_then_lower
20260811_155000_stage_B_2C_30day_full_final,stage_B,B-2C,daily_hydro_water,INEQ-WATER-D014-HYDRO02-LOWER,14,2,lower,108,31088,33730,24,1|2|3|4|5|6|7|8|9|10|11|12|13|14|15|16|17|18|19|20|21|22|23|24,24,7149|7168|7187|7206|7225|7244|7263|7287|7311|7335|7359|7383|7407|7431|7455|7479|7503|7527|7550|7569|7588|7607|7626|7645,PH,day_hydro_upper_then_lower
20260811_155000_stage_B_2C_30day_full_final,stage_B,B-2C,daily_hydro_water,INEQ-WATER-D014-HYDRO03-UPPER,14,3,upper,109,31089,33731,24,1|2|3|4|5|6|7|8|9|10|11|12|13|14|15|16|17|18|19|20|21|22|23|24,24,7150|7169|7188|7207|7226|7245|7264|7288|7312|7336|7360|7384|7408|7432|7456|7480|7504|7528|7551|7570|7589|7608|7627|7646,PH,day_hydro_upper_then_lower
20260811_155000_stage_B_2C_30day_full_final,stage_B,B-2C,daily_hydro_water,INEQ-WATER-D014-HYDRO03-LOWER,14,3,lower,110,31090,33732,24,1|2|3|4|5|6|7|8|9|10|11|12|13|14|15|16|17|18|19|20|21|22|23|24,24,7150|7169|7188|7207|7226|7245|7264|7288|7312|7336|7360|7384|7408|7432|7456|7480|7504|7528|7551|7570|7589|7608|7627|7646,PH,day_hydro_upper_then_lower
20260811_155000_stage_B_2C_30day_full_final,stage_B,B-2C,daily_hydro_water,INEQ-WATER-D014-HYDRO04-UPPER,14,4,upper,111,31091,33733,24,1|2|3|4|5|6|7|8|9|10|11|12|13|14|15|16|17|18|19|20|21|22|23|24,24,7151|7170|7189|7208|7227|7246|7265|7289|7313|7337|7361|7385|7409|7433|7457|7481|7505|7529|7552|7571|7590|7609|7628|7647,PH,day_hydro_upper_then_lower
20260811_155000_stage_B_2C_30day_full_final,stage_B,B-2C,daily_hydro_water,INEQ-WATER-D014-HYDRO04-LOWER,14,4,lower,112,31092,33734,24,1|2|3|4|5|6|7|8|9|10|11|12|13|14|15|16|17|18|19|20|21|22|23|24,24,7151|7170|7189|7208|7227|7246|7265|7289|7313|7337|7361|7385|7409|7433|7457|7481|7505|7529|7552|7571|7590|7609|7628|7647,PH,day_hydro_upper_then_lower
20260811_155000_stage_B_2C_30day_full_final,stage_B,B-2C,daily_hydro_water,INEQ-WATER-D015-HYDRO01-UPPER,15,1,upper,113,31093,33735,24,1|2|3|4|5|6|7|8|9|10|11|12|13|14|15|16|17|18|19|20|21|22|23|24,24,7663|7682|7701|7720|7739|7758|7777|7801|7825|7849|7873|7897|7921|7945|7969|7993|8017|8041|8065|8084|8103|8122|8141|8160,PH,day_hydro_upper_then_lower
20260811_155000_stage_B_2C_30day_full_final,stage_B,B-2C,daily_hydro_water,INEQ-WATER-D015-HYDRO01-LOWER,15,1,lower,114,31094,33736,24,1|2|3|4|5|6|7|8|9|10|11|12|13|14|15|16|17|18|19|20|21|22|23|24,24,7663|7682|7701|7720|7739|7758|7777|7801|7825|7849|7873|7897|7921|7945|7969|7993|8017|8041|8065|8084|8103|8122|8141|8160,PH,day_hydro_upper_then_lower
20260811_155000_stage_B_2C_30day_full_final,stage_B,B-2C,daily_hydro_water,INEQ-WATER-D015-HYDRO02-UPPER,15,2,upper,115,31095,33737,24,1|2|3|4|5|6|7|8|9|10|11|12|13|14|15|16|17|18|19|20|21|22|23|24,24,7664|7683|7702|7721|7740|7759|7778|7802|7826|7850|7874|7898|7922|7946|7970|7994|8018|8042|8066|8085|8104|8123|8142|8161,PH,day_hydro_upper_then_lower
20260811_155000_stage_B_2C_30day_full_final,stage_B,B-2C,daily_hydro_water,INEQ-WATER-D015-HYDRO02-LOWER,15,2,lower,116,31096,33738,24,1|2|3|4|5|6|7|8|9|10|11|12|13|14|15|16|17|18|19|20|21|22|23|24,24,7664|7683|7702|7721|7740|7759|7778|7802|7826|7850|7874|7898|7922|7946|7970|7994|8018|8042|8066|8085|8104|8123|8142|8161,PH,day_hydro_upper_then_lower
20260811_155000_stage_B_2C_30day_full_final,stage_B,B-2C,daily_hydro_water,INEQ-WATER-D015-HYDRO03-UPPER,15,3,upper,117,31097,33739,24,1|2|3|4|5|6|7|8|9|10|11|12|13|14|15|16|17|18|19|20|21|22|23|24,24,7665|7684|7703|7722|7741|7760|7779|7803|7827|7851|7875|7899|7923|7947|7971|7995|8019|8043|8067|8086|8105|8124|8143|8162,PH,day_hydro_upper_then_lower
20260811_155000_stage_B_2C_30day_full_final,stage_B,B-2C,daily_hydro_water,INEQ-WATER-D015-HYDRO03-LOWER,15,3,lower,118,31098,33740,24,1|2|3|4|5|6|7|8|9|10|11|12|13|14|15|16|17|18|19|20|21|22|23|24,24,7665|7684|7703|7722|7741|7760|7779|7803|7827|7851|7875|7899|7923|7947|7971|7995|8019|8043|8067|8086|8105|8124|8143|8162,PH,day_hydro_upper_then_lower
20260811_155000_stage_B_2C_30day_full_final,stage_B,B-2C,daily_hydro_water,INEQ-WATER-D015-HYDRO04-UPPER,15,4,upper,119,31099,33741,24,1|2|3|4|5|6|7|8|9|10|11|12|13|14|15|16|17|18|19|20|21|22|23|24,24,7666|7685|7704|7723|7742|7761|7780|7804|7828|7852|7876|7900|7924|7948|7972|7996|8020|8044|8068|8087|8106|8125|8144|8163,PH,day_hydro_upper_then_lower
20260811_155000_stage_B_2C_30day_full_final,stage_B,B-2C,daily_hydro_water,INEQ-WATER-D015-HYDRO04-LOWER,15,4,lower,120,31100,33742,24,1|2|3|4|5|6|7|8|9|10|11|12|13|14|15|16|17|18|19|20|21|22|23|24,24,7666|7685|7704|7723|7742|7761|7780|7804|7828|7852|7876|7900|7924|7948|7972|7996|8020|8044|8068|8087|8106|8125|8144|8163,PH,day_hydro_upper_then_lower
20260811_155000_stage_B_2C_30day_full_final,stage_B,B-2C,daily_hydro_water,INEQ-WATER-D016-HYDRO01-UPPER,16,1,upper,121,31101,33743,24,1|2|3|4|5|6|7|8|9|10|11|12|13|14|15|16|17|18|19|20|21|22|23|24,24,8179|8198|8217|8236|8254|8273|8292|8316|8340|8364|8388|8412|8436|8460|8484|8508|8532|8556|8580|8599|8618|8637|8656|8675,PH,day_hydro_upper_then_lower
20260811_155000_stage_B_2C_30day_full_final,stage_B,B-2C,daily_hydro_water,INEQ-WATER-D016-HYDRO01-LOWER,16,1,lower,122,31102,33744,24,1|2|3|4|5|6|7|8|9|10|11|12|13|14|15|16|17|18|19|20|21|22|23|24,24,8179|8198|8217|8236|8254|8273|8292|8316|8340|8364|8388|8412|8436|8460|8484|8508|8532|8556|8580|8599|8618|8637|8656|8675,PH,day_hydro_upper_then_lower
20260811_155000_stage_B_2C_30day_full_final,stage_B,B-2C,daily_hydro_water,INEQ-WATER-D016-HYDRO02-UPPER,16,2,upper,123,31103,33745,24,1|2|3|4|5|6|7|8|9|10|11|12|13|14|15|16|17|18|19|20|21|22|23|24,24,8180|8199|8218|8237|8255|8274|8293|8317|8341|8365|8389|8413|8437|8461|8485|8509|8533|8557|8581|8600|8619|8638|8657|8676,PH,day_hydro_upper_then_lower
20260811_155000_stage_B_2C_30day_full_final,stage_B,B-2C,daily_hydro_water,INEQ-WATER-D016-HYDRO02-LOWER,16,2,lower,124,31104,33746,24,1|2|3|4|5|6|7|8|9|10|11|12|13|14|15|16|17|18|19|20|21|22|23|24,24,8180|8199|8218|8237|8255|8274|8293|8317|8341|8365|8389|8413|8437|8461|8485|8509|8533|8557|8581|8600|8619|8638|8657|8676,PH,day_hydro_upper_then_lower
20260811_155000_stage_B_2C_30day_full_final,stage_B,B-2C,daily_hydro_water,INEQ-WATER-D016-HYDRO03-UPPER,16,3,upper,125,31105,33747,24,1|2|3|4|5|6|7|8|9|10|11|12|13|14|15|16|17|18|19|20|21|22|23|24,24,8181|8200|8219|8238|8256|8275|8294|8318|8342|8366|8390|8414|8438|8462|8486|8510|8534|8558|8582|8601|8620|8639|8658|8677,PH,day_hydro_upper_then_lower
20260811_155000_stage_B_2C_30day_full_final,stage_B,B-2C,daily_hydro_water,INEQ-WATER-D016-HYDRO03-LOWER,16,3,lower,126,31106,33748,24,1|2|3|4|5|6|7|8|9|10|11|12|13|14|15|16|17|18|19|20|21|22|23|24,24,8181|8200|8219|8238|8256|8275|8294|8318|8342|8366|8390|8414|8438|8462|8486|8510|8534|8558|8582|8601|8620|8639|8658|8677,PH,day_hydro_upper_then_lower
20260811_155000_stage_B_2C_30day_full_final,stage_B,B-2C,daily_hydro_water,INEQ-WATER-D016-HYDRO04-UPPER,16,4,upper,127,31107,33749,24,1|2|3|4|5|6|7|8|9|10|11|12|13|14|15|16|17|18|19|20|21|22|23|24,24,8182|8201|8220|8239|8257|8276|8295|8319|8343|8367|8391|8415|8439|8463|8487|8511|8535|8559|8583|8602|8621|8640|8659|8678,PH,day_hydro_upper_then_lower
20260811_155000_stage_B_2C_30day_full_final,stage_B,B-2C,daily_hydro_water,INEQ-WATER-D016-HYDRO04-LOWER,16,4,lower,128,31108,33750,24,1|2|3|4|5|6|7|8|9|10|11|12|13|14|15|16|17|18|19|20|21|22|23|24,24,8182|8201|8220|8239|8257|8276|8295|8319|8343|8367|8391|8415|8439|8463|8487|8511|8535|8559|8583|8602|8621|8640|8659|8678,PH,day_hydro_upper_then_lower
20260811_155000_stage_B_2C_30day_full_final,stage_B,B-2C,daily_hydro_water,INEQ-WATER-D017-HYDRO01-UPPER,17,1,upper,129,31109,33751,24,1|2|3|4|5|6|7|8|9|10|11|12|13|14|15|16|17|18|19|20|21|22|23|24,24,8694|8713|8732|8751|8770|8789|8808|8832|8856|8880|8904|8928|8952|8976|9000|9024|9048|9072|9096|9115|9134|9153|9172|9191,PH,day_hydro_upper_then_lower
20260811_155000_stage_B_2C_30day_full_final,stage_B,B-2C,daily_hydro_water,INEQ-WATER-D017-HYDRO01-LOWER,17,1,lower,130,31110,33752,24,1|2|3|4|5|6|7|8|9|10|11|12|13|14|15|16|17|18|19|20|21|22|23|24,24,8694|8713|8732|8751|8770|8789|8808|8832|8856|8880|8904|8928|8952|8976|9000|9024|9048|9072|9096|9115|9134|9153|9172|9191,PH,day_hydro_upper_then_lower
20260811_155000_stage_B_2C_30day_full_final,stage_B,B-2C,daily_hydro_water,INEQ-WATER-D017-HYDRO02-UPPER,17,2,upper,131,31111,33753,24,1|2|3|4|5|6|7|8|9|10|11|12|13|14|15|16|17|18|19|20|21|22|23|24,24,8695|8714|8733|8752|8771|8790|8809|8833|8857|8881|8905|8929|8953|8977|9001|9025|9049|9073|9097|9116|9135|9154|9173|9192,PH,day_hydro_upper_then_lower
20260811_155000_stage_B_2C_30day_full_final,stage_B,B-2C,daily_hydro_water,INEQ-WATER-D017-HYDRO02-LOWER,17,2,lower,132,31112,33754,24,1|2|3|4|5|6|7|8|9|10|11|12|13|14|15|16|17|18|19|20|21|22|23|24,24,8695|8714|8733|8752|8771|8790|8809|8833|8857|8881|8905|8929|8953|8977|9001|9025|9049|9073|9097|9116|9135|9154|9173|9192,PH,day_hydro_upper_then_lower
20260811_155000_stage_B_2C_30day_full_final,stage_B,B-2C,daily_hydro_water,INEQ-WATER-D017-HYDRO03-UPPER,17,3,upper,133,31113,33755,24,1|2|3|4|5|6|7|8|9|10|11|12|13|14|15|16|17|18|19|20|21|22|23|24,24,8696|8715|8734|8753|8772|8791|8810|8834|8858|8882|8906|8930|8954|8978|9002|9026|9050|9074|9098|9117|9136|9155|9174|9193,PH,day_hydro_upper_then_lower
20260811_155000_stage_B_2C_30day_full_final,stage_B,B-2C,daily_hydro_water,INEQ-WATER-D017-HYDRO03-LOWER,17,3,lower,134,31114,33756,24,1|2|3|4|5|6|7|8|9|10|11|12|13|14|15|16|17|18|19|20|21|22|23|24,24,8696|8715|8734|8753|8772|8791|8810|8834|8858|8882|8906|8930|8954|8978|9002|9026|9050|9074|9098|9117|9136|9155|9174|9193,PH,day_hydro_upper_then_lower
20260811_155000_stage_B_2C_30day_full_final,stage_B,B-2C,daily_hydro_water,INEQ-WATER-D017-HYDRO04-UPPER,17,4,upper,135,31115,33757,24,1|2|3|4|5|6|7|8|9|10|11|12|13|14|15|16|17|18|19|20|21|22|23|24,24,8697|8716|8735|8754|8773|8792|8811|8835|8859|8883|8907|8931|8955|8979|9003|9027|9051|9075|9099|9118|9137|9156|9175|9194,PH,day_hydro_upper_then_lower
20260811_155000_stage_B_2C_30day_full_final,stage_B,B-2C,daily_hydro_water,INEQ-WATER-D017-HYDRO04-LOWER,17,4,lower,136,31116,33758,24,1|2|3|4|5|6|7|8|9|10|11|12|13|14|15|16|17|18|19|20|21|22|23|24,24,8697|8716|8735|8754|8773|8792|8811|8835|8859|8883|8907|8931|8955|8979|9003|9027|9051|9075|9099|9118|9137|9156|9175|9194,PH,day_hydro_upper_then_lower
20260811_155000_stage_B_2C_30day_full_final,stage_B,B-2C,daily_hydro_water,INEQ-WATER-D018-HYDRO01-UPPER,18,1,upper,137,31117,33759,24,1|2|3|4|5|6|7|8|9|10|11|12|13|14|15|16|17|18|19|20|21|22|23|24,24,9210|9229|9248|9267|9286|9305|9324|9348|9372|9396|9420|9444|9468|9492|9516|9540|9564|9588|9612|9631|9650|9669|9688|9707,PH,day_hydro_upper_then_lower
20260811_155000_stage_B_2C_30day_full_final,stage_B,B-2C,daily_hydro_water,INEQ-WATER-D018-HYDRO01-LOWER,18,1,lower,138,31118,33760,24,1|2|3|4|5|6|7|8|9|10|11|12|13|14|15|16|17|18|19|20|21|22|23|24,24,9210|9229|9248|9267|9286|9305|9324|9348|9372|9396|9420|9444|9468|9492|9516|9540|9564|9588|9612|9631|9650|9669|9688|9707,PH,day_hydro_upper_then_lower
20260811_155000_stage_B_2C_30day_full_final,stage_B,B-2C,daily_hydro_water,INEQ-WATER-D018-HYDRO02-UPPER,18,2,upper,139,31119,33761,24,1|2|3|4|5|6|7|8|9|10|11|12|13|14|15|16|17|18|19|20|21|22|23|24,24,9211|9230|9249|9268|9287|9306|9325|9349|9373|9397|9421|9445|9469|9493|9517|9541|9565|9589|9613|9632|9651|9670|9689|9708,PH,day_hydro_upper_then_lower
20260811_155000_stage_B_2C_30day_full_final,stage_B,B-2C,daily_hydro_water,INEQ-WATER-D018-HYDRO02-LOWER,18,2,lower,140,31120,33762,24,1|2|3|4|5|6|7|8|9|10|11|12|13|14|15|16|17|18|19|20|21|22|23|24,24,9211|9230|9249|9268|9287|9306|9325|9349|9373|9397|9421|9445|9469|9493|9517|9541|9565|9589|9613|9632|9651|9670|9689|9708,PH,day_hydro_upper_then_lower
20260811_155000_stage_B_2C_30day_full_final,stage_B,B-2C,daily_hydro_water,INEQ-WATER-D018-HYDRO03-UPPER,18,3,upper,141,31121,33763,24,1|2|3|4|5|6|7|8|9|10|11|12|13|14|15|16|17|18|19|20|21|22|23|24,24,9212|9231|9250|9269|9288|9307|9326|9350|9374|9398|9422|9446|9470|9494|9518|9542|9566|9590|9614|9633|9652|9671|9690|9709,PH,day_hydro_upper_then_lower
20260811_155000_stage_B_2C_30day_full_final,stage_B,B-2C,daily_hydro_water,INEQ-WATER-D018-HYDRO03-LOWER,18,3,lower,142,31122,33764,24,1|2|3|4|5|6|7|8|9|10|11|12|13|14|15|16|17|18|19|20|21|22|23|24,24,9212|9231|9250|9269|9288|9307|9326|9350|9374|9398|9422|9446|9470|9494|9518|9542|9566|9590|9614|9633|9652|9671|9690|9709,PH,day_hydro_upper_then_lower
20260811_155000_stage_B_2C_30day_full_final,stage_B,B-2C,daily_hydro_water,INEQ-WATER-D018-HYDRO04-UPPER,18,4,upper,143,31123,33765,24,1|2|3|4|5|6|7|8|9|10|11|12|13|14|15|16|17|18|19|20|21|22|23|24,24,9213|9232|9251|9270|9289|9308|9327|9351|9375|9399|9423|9447|9471|9495|9519|9543|9567|9591|9615|9634|9653|9672|9691|9710,PH,day_hydro_upper_then_lower
20260811_155000_stage_B_2C_30day_full_final,stage_B,B-2C,daily_hydro_water,INEQ-WATER-D018-HYDRO04-LOWER,18,4,lower,144,31124,33766,24,1|2|3|4|5|6|7|8|9|10|11|12|13|14|15|16|17|18|19|20|21|22|23|24,24,9213|9232|9251|9270|9289|9308|9327|9351|9375|9399|9423|9447|9471|9495|9519|9543|9567|9591|9615|9634|9653|9672|9691|9710,PH,day_hydro_upper_then_lower
20260811_155000_stage_B_2C_30day_full_final,stage_B,B-2C,daily_hydro_water,INEQ-WATER-D019-HYDRO01-UPPER,19,1,upper,145,31125,33767,24,1|2|3|4|5|6|7|8|9|10|11|12|13|14|15|16|17|18|19|20|21|22|23|24,24,9726|9745|9764|9783|9802|9821|9840|9864|9888|9912|9936|9960|9984|10008|10032|10056|10080|10104|10128|10147|10166|10185|10204|10223,PH,day_hydro_upper_then_lower
20260811_155000_stage_B_2C_30day_full_final,stage_B,B-2C,daily_hydro_water,INEQ-WATER-D019-HYDRO01-LOWER,19,1,lower,146,31126,33768,24,1|2|3|4|5|6|7|8|9|10|11|12|13|14|15|16|17|18|19|20|21|22|23|24,24,9726|9745|9764|9783|9802|9821|9840|9864|9888|9912|9936|9960|9984|10008|10032|10056|10080|10104|10128|10147|10166|10185|10204|10223,PH,day_hydro_upper_then_lower
20260811_155000_stage_B_2C_30day_full_final,stage_B,B-2C,daily_hydro_water,INEQ-WATER-D019-HYDRO02-UPPER,19,2,upper,147,31127,33769,24,1|2|3|4|5|6|7|8|9|10|11|12|13|14|15|16|17|18|19|20|21|22|23|24,24,9727|9746|9765|9784|9803|9822|9841|9865|9889|9913|9937|9961|9985|10009|10033|10057|10081|10105|10129|10148|10167|10186|10205|10224,PH,day_hydro_upper_then_lower
20260811_155000_stage_B_2C_30day_full_final,stage_B,B-2C,daily_hydro_water,INEQ-WATER-D019-HYDRO02-LOWER,19,2,lower,148,31128,33770,24,1|2|3|4|5|6|7|8|9|10|11|12|13|14|15|16|17|18|19|20|21|22|23|24,24,9727|9746|9765|9784|9803|9822|9841|9865|9889|9913|9937|9961|9985|10009|10033|10057|10081|10105|10129|10148|10167|10186|10205|10224,PH,day_hydro_upper_then_lower
20260811_155000_stage_B_2C_30day_full_final,stage_B,B-2C,daily_hydro_water,INEQ-WATER-D019-HYDRO03-UPPER,19,3,upper,149,31129,33771,24,1|2|3|4|5|6|7|8|9|10|11|12|13|14|15|16|17|18|19|20|21|22|23|24,24,9728|9747|9766|9785|9804|9823|9842|9866|9890|9914|9938|9962|9986|10010|10034|10058|10082|10106|10130|10149|10168|10187|10206|10225,PH,day_hydro_upper_then_lower
20260811_155000_stage_B_2C_30day_full_final,stage_B,B-2C,daily_hydro_water,INEQ-WATER-D019-HYDRO03-LOWER,19,3,lower,150,31130,33772,24,1|2|3|4|5|6|7|8|9|10|11|12|13|14|15|16|17|18|19|20|21|22|23|24,24,9728|9747|9766|9785|9804|9823|9842|9866|9890|9914|9938|9962|9986|10010|10034|10058|10082|10106|10130|10149|10168|10187|10206|10225,PH,day_hydro_upper_then_lower
20260811_155000_stage_B_2C_30day_full_final,stage_B,B-2C,daily_hydro_water,INEQ-WATER-D019-HYDRO04-UPPER,19,4,upper,151,31131,33773,24,1|2|3|4|5|6|7|8|9|10|11|12|13|14|15|16|17|18|19|20|21|22|23|24,24,9729|9748|9767|9786|9805|9824|9843|9867|9891|9915|9939|9963|9987|10011|10035|10059|10083|10107|10131|10150|10169|10188|10207|10226,PH,day_hydro_upper_then_lower
20260811_155000_stage_B_2C_30day_full_final,stage_B,B-2C,daily_hydro_water,INEQ-WATER-D019-HYDRO04-LOWER,19,4,lower,152,31132,33774,24,1|2|3|4|5|6|7|8|9|10|11|12|13|14|15|16|17|18|19|20|21|22|23|24,24,9729|9748|9767|9786|9805|9824|9843|9867|9891|9915|9939|9963|9987|10011|10035|10059|10083|10107|10131|10150|10169|10188|10207|10226,PH,day_hydro_upper_then_lower
20260811_155000_stage_B_2C_30day_full_final,stage_B,B-2C,daily_hydro_water,INEQ-WATER-D020-HYDRO01-UPPER,20,1,upper,153,31133,33775,24,1|2|3|4|5|6|7|8|9|10|11|12|13|14|15|16|17|18|19|20|21|22|23|24,24,10242|10261|10280|10299|10318|10337|10356|10380|10404|10428|10452|10476|10500|10524|10548|10572|10596|10620|10644|10663|10682|10701|10720|10739,PH,day_hydro_upper_then_lower
20260811_155000_stage_B_2C_30day_full_final,stage_B,B-2C,daily_hydro_water,INEQ-WATER-D020-HYDRO01-LOWER,20,1,lower,154,31134,33776,24,1|2|3|4|5|6|7|8|9|10|11|12|13|14|15|16|17|18|19|20|21|22|23|24,24,10242|10261|10280|10299|10318|10337|10356|10380|10404|10428|10452|10476|10500|10524|10548|10572|10596|10620|10644|10663|10682|10701|10720|10739,PH,day_hydro_upper_then_lower
20260811_155000_stage_B_2C_30day_full_final,stage_B,B-2C,daily_hydro_water,INEQ-WATER-D020-HYDRO02-UPPER,20,2,upper,155,31135,33777,24,1|2|3|4|5|6|7|8|9|10|11|12|13|14|15|16|17|18|19|20|21|22|23|24,24,10243|10262|10281|10300|10319|10338|10357|10381|10405|10429|10453|10477|10501|10525|10549|10573|10597|10621|10645|10664|10683|10702|10721|10740,PH,day_hydro_upper_then_lower
20260811_155000_stage_B_2C_30day_full_final,stage_B,B-2C,daily_hydro_water,INEQ-WATER-D020-HYDRO02-LOWER,20,2,lower,156,31136,33778,24,1|2|3|4|5|6|7|8|9|10|11|12|13|14|15|16|17|18|19|20|21|22|23|24,24,10243|10262|10281|10300|10319|10338|10357|10381|10405|10429|10453|10477|10501|10525|10549|10573|10597|10621|10645|10664|10683|10702|10721|10740,PH,day_hydro_upper_then_lower
20260811_155000_stage_B_2C_30day_full_final,stage_B,B-2C,daily_hydro_water,INEQ-WATER-D020-HYDRO03-UPPER,20,3,upper,157,31137,33779,24,1|2|3|4|5|6|7|8|9|10|11|12|13|14|15|16|17|18|19|20|21|22|23|24,24,10244|10263|10282|10301|10320|10339|10358|10382|10406|10430|10454|10478|10502|10526|10550|10574|10598|10622|10646|10665|10684|10703|10722|10741,PH,day_hydro_upper_then_lower
20260811_155000_stage_B_2C_30day_full_final,stage_B,B-2C,daily_hydro_water,INEQ-WATER-D020-HYDRO03-LOWER,20,3,lower,158,31138,33780,24,1|2|3|4|5|6|7|8|9|10|11|12|13|14|15|16|17|18|19|20|21|22|23|24,24,10244|10263|10282|10301|10320|10339|10358|10382|10406|10430|10454|10478|10502|10526|10550|10574|10598|10622|10646|10665|10684|10703|10722|10741,PH,day_hydro_upper_then_lower
20260811_155000_stage_B_2C_30day_full_final,stage_B,B-2C,daily_hydro_water,INEQ-WATER-D020-HYDRO04-UPPER,20,4,upper,159,31139,33781,24,1|2|3|4|5|6|7|8|9|10|11|12|13|14|15|16|17|18|19|20|21|22|23|24,24,10245|10264|10283|10302|10321|10340|10359|10383|10407|10431|10455|10479|10503|10527|10551|10575|10599|10623|10647|10666|10685|10704|10723|10742,PH,day_hydro_upper_then_lower
20260811_155000_stage_B_2C_30day_full_final,stage_B,B-2C,daily_hydro_water,INEQ-WATER-D020-HYDRO04-LOWER,20,4,lower,160,31140,33782,24,1|2|3|4|5|6|7|8|9|10|11|12|13|14|15|16|17|18|19|20|21|22|23|24,24,10245|10264|10283|10302|10321|10340|10359|10383|10407|10431|10455|10479|10503|10527|10551|10575|10599|10623|10647|10666|10685|10704|10723|10742,PH,day_hydro_upper_then_lower
20260811_155000_stage_B_2C_30day_full_final,stage_B,B-2C,daily_hydro_water,INEQ-WATER-D021-HYDRO01-UPPER,21,1,upper,161,31141,33783,24,1|2|3|4|5|6|7|8|9|10|11|12|13|14|15|16|17|18|19|20|21|22|23|24,24,10758|10777|10796|10815|10834|10853|10872|10896|10920|10944|10968|10992|11016|11040|11064|11088|11112|11136|11160|11179|11198|11217|11235|11254,PH,day_hydro_upper_then_lower
20260811_155000_stage_B_2C_30day_full_final,stage_B,B-2C,daily_hydro_water,INEQ-WATER-D021-HYDRO01-LOWER,21,1,lower,162,31142,33784,24,1|2|3|4|5|6|7|8|9|10|11|12|13|14|15|16|17|18|19|20|21|22|23|24,24,10758|10777|10796|10815|10834|10853|10872|10896|10920|10944|10968|10992|11016|11040|11064|11088|11112|11136|11160|11179|11198|11217|11235|11254,PH,day_hydro_upper_then_lower
20260811_155000_stage_B_2C_30day_full_final,stage_B,B-2C,daily_hydro_water,INEQ-WATER-D021-HYDRO02-UPPER,21,2,upper,163,31143,33785,24,1|2|3|4|5|6|7|8|9|10|11|12|13|14|15|16|17|18|19|20|21|22|23|24,24,10759|10778|10797|10816|10835|10854|10873|10897|10921|10945|10969|10993|11017|11041|11065|11089|11113|11137|11161|11180|11199|11218|11236|11255,PH,day_hydro_upper_then_lower
20260811_155000_stage_B_2C_30day_full_final,stage_B,B-2C,daily_hydro_water,INEQ-WATER-D021-HYDRO02-LOWER,21,2,lower,164,31144,33786,24,1|2|3|4|5|6|7|8|9|10|11|12|13|14|15|16|17|18|19|20|21|22|23|24,24,10759|10778|10797|10816|10835|10854|10873|10897|10921|10945|10969|10993|11017|11041|11065|11089|11113|11137|11161|11180|11199|11218|11236|11255,PH,day_hydro_upper_then_lower
20260811_155000_stage_B_2C_30day_full_final,stage_B,B-2C,daily_hydro_water,INEQ-WATER-D021-HYDRO03-UPPER,21,3,upper,165,31145,33787,24,1|2|3|4|5|6|7|8|9|10|11|12|13|14|15|16|17|18|19|20|21|22|23|24,24,10760|10779|10798|10817|10836|10855|10874|10898|10922|10946|10970|10994|11018|11042|11066|11090|11114|11138|11162|11181|11200|11219|11237|11256,PH,day_hydro_upper_then_lower
20260811_155000_stage_B_2C_30day_full_final,stage_B,B-2C,daily_hydro_water,INEQ-WATER-D021-HYDRO03-LOWER,21,3,lower,166,31146,33788,24,1|2|3|4|5|6|7|8|9|10|11|12|13|14|15|16|17|18|19|20|21|22|23|24,24,10760|10779|10798|10817|10836|10855|10874|10898|10922|10946|10970|10994|11018|11042|11066|11090|11114|11138|11162|11181|11200|11219|11237|11256,PH,day_hydro_upper_then_lower
20260811_155000_stage_B_2C_30day_full_final,stage_B,B-2C,daily_hydro_water,INEQ-WATER-D021-HYDRO04-UPPER,21,4,upper,167,31147,33789,24,1|2|3|4|5|6|7|8|9|10|11|12|13|14|15|16|17|18|19|20|21|22|23|24,24,10761|10780|10799|10818|10837|10856|10875|10899|10923|10947|10971|10995|11019|11043|11067|11091|11115|11139|11163|11182|11201|11220|11238|11257,PH,day_hydro_upper_then_lower
20260811_155000_stage_B_2C_30day_full_final,stage_B,B-2C,daily_hydro_water,INEQ-WATER-D021-HYDRO04-LOWER,21,4,lower,168,31148,33790,24,1|2|3|4|5|6|7|8|9|10|11|12|13|14|15|16|17|18|19|20|21|22|23|24,24,10761|10780|10799|10818|10837|10856|10875|10899|10923|10947|10971|10995|11019|11043|11067|11091|11115|11139|11163|11182|11201|11220|11238|11257,PH,day_hydro_upper_then_lower
20260811_155000_stage_B_2C_30day_full_final,stage_B,B-2C,daily_hydro_water,INEQ-WATER-D022-HYDRO01-UPPER,22,1,upper,169,31149,33791,24,1|2|3|4|5|6|7|8|9|10|11|12|13|14|15|16|17|18|19|20|21|22|23|24,24,11273|11292|11311|11330|11349|11368|11387|11411|11435|11459|11483|11507|11531|11555|11579|11603|11627|11651|11675|11694|11713|11732|11751|11770,PH,day_hydro_upper_then_lower
20260811_155000_stage_B_2C_30day_full_final,stage_B,B-2C,daily_hydro_water,INEQ-WATER-D022-HYDRO01-LOWER,22,1,lower,170,31150,33792,24,1|2|3|4|5|6|7|8|9|10|11|12|13|14|15|16|17|18|19|20|21|22|23|24,24,11273|11292|11311|11330|11349|11368|11387|11411|11435|11459|11483|11507|11531|11555|11579|11603|11627|11651|11675|11694|11713|11732|11751|11770,PH,day_hydro_upper_then_lower
20260811_155000_stage_B_2C_30day_full_final,stage_B,B-2C,daily_hydro_water,INEQ-WATER-D022-HYDRO02-UPPER,22,2,upper,171,31151,33793,24,1|2|3|4|5|6|7|8|9|10|11|12|13|14|15|16|17|18|19|20|21|22|23|24,24,11274|11293|11312|11331|11350|11369|11388|11412|11436|11460|11484|11508|11532|11556|11580|11604|11628|11652|11676|11695|11714|11733|11752|11771,PH,day_hydro_upper_then_lower
20260811_155000_stage_B_2C_30day_full_final,stage_B,B-2C,daily_hydro_water,INEQ-WATER-D022-HYDRO02-LOWER,22,2,lower,172,31152,33794,24,1|2|3|4|5|6|7|8|9|10|11|12|13|14|15|16|17|18|19|20|21|22|23|24,24,11274|11293|11312|11331|11350|11369|11388|11412|11436|11460|11484|11508|11532|11556|11580|11604|11628|11652|11676|11695|11714|11733|11752|11771,PH,day_hydro_upper_then_lower
20260811_155000_stage_B_2C_30day_full_final,stage_B,B-2C,daily_hydro_water,INEQ-WATER-D022-HYDRO03-UPPER,22,3,upper,173,31153,33795,24,1|2|3|4|5|6|7|8|9|10|11|12|13|14|15|16|17|18|19|20|21|22|23|24,24,11275|11294|11313|11332|11351|11370|11389|11413|11437|11461|11485|11509|11533|11557|11581|11605|11629|11653|11677|11696|11715|11734|11753|11772,PH,day_hydro_upper_then_lower
20260811_155000_stage_B_2C_30day_full_final,stage_B,B-2C,daily_hydro_water,INEQ-WATER-D022-HYDRO03-LOWER,22,3,lower,174,31154,33796,24,1|2|3|4|5|6|7|8|9|10|11|12|13|14|15|16|17|18|19|20|21|22|23|24,24,11275|11294|11313|11332|11351|11370|11389|11413|11437|11461|11485|11509|11533|11557|11581|11605|11629|11653|11677|11696|11715|11734|11753|11772,PH,day_hydro_upper_then_lower
20260811_155000_stage_B_2C_30day_full_final,stage_B,B-2C,daily_hydro_water,INEQ-WATER-D022-HYDRO04-UPPER,22,4,upper,175,31155,33797,24,1|2|3|4|5|6|7|8|9|10|11|12|13|14|15|16|17|18|19|20|21|22|23|24,24,11276|11295|11314|11333|11352|11371|11390|11414|11438|11462|11486|11510|11534|11558|11582|11606|11630|11654|11678|11697|11716|11735|11754|11773,PH,day_hydro_upper_then_lower
20260811_155000_stage_B_2C_30day_full_final,stage_B,B-2C,daily_hydro_water,INEQ-WATER-D022-HYDRO04-LOWER,22,4,lower,176,31156,33798,24,1|2|3|4|5|6|7|8|9|10|11|12|13|14|15|16|17|18|19|20|21|22|23|24,24,11276|11295|11314|11333|11352|11371|11390|11414|11438|11462|11486|11510|11534|11558|11582|11606|11630|11654|11678|11697|11716|11735|11754|11773,PH,day_hydro_upper_then_lower
20260811_155000_stage_B_2C_30day_full_final,stage_B,B-2C,daily_hydro_water,INEQ-WATER-D023-HYDRO01-UPPER,23,1,upper,177,31157,33799,24,1|2|3|4|5|6|7|8|9|10|11|12|13|14|15|16|17|18|19|20|21|22|23|24,24,11789|11808|11827|11846|11865|11884|11903|11927|11951|11975|11999|12023|12047|12071|12095|12119|12143|12167|12191|12210|12229|12248|12267|12286,PH,day_hydro_upper_then_lower
20260811_155000_stage_B_2C_30day_full_final,stage_B,B-2C,daily_hydro_water,INEQ-WATER-D023-HYDRO01-LOWER,23,1,lower,178,31158,33800,24,1|2|3|4|5|6|7|8|9|10|11|12|13|14|15|16|17|18|19|20|21|22|23|24,24,11789|11808|11827|11846|11865|11884|11903|11927|11951|11975|11999|12023|12047|12071|12095|12119|12143|12167|12191|12210|12229|12248|12267|12286,PH,day_hydro_upper_then_lower
20260811_155000_stage_B_2C_30day_full_final,stage_B,B-2C,daily_hydro_water,INEQ-WATER-D023-HYDRO02-UPPER,23,2,upper,179,31159,33801,24,1|2|3|4|5|6|7|8|9|10|11|12|13|14|15|16|17|18|19|20|21|22|23|24,24,11790|11809|11828|11847|11866|11885|11904|11928|11952|11976|12000|12024|12048|12072|12096|12120|12144|12168|12192|12211|12230|12249|12268|12287,PH,day_hydro_upper_then_lower
20260811_155000_stage_B_2C_30day_full_final,stage_B,B-2C,daily_hydro_water,INEQ-WATER-D023-HYDRO02-LOWER,23,2,lower,180,31160,33802,24,1|2|3|4|5|6|7|8|9|10|11|12|13|14|15|16|17|18|19|20|21|22|23|24,24,11790|11809|11828|11847|11866|11885|11904|11928|11952|11976|12000|12024|12048|12072|12096|12120|12144|12168|12192|12211|12230|12249|12268|12287,PH,day_hydro_upper_then_lower
20260811_155000_stage_B_2C_30day_full_final,stage_B,B-2C,daily_hydro_water,INEQ-WATER-D023-HYDRO03-UPPER,23,3,upper,181,31161,33803,24,1|2|3|4|5|6|7|8|9|10|11|12|13|14|15|16|17|18|19|20|21|22|23|24,24,11791|11810|11829|11848|11867|11886|11905|11929|11953|11977|12001|12025|12049|12073|12097|12121|12145|12169|12193|12212|12231|12250|12269|12288,PH,day_hydro_upper_then_lower
20260811_155000_stage_B_2C_30day_full_final,stage_B,B-2C,daily_hydro_water,INEQ-WATER-D023-HYDRO03-LOWER,23,3,lower,182,31162,33804,24,1|2|3|4|5|6|7|8|9|10|11|12|13|14|15|16|17|18|19|20|21|22|23|24,24,11791|11810|11829|11848|11867|11886|11905|11929|11953|11977|12001|12025|12049|12073|12097|12121|12145|12169|12193|12212|12231|12250|12269|12288,PH,day_hydro_upper_then_lower
20260811_155000_stage_B_2C_30day_full_final,stage_B,B-2C,daily_hydro_water,INEQ-WATER-D023-HYDRO04-UPPER,23,4,upper,183,31163,33805,24,1|2|3|4|5|6|7|8|9|10|11|12|13|14|15|16|17|18|19|20|21|22|23|24,24,11792|11811|11830|11849|11868|11887|11906|11930|11954|11978|12002|12026|12050|12074|12098|12122|12146|12170|12194|12213|12232|12251|12270|12289,PH,day_hydro_upper_then_lower
20260811_155000_stage_B_2C_30day_full_final,stage_B,B-2C,daily_hydro_water,INEQ-WATER-D023-HYDRO04-LOWER,23,4,lower,184,31164,33806,24,1|2|3|4|5|6|7|8|9|10|11|12|13|14|15|16|17|18|19|20|21|22|23|24,24,11792|11811|11830|11849|11868|11887|11906|11930|11954|11978|12002|12026|12050|12074|12098|12122|12146|12170|12194|12213|12232|12251|12270|12289,PH,day_hydro_upper_then_lower
20260811_155000_stage_B_2C_30day_full_final,stage_B,B-2C,daily_hydro_water,INEQ-WATER-D024-HYDRO01-UPPER,24,1,upper,185,31165,33807,24,1|2|3|4|5|6|7|8|9|10|11|12|13|14|15|16|17|18|19|20|21|22|23|24,24,12305|12324|12343|12362|12381|12400|12419|12443|12467|12491|12515|12539|12563|12587|12611|12635|12659|12683|12707|12726|12745|12764|12783|12802,PH,day_hydro_upper_then_lower
20260811_155000_stage_B_2C_30day_full_final,stage_B,B-2C,daily_hydro_water,INEQ-WATER-D024-HYDRO01-LOWER,24,1,lower,186,31166,33808,24,1|2|3|4|5|6|7|8|9|10|11|12|13|14|15|16|17|18|19|20|21|22|23|24,24,12305|12324|12343|12362|12381|12400|12419|12443|12467|12491|12515|12539|12563|12587|12611|12635|12659|12683|12707|12726|12745|12764|12783|12802,PH,day_hydro_upper_then_lower
20260811_155000_stage_B_2C_30day_full_final,stage_B,B-2C,daily_hydro_water,INEQ-WATER-D024-HYDRO02-UPPER,24,2,upper,187,31167,33809,24,1|2|3|4|5|6|7|8|9|10|11|12|13|14|15|16|17|18|19|20|21|22|23|24,24,12306|12325|12344|12363|12382|12401|12420|12444|12468|12492|12516|12540|12564|12588|12612|12636|12660|12684|12708|12727|12746|12765|12784|12803,PH,day_hydro_upper_then_lower
20260811_155000_stage_B_2C_30day_full_final,stage_B,B-2C,daily_hydro_water,INEQ-WATER-D024-HYDRO02-LOWER,24,2,lower,188,31168,33810,24,1|2|3|4|5|6|7|8|9|10|11|12|13|14|15|16|17|18|19|20|21|22|23|24,24,12306|12325|12344|12363|12382|12401|12420|12444|12468|12492|12516|12540|12564|12588|12612|12636|12660|12684|12708|12727|12746|12765|12784|12803,PH,day_hydro_upper_then_lower
20260811_155000_stage_B_2C_30day_full_final,stage_B,B-2C,daily_hydro_water,INEQ-WATER-D024-HYDRO03-UPPER,24,3,upper,189,31169,33811,24,1|2|3|4|5|6|7|8|9|10|11|12|13|14|15|16|17|18|19|20|21|22|23|24,24,12307|12326|12345|12364|12383|12402|12421|12445|12469|12493|12517|12541|12565|12589|12613|12637|12661|12685|12709|12728|12747|12766|12785|12804,PH,day_hydro_upper_then_lower
20260811_155000_stage_B_2C_30day_full_final,stage_B,B-2C,daily_hydro_water,INEQ-WATER-D024-HYDRO03-LOWER,24,3,lower,190,31170,33812,24,1|2|3|4|5|6|7|8|9|10|11|12|13|14|15|16|17|18|19|20|21|22|23|24,24,12307|12326|12345|12364|12383|12402|12421|12445|12469|12493|12517|12541|12565|12589|12613|12637|12661|12685|12709|12728|12747|12766|12785|12804,PH,day_hydro_upper_then_lower
20260811_155000_stage_B_2C_30day_full_final,stage_B,B-2C,daily_hydro_water,INEQ-WATER-D024-HYDRO04-UPPER,24,4,upper,191,31171,33813,24,1|2|3|4|5|6|7|8|9|10|11|12|13|14|15|16|17|18|19|20|21|22|23|24,24,12308|12327|12346|12365|12384|12403|12422|12446|12470|12494|12518|12542|12566|12590|12614|12638|12662|12686|12710|12729|12748|12767|12786|12805,PH,day_hydro_upper_then_lower
20260811_155000_stage_B_2C_30day_full_final,stage_B,B-2C,daily_hydro_water,INEQ-WATER-D024-HYDRO04-LOWER,24,4,lower,192,31172,33814,24,1|2|3|4|5|6|7|8|9|10|11|12|13|14|15|16|17|18|19|20|21|22|23|24,24,12308|12327|12346|12365|12384|12403|12422|12446|12470|12494|12518|12542|12566|12590|12614|12638|12662|12686|12710|12729|12748|12767|12786|12805,PH,day_hydro_upper_then_lower
20260811_155000_stage_B_2C_30day_full_final,stage_B,B-2C,daily_hydro_water,INEQ-WATER-D025-HYDRO01-UPPER,25,1,upper,193,31173,33815,24,1|2|3|4|5|6|7|8|9|10|11|12|13|14|15|16|17|18|19|20|21|22|23|24,24,12821|12840|12859|12878|12897|12916|12935|12959|12983|13007|13031|13055|13079|13103|13127|13151|13175|13199|13222|13241|13260|13279|13298|13317,PH,day_hydro_upper_then_lower
20260811_155000_stage_B_2C_30day_full_final,stage_B,B-2C,daily_hydro_water,INEQ-WATER-D025-HYDRO01-LOWER,25,1,lower,194,31174,33816,24,1|2|3|4|5|6|7|8|9|10|11|12|13|14|15|16|17|18|19|20|21|22|23|24,24,12821|12840|12859|12878|12897|12916|12935|12959|12983|13007|13031|13055|13079|13103|13127|13151|13175|13199|13222|13241|13260|13279|13298|13317,PH,day_hydro_upper_then_lower
20260811_155000_stage_B_2C_30day_full_final,stage_B,B-2C,daily_hydro_water,INEQ-WATER-D025-HYDRO02-UPPER,25,2,upper,195,31175,33817,24,1|2|3|4|5|6|7|8|9|10|11|12|13|14|15|16|17|18|19|20|21|22|23|24,24,12822|12841|12860|12879|12898|12917|12936|12960|12984|13008|13032|13056|13080|13104|13128|13152|13176|13200|13223|13242|13261|13280|13299|13318,PH,day_hydro_upper_then_lower
20260811_155000_stage_B_2C_30day_full_final,stage_B,B-2C,daily_hydro_water,INEQ-WATER-D025-HYDRO02-LOWER,25,2,lower,196,31176,33818,24,1|2|3|4|5|6|7|8|9|10|11|12|13|14|15|16|17|18|19|20|21|22|23|24,24,12822|12841|12860|12879|12898|12917|12936|12960|12984|13008|13032|13056|13080|13104|13128|13152|13176|13200|13223|13242|13261|13280|13299|13318,PH,day_hydro_upper_then_lower
20260811_155000_stage_B_2C_30day_full_final,stage_B,B-2C,daily_hydro_water,INEQ-WATER-D025-HYDRO03-UPPER,25,3,upper,197,31177,33819,24,1|2|3|4|5|6|7|8|9|10|11|12|13|14|15|16|17|18|19|20|21|22|23|24,24,12823|12842|12861|12880|12899|12918|12937|12961|12985|13009|13033|13057|13081|13105|13129|13153|13177|13201|13224|13243|13262|13281|13300|13319,PH,day_hydro_upper_then_lower
20260811_155000_stage_B_2C_30day_full_final,stage_B,B-2C,daily_hydro_water,INEQ-WATER-D025-HYDRO03-LOWER,25,3,lower,198,31178,33820,24,1|2|3|4|5|6|7|8|9|10|11|12|13|14|15|16|17|18|19|20|21|22|23|24,24,12823|12842|12861|12880|12899|12918|12937|12961|12985|13009|13033|13057|13081|13105|13129|13153|13177|13201|13224|13243|13262|13281|13300|13319,PH,day_hydro_upper_then_lower
20260811_155000_stage_B_2C_30day_full_final,stage_B,B-2C,daily_hydro_water,INEQ-WATER-D025-HYDRO04-UPPER,25,4,upper,199,31179,33821,24,1|2|3|4|5|6|7|8|9|10|11|12|13|14|15|16|17|18|19|20|21|22|23|24,24,12824|12843|12862|12881|12900|12919|12938|12962|12986|13010|13034|13058|13082|13106|13130|13154|13178|13202|13225|13244|13263|13282|13301|13320,PH,day_hydro_upper_then_lower
20260811_155000_stage_B_2C_30day_full_final,stage_B,B-2C,daily_hydro_water,INEQ-WATER-D025-HYDRO04-LOWER,25,4,lower,200,31180,33822,24,1|2|3|4|5|6|7|8|9|10|11|12|13|14|15|16|17|18|19|20|21|22|23|24,24,12824|12843|12862|12881|12900|12919|12938|12962|12986|13010|13034|13058|13082|13106|13130|13154|13178|13202|13225|13244|13263|13282|13301|13320,PH,day_hydro_upper_then_lower
20260811_155000_stage_B_2C_30day_full_final,stage_B,B-2C,daily_hydro_water,INEQ-WATER-D026-HYDRO01-UPPER,26,1,upper,201,31181,33823,24,1|2|3|4|5|6|7|8|9|10|11|12|13|14|15|16|17|18|19|20|21|22|23|24,24,13336|13355|13374|13393|13412|13431|13450|13474|13498|13522|13546|13570|13594|13618|13642|13666|13690|13714|13738|13757|13776|13795|13814|13833,PH,day_hydro_upper_then_lower
20260811_155000_stage_B_2C_30day_full_final,stage_B,B-2C,daily_hydro_water,INEQ-WATER-D026-HYDRO01-LOWER,26,1,lower,202,31182,33824,24,1|2|3|4|5|6|7|8|9|10|11|12|13|14|15|16|17|18|19|20|21|22|23|24,24,13336|13355|13374|13393|13412|13431|13450|13474|13498|13522|13546|13570|13594|13618|13642|13666|13690|13714|13738|13757|13776|13795|13814|13833,PH,day_hydro_upper_then_lower
20260811_155000_stage_B_2C_30day_full_final,stage_B,B-2C,daily_hydro_water,INEQ-WATER-D026-HYDRO02-UPPER,26,2,upper,203,31183,33825,24,1|2|3|4|5|6|7|8|9|10|11|12|13|14|15|16|17|18|19|20|21|22|23|24,24,13337|13356|13375|13394|13413|13432|13451|13475|13499|13523|13547|13571|13595|13619|13643|13667|13691|13715|13739|13758|13777|13796|13815|13834,PH,day_hydro_upper_then_lower
20260811_155000_stage_B_2C_30day_full_final,stage_B,B-2C,daily_hydro_water,INEQ-WATER-D026-HYDRO02-LOWER,26,2,lower,204,31184,33826,24,1|2|3|4|5|6|7|8|9|10|11|12|13|14|15|16|17|18|19|20|21|22|23|24,24,13337|13356|13375|13394|13413|13432|13451|13475|13499|13523|13547|13571|13595|13619|13643|13667|13691|13715|13739|13758|13777|13796|13815|13834,PH,day_hydro_upper_then_lower
20260811_155000_stage_B_2C_30day_full_final,stage_B,B-2C,daily_hydro_water,INEQ-WATER-D026-HYDRO03-UPPER,26,3,upper,205,31185,33827,24,1|2|3|4|5|6|7|8|9|10|11|12|13|14|15|16|17|18|19|20|21|22|23|24,24,13338|13357|13376|13395|13414|13433|13452|13476|13500|13524|13548|13572|13596|13620|13644|13668|13692|13716|13740|13759|13778|13797|13816|13835,PH,day_hydro_upper_then_lower
20260811_155000_stage_B_2C_30day_full_final,stage_B,B-2C,daily_hydro_water,INEQ-WATER-D026-HYDRO03-LOWER,26,3,lower,206,31186,33828,24,1|2|3|4|5|6|7|8|9|10|11|12|13|14|15|16|17|18|19|20|21|22|23|24,24,13338|13357|13376|13395|13414|13433|13452|13476|13500|13524|13548|13572|13596|13620|13644|13668|13692|13716|13740|13759|13778|13797|13816|13835,PH,day_hydro_upper_then_lower
20260811_155000_stage_B_2C_30day_full_final,stage_B,B-2C,daily_hydro_water,INEQ-WATER-D026-HYDRO04-UPPER,26,4,upper,207,31187,33829,24,1|2|3|4|5|6|7|8|9|10|11|12|13|14|15|16|17|18|19|20|21|22|23|24,24,13339|13358|13377|13396|13415|13434|13453|13477|13501|13525|13549|13573|13597|13621|13645|13669|13693|13717|13741|13760|13779|13798|13817|13836,PH,day_hydro_upper_then_lower
20260811_155000_stage_B_2C_30day_full_final,stage_B,B-2C,daily_hydro_water,INEQ-WATER-D026-HYDRO04-LOWER,26,4,lower,208,31188,33830,24,1|2|3|4|5|6|7|8|9|10|11|12|13|14|15|16|17|18|19|20|21|22|23|24,24,13339|13358|13377|13396|13415|13434|13453|13477|13501|13525|13549|13573|13597|13621|13645|13669|13693|13717|13741|13760|13779|13798|13817|13836,PH,day_hydro_upper_then_lower
20260811_155000_stage_B_2C_30day_full_final,stage_B,B-2C,daily_hydro_water,INEQ-WATER-D027-HYDRO01-UPPER,27,1,upper,209,31189,33831,24,1|2|3|4|5|6|7|8|9|10|11|12|13|14|15|16|17|18|19|20|21|22|23|24,24,13852|13871|13890|13909|13928|13947|13966|13990|14014|14038|14062|14086|14110|14134|14158|14182|14206|14230|14254|14273|14292|14311|14330|14349,PH,day_hydro_upper_then_lower
20260811_155000_stage_B_2C_30day_full_final,stage_B,B-2C,daily_hydro_water,INEQ-WATER-D027-HYDRO01-LOWER,27,1,lower,210,31190,33832,24,1|2|3|4|5|6|7|8|9|10|11|12|13|14|15|16|17|18|19|20|21|22|23|24,24,13852|13871|13890|13909|13928|13947|13966|13990|14014|14038|14062|14086|14110|14134|14158|14182|14206|14230|14254|14273|14292|14311|14330|14349,PH,day_hydro_upper_then_lower
20260811_155000_stage_B_2C_30day_full_final,stage_B,B-2C,daily_hydro_water,INEQ-WATER-D027-HYDRO02-UPPER,27,2,upper,211,31191,33833,24,1|2|3|4|5|6|7|8|9|10|11|12|13|14|15|16|17|18|19|20|21|22|23|24,24,13853|13872|13891|13910|13929|13948|13967|13991|14015|14039|14063|14087|14111|14135|14159|14183|14207|14231|14255|14274|14293|14312|14331|14350,PH,day_hydro_upper_then_lower
20260811_155000_stage_B_2C_30day_full_final,stage_B,B-2C,daily_hydro_water,INEQ-WATER-D027-HYDRO02-LOWER,27,2,lower,212,31192,33834,24,1|2|3|4|5|6|7|8|9|10|11|12|13|14|15|16|17|18|19|20|21|22|23|24,24,13853|13872|13891|13910|13929|13948|13967|13991|14015|14039|14063|14087|14111|14135|14159|14183|14207|14231|14255|14274|14293|14312|14331|14350,PH,day_hydro_upper_then_lower
20260811_155000_stage_B_2C_30day_full_final,stage_B,B-2C,daily_hydro_water,INEQ-WATER-D027-HYDRO03-UPPER,27,3,upper,213,31193,33835,24,1|2|3|4|5|6|7|8|9|10|11|12|13|14|15|16|17|18|19|20|21|22|23|24,24,13854|13873|13892|13911|13930|13949|13968|13992|14016|14040|14064|14088|14112|14136|14160|14184|14208|14232|14256|14275|14294|14313|14332|14351,PH,day_hydro_upper_then_lower
20260811_155000_stage_B_2C_30day_full_final,stage_B,B-2C,daily_hydro_water,INEQ-WATER-D027-HYDRO03-LOWER,27,3,lower,214,31194,33836,24,1|2|3|4|5|6|7|8|9|10|11|12|13|14|15|16|17|18|19|20|21|22|23|24,24,13854|13873|13892|13911|13930|13949|13968|13992|14016|14040|14064|14088|14112|14136|14160|14184|14208|14232|14256|14275|14294|14313|14332|14351,PH,day_hydro_upper_then_lower
20260811_155000_stage_B_2C_30day_full_final,stage_B,B-2C,daily_hydro_water,INEQ-WATER-D027-HYDRO04-UPPER,27,4,upper,215,31195,33837,24,1|2|3|4|5|6|7|8|9|10|11|12|13|14|15|16|17|18|19|20|21|22|23|24,24,13855|13874|13893|13912|13931|13950|13969|13993|14017|14041|14065|14089|14113|14137|14161|14185|14209|14233|14257|14276|14295|14314|14333|14352,PH,day_hydro_upper_then_lower
20260811_155000_stage_B_2C_30day_full_final,stage_B,B-2C,daily_hydro_water,INEQ-WATER-D027-HYDRO04-LOWER,27,4,lower,216,31196,33838,24,1|2|3|4|5|6|7|8|9|10|11|12|13|14|15|16|17|18|19|20|21|22|23|24,24,13855|13874|13893|13912|13931|13950|13969|13993|14017|14041|14065|14089|14113|14137|14161|14185|14209|14233|14257|14276|14295|14314|14333|14352,PH,day_hydro_upper_then_lower
20260811_155000_stage_B_2C_30day_full_final,stage_B,B-2C,daily_hydro_water,INEQ-WATER-D028-HYDRO01-UPPER,28,1,upper,217,31197,33839,24,1|2|3|4|5|6|7|8|9|10|11|12|13|14|15|16|17|18|19|20|21|22|23|24,24,14368|14387|14406|14425|14444|14463|14482|14506|14530|14554|14578|14602|14626|14650|14674|14698|14722|14746|14770|14789|14808|14827|14846|14865,PH,day_hydro_upper_then_lower
20260811_155000_stage_B_2C_30day_full_final,stage_B,B-2C,daily_hydro_water,INEQ-WATER-D028-HYDRO01-LOWER,28,1,lower,218,31198,33840,24,1|2|3|4|5|6|7|8|9|10|11|12|13|14|15|16|17|18|19|20|21|22|23|24,24,14368|14387|14406|14425|14444|14463|14482|14506|14530|14554|14578|14602|14626|14650|14674|14698|14722|14746|14770|14789|14808|14827|14846|14865,PH,day_hydro_upper_then_lower
20260811_155000_stage_B_2C_30day_full_final,stage_B,B-2C,daily_hydro_water,INEQ-WATER-D028-HYDRO02-UPPER,28,2,upper,219,31199,33841,24,1|2|3|4|5|6|7|8|9|10|11|12|13|14|15|16|17|18|19|20|21|22|23|24,24,14369|14388|14407|14426|14445|14464|14483|14507|14531|14555|14579|14603|14627|14651|14675|14699|14723|14747|14771|14790|14809|14828|14847|14866,PH,day_hydro_upper_then_lower
20260811_155000_stage_B_2C_30day_full_final,stage_B,B-2C,daily_hydro_water,INEQ-WATER-D028-HYDRO02-LOWER,28,2,lower,220,31200,33842,24,1|2|3|4|5|6|7|8|9|10|11|12|13|14|15|16|17|18|19|20|21|22|23|24,24,14369|14388|14407|14426|14445|14464|14483|14507|14531|14555|14579|14603|14627|14651|14675|14699|14723|14747|14771|14790|14809|14828|14847|14866,PH,day_hydro_upper_then_lower
20260811_155000_stage_B_2C_30day_full_final,stage_B,B-2C,daily_hydro_water,INEQ-WATER-D028-HYDRO03-UPPER,28,3,upper,221,31201,33843,24,1|2|3|4|5|6|7|8|9|10|11|12|13|14|15|16|17|18|19|20|21|22|23|24,24,14370|14389|14408|14427|14446|14465|14484|14508|14532|14556|14580|14604|14628|14652|14676|14700|14724|14748|14772|14791|14810|14829|14848|14867,PH,day_hydro_upper_then_lower
20260811_155000_stage_B_2C_30day_full_final,stage_B,B-2C,daily_hydro_water,INEQ-WATER-D028-HYDRO03-LOWER,28,3,lower,222,31202,33844,24,1|2|3|4|5|6|7|8|9|10|11|12|13|14|15|16|17|18|19|20|21|22|23|24,24,14370|14389|14408|14427|14446|14465|14484|14508|14532|14556|14580|14604|14628|14652|14676|14700|14724|14748|14772|14791|14810|14829|14848|14867,PH,day_hydro_upper_then_lower
20260811_155000_stage_B_2C_30day_full_final,stage_B,B-2C,daily_hydro_water,INEQ-WATER-D028-HYDRO04-UPPER,28,4,upper,223,31203,33845,24,1|2|3|4|5|6|7|8|9|10|11|12|13|14|15|16|17|18|19|20|21|22|23|24,24,14371|14390|14409|14428|14447|14466|14485|14509|14533|14557|14581|14605|14629|14653|14677|14701|14725|14749|14773|14792|14811|14830|14849|14868,PH,day_hydro_upper_then_lower
20260811_155000_stage_B_2C_30day_full_final,stage_B,B-2C,daily_hydro_water,INEQ-WATER-D028-HYDRO04-LOWER,28,4,lower,224,31204,33846,24,1|2|3|4|5|6|7|8|9|10|11|12|13|14|15|16|17|18|19|20|21|22|23|24,24,14371|14390|14409|14428|14447|14466|14485|14509|14533|14557|14581|14605|14629|14653|14677|14701|14725|14749|14773|14792|14811|14830|14849|14868,PH,day_hydro_upper_then_lower
20260811_155000_stage_B_2C_30day_full_final,stage_B,B-2C,daily_hydro_water,INEQ-WATER-D029-HYDRO01-UPPER,29,1,upper,225,31205,33847,24,1|2|3|4|5|6|7|8|9|10|11|12|13|14|15|16|17|18|19|20|21|22|23|24,24,14884|14903|14922|14941|14960|14979|14998|15022|15046|15070|15094|15118|15142|15166|15190|15214|15238|15262|15286|15305|15324|15343|15362|15381,PH,day_hydro_upper_then_lower
20260811_155000_stage_B_2C_30day_full_final,stage_B,B-2C,daily_hydro_water,INEQ-WATER-D029-HYDRO01-LOWER,29,1,lower,226,31206,33848,24,1|2|3|4|5|6|7|8|9|10|11|12|13|14|15|16|17|18|19|20|21|22|23|24,24,14884|14903|14922|14941|14960|14979|14998|15022|15046|15070|15094|15118|15142|15166|15190|15214|15238|15262|15286|15305|15324|15343|15362|15381,PH,day_hydro_upper_then_lower
20260811_155000_stage_B_2C_30day_full_final,stage_B,B-2C,daily_hydro_water,INEQ-WATER-D029-HYDRO02-UPPER,29,2,upper,227,31207,33849,24,1|2|3|4|5|6|7|8|9|10|11|12|13|14|15|16|17|18|19|20|21|22|23|24,24,14885|14904|14923|14942|14961|14980|14999|15023|15047|15071|15095|15119|15143|15167|15191|15215|15239|15263|15287|15306|15325|15344|15363|15382,PH,day_hydro_upper_then_lower
20260811_155000_stage_B_2C_30day_full_final,stage_B,B-2C,daily_hydro_water,INEQ-WATER-D029-HYDRO02-LOWER,29,2,lower,228,31208,33850,24,1|2|3|4|5|6|7|8|9|10|11|12|13|14|15|16|17|18|19|20|21|22|23|24,24,14885|14904|14923|14942|14961|14980|14999|15023|15047|15071|15095|15119|15143|15167|15191|15215|15239|15263|15287|15306|15325|15344|15363|15382,PH,day_hydro_upper_then_lower
20260811_155000_stage_B_2C_30day_full_final,stage_B,B-2C,daily_hydro_water,INEQ-WATER-D029-HYDRO03-UPPER,29,3,upper,229,31209,33851,24,1|2|3|4|5|6|7|8|9|10|11|12|13|14|15|16|17|18|19|20|21|22|23|24,24,14886|14905|14924|14943|14962|14981|15000|15024|15048|15072|15096|15120|15144|15168|15192|15216|15240|15264|15288|15307|15326|15345|15364|15383,PH,day_hydro_upper_then_lower
20260811_155000_stage_B_2C_30day_full_final,stage_B,B-2C,daily_hydro_water,INEQ-WATER-D029-HYDRO03-LOWER,29,3,lower,230,31210,33852,24,1|2|3|4|5|6|7|8|9|10|11|12|13|14|15|16|17|18|19|20|21|22|23|24,24,14886|14905|14924|14943|14962|14981|15000|15024|15048|15072|15096|15120|15144|15168|15192|15216|15240|15264|15288|15307|15326|15345|15364|15383,PH,day_hydro_upper_then_lower
20260811_155000_stage_B_2C_30day_full_final,stage_B,B-2C,daily_hydro_water,INEQ-WATER-D029-HYDRO04-UPPER,29,4,upper,231,31211,33853,24,1|2|3|4|5|6|7|8|9|10|11|12|13|14|15|16|17|18|19|20|21|22|23|24,24,14887|14906|14925|14944|14963|14982|15001|15025|15049|15073|15097|15121|15145|15169|15193|15217|15241|15265|15289|15308|15327|15346|15365|15384,PH,day_hydro_upper_then_lower
20260811_155000_stage_B_2C_30day_full_final,stage_B,B-2C,daily_hydro_water,INEQ-WATER-D029-HYDRO04-LOWER,29,4,lower,232,31212,33854,24,1|2|3|4|5|6|7|8|9|10|11|12|13|14|15|16|17|18|19|20|21|22|23|24,24,14887|14906|14925|14944|14963|14982|15001|15025|15049|15073|15097|15121|15145|15169|15193|15217|15241|15265|15289|15308|15327|15346|15365|15384,PH,day_hydro_upper_then_lower
20260811_155000_stage_B_2C_30day_full_final,stage_B,B-2C,daily_hydro_water,INEQ-WATER-D030-HYDRO01-UPPER,30,1,upper,233,31213,33855,24,1|2|3|4|5|6|7|8|9|10|11|12|13|14|15|16|17|18|19|20|21|22|23|24,24,15400|15419|15438|15457|15476|15495|15514|15538|15562|15586|15610|15634|15658|15682|15706|15730|15754|15778|15802|15821|15840|15859|15878|15897,PH,day_hydro_upper_then_lower
20260811_155000_stage_B_2C_30day_full_final,stage_B,B-2C,daily_hydro_water,INEQ-WATER-D030-HYDRO01-LOWER,30,1,lower,234,31214,33856,24,1|2|3|4|5|6|7|8|9|10|11|12|13|14|15|16|17|18|19|20|21|22|23|24,24,15400|15419|15438|15457|15476|15495|15514|15538|15562|15586|15610|15634|15658|15682|15706|15730|15754|15778|15802|15821|15840|15859|15878|15897,PH,day_hydro_upper_then_lower
20260811_155000_stage_B_2C_30day_full_final,stage_B,B-2C,daily_hydro_water,INEQ-WATER-D030-HYDRO02-UPPER,30,2,upper,235,31215,33857,24,1|2|3|4|5|6|7|8|9|10|11|12|13|14|15|16|17|18|19|20|21|22|23|24,24,15401|15420|15439|15458|15477|15496|15515|15539|15563|15587|15611|15635|15659|15683|15707|15731|15755|15779|15803|15822|15841|15860|15879|15898,PH,day_hydro_upper_then_lower
20260811_155000_stage_B_2C_30day_full_final,stage_B,B-2C,daily_hydro_water,INEQ-WATER-D030-HYDRO02-LOWER,30,2,lower,236,31216,33858,24,1|2|3|4|5|6|7|8|9|10|11|12|13|14|15|16|17|18|19|20|21|22|23|24,24,15401|15420|15439|15458|15477|15496|15515|15539|15563|15587|15611|15635|15659|15683|15707|15731|15755|15779|15803|15822|15841|15860|15879|15898,PH,day_hydro_upper_then_lower
20260811_155000_stage_B_2C_30day_full_final,stage_B,B-2C,daily_hydro_water,INEQ-WATER-D030-HYDRO03-UPPER,30,3,upper,237,31217,33859,24,1|2|3|4|5|6|7|8|9|10|11|12|13|14|15|16|17|18|19|20|21|22|23|24,24,15402|15421|15440|15459|15478|15497|15516|15540|15564|15588|15612|15636|15660|15684|15708|15732|15756|15780|15804|15823|15842|15861|15880|15899,PH,day_hydro_upper_then_lower
20260811_155000_stage_B_2C_30day_full_final,stage_B,B-2C,daily_hydro_water,INEQ-WATER-D030-HYDRO03-LOWER,30,3,lower,238,31218,33860,24,1|2|3|4|5|6|7|8|9|10|11|12|13|14|15|16|17|18|19|20|21|22|23|24,24,15402|15421|15440|15459|15478|15497|15516|15540|15564|15588|15612|15636|15660|15684|15708|15732|15756|15780|15804|15823|15842|15861|15880|15899,PH,day_hydro_upper_then_lower
20260811_155000_stage_B_2C_30day_full_final,stage_B,B-2C,daily_hydro_water,INEQ-WATER-D030-HYDRO04-UPPER,30,4,upper,239,31219,33861,24,1|2|3|4|5|6|7|8|9|10|11|12|13|14|15|16|17|18|19|20|21|22|23|24,24,15403|15422|15441|15460|15479|15498|15517|15541|15565|15589|15613|15637|15661|15685|15709|15733|15757|15781|15805|15824|15843|15862|15881|15900,PH,day_hydro_upper_then_lower
20260811_155000_stage_B_2C_30day_full_final,stage_B,B-2C,daily_hydro_water,INEQ-WATER-D030-HYDRO04-LOWER,30,4,lower,240,31220,33862,24,1|2|3|4|5|6|7|8|9|10|11|12|13|14|15|16|17|18|19|20|21|22|23|24,24,15403|15422|15441|15460|15479|15498|15517|15541|15565|15589|15613|15637|15661|15685|15709|15733|15757|15781|15805|15824|15843|15862|15881|15900,PH,day_hydro_upper_then_lower
