run_id,day,wind_mwh,solar_mwh,hydro_mwh,thermal_mwh,storage_charge_mwh,storage_discharge_mwh,net_storage_supply_mwh,total_generation_mwh
20260831_073237_stage_B_3f3f96b3,1,58561.074779597948,23623.418041380479,5026.8453427566192,39714.768311572028,7716.3498700372638,6250.2433947301843,-1466.1064753070796,126926.10647530707
20260831_073237_stage_B_3f3f96b3,2,39449.681565475257,28768.632178925836,5044.6059578062759,39139.654266082092,7960.9156225761926,6448.341654286718,-1512.5739682894746,112402.57396828945
20260831_073237_stage_B_3f3f96b3,3,44832.899685269258,25349.705014239935,5033.554948780984,42178.751254294184,5973.2152767597636,4838.3043741754072,-1134.9109025843563,117394.91090258435
20260831_073237_stage_B_3f3f96b3,4,43616.94020547159,27677.242127265599,5087.5008261169369,39341.615057323535,7543.6748219876954,6110.3766058100327,-1433.2982161776627,115723.29821617767
20260831_073237_stage_B_3f3f96b3,5,46800.395989364537,7973.7495294577711,5043.0043158404915,40003.303957869583,7318.1778554336161,5927.7240629012267,-1390.4537925323893,99820.453792532382
20260831_073237_stage_B_3f3f96b3,6,89496.664342797521,8232.4510877223729,5112.0095905066619,40661.910422067114,7331.765489967067,5938.730046873321,-1393.0354430937459,143503.03544309366
20260831_073237_stage_B_3f3f96b3,7,118788.7336775173,5310.628587113536,5050.148287432804,42364.620248687257,7863.8463197417204,6369.7155189907953,-1494.1308007509251,171514.13080075089
20260831_073237_stage_B_3f3f96b3,8,62706.305524594391,8755.7383817114187,5002.126938796192,42131.554253534508,7030.1320980867586,5694.4069994502734,-1335.7250986364852,118595.72509863653
20260831_073237_stage_B_3f3f96b3,9,64650.321435875288,7127.1477560630474,5099.3368359985279,42125.038186444421,8009.7063914804203,6487.8621770991394,-1521.8442143812808,119001.84421438129
20260831_073237_stage_B_3f3f96b3,10,78850.327982836228,8401.4883335465038,5076.0138918966186,41758.666553501935,7823.667167270045,6337.1704054887387,-1486.4967617813063,134086.49676178128
20260831_073237_stage_B_3f3f96b3,11,116190.21987952545,12572.166168741507,5063.0778234647687,42618.605799242476,7810.8930051269017,6326.8233341527921,-1484.0696709741096,176444.06967097419
20260831_073237_stage_B_3f3f96b3,12,77459.751761278996,27694.632891960544,5037.5106215197884,39647.90181841833,7577.8794377772801,6138.0823445995957,-1439.7970931776845,149839.79709317765
20260831_073237_stage_B_3f3f96b3,13,21501.315313935116,24243.141336604833,5089.1160895830353,41794.244848418042,7199.0399396895364,5831.2223511485245,-1367.8175885410119,92627.817588541016
20260831_073237_stage_B_3f3f96b3,14,16981.060483023044,21408.065323958373,5016.8999316431918,41717.060485838112,7279.4011813826082,5896.3149569199113,-1383.0862244626969,85123.086224462721
20260831_073237_stage_B_3f3f96b3,15,13849.884801018125,22570.715646726771,5059.8501869268284,41649.437609841647,6157.3065500703942,4987.4183055570184,-1169.8882445133759,83129.888244513364
20260831_073237_stage_B_3f3f96b3,16,9256.4234764443863,7922.1008310154493,5038.9472595363231,39859.086768911577,8613.4649258301833,6976.9065899224461,-1636.5583359077373,62076.558335907735
20260831_073237_stage_B_3f3f96b3,17,108434.87176712016,5589.1241333377693,5011.1154476051906,41962.994657768242,7990.0316096385786,6471.9256038072472,-1518.1060058313315,160998.10600583136
20260831_073237_stage_B_3f3f96b3,18,66262.951073901495,27194.22865161267,5027.4351252028591,39394.873621975108,7628.8866983799444,6179.3982256877571,-1449.4884726921873,137879.48847269214
20260831_073237_stage_B_3f3f96b3,19,25702.980855328744,24909.48375227227,5025.1685937960356,40457.656390898912,6764.6820647155064,5479.3924724195595,-1285.2895922959469,96095.289592295958
20260831_073237_stage_B_3f3f96b3,20,31246.07460033031,17344.069853406716,5006.7789743407047,39500.280444115473,7774.757222069512,6297.5533498763034,-1477.2038721932086,93097.203872193204
20260831_073237_stage_B_3f3f96b3,21,7725.492490483296,8524.5203942821918,5023.2484920967654,39876.282729125349,8418.6531894083746,6819.1090834207835,-1599.5441059875911,61149.544105987603
20260831_073237_stage_B_3f3f96b3,22,30943.695242825699,18103.052787525681,5059.4815643840775,41364.266062502087,6634.1876696712334,5373.6920124336993,-1260.495657237534,95470.495657237538
20260831_073237_stage_B_3f3f96b3,23,36435.102632016526,25394.98075634308,5050.2007789462932,39376.690184073479,7773.5492177861252,6296.5748664067596,-1476.9743513793655,106256.97435137938
20260831_073237_stage_B_3f3f96b3,24,108931.85514134055,8500.0076757867482,5034.9824176559387,42186.632277105229,7702.5132204657939,6239.0357085772957,-1463.4775118884982,164653.47751188846
20260831_073237_stage_B_3f3f96b3,25,45326.590976021311,7107.7354389909606,5064.9591598908955,40089.483047483307,6309.308538876222,5110.5399164897417,-1198.7686223864803,97588.768622386473
20260831_073237_stage_B_3f3f96b3,26,21700.729193261897,9809.6888537212308,4996.3991479063561,40985.689332981492,8171.0869887946337,6618.580460923652,-1552.5065278709817,77492.506527870981
20260831_073237_stage_B_3f3f96b3,27,13211.347432372493,12577.514337125398,5019.8166422939294,41041.265907415298,7052.3385221427498,5712.3942029356258,-1339.944319207124,71849.944319207119
20260831_073237_stage_B_3f3f96b3,28,107371.6563907846,19368.429285560986,5051.6926832263889,42732.753944498356,6708.064758264728,5433.5324541944319,-1274.532304070296,174524.53230407031
20260831_073237_stage_B_3f3f96b3,29,42480.866150855116,19080.469565757139,5087.4969061899792,39825.593226397126,7075.9255221018175,5731.4996729024751,-1344.4258491993423,106474.42584919935
20260831_073237_stage_B_3f3f96b3,30,23674.857899033137,12579.278254063533,5021.1159764656049,40118.571294684654,7704.3338118260435,6240.5103875790946,-1463.8234242469489,81393.823424246919
20260831_073237_stage_B_3f3f96b3,31,25647.496727771289,12970.966052296766,5053.9327513947383,41782.405599628211,8077.9006899527203,6543.0995588617016,-1534.8011310910188,85454.801131090993
20260831_073237_stage_B_3f3f96b3,32,26283.207569759183,8738.765284436231,5058.4290364330282,40552.436113333424,6857.0421261150968,5554.2041221532309,-1302.838003961866,80632.838003961864
20260831_073237_stage_B_3f3f96b3,33,11255.451004732335,17642.459963341553,5050.0081896327893,41464.801524678362,6803.7930651844035,5511.0723827993679,-1292.7206823850356,75412.720682385028
20260831_073237_stage_B_3f3f96b3,34,25404.135091954504,18049.994397658924,5041.0050553094043,40084.912848101892,7579.1968053934288,6139.149412368678,-1440.0473930247508,88580.047393024724
20260831_073237_stage_B_3f3f96b3,35,37775.415101879851,17788.241998703241,5032.3734593385634,41084.243097561135,7896.1771446463263,6395.9034871635231,-1500.2736574828032,101680.27365748279
20260831_073237_stage_B_3f3f96b3,36,30755.723552945536,22539.101062747162,5054.509191139693,39351.168963825083,7739.4882666182511,6268.9854959607837,-1470.5027706574674,97700.502770657477
20260831_073237_stage_B_3f3f96b3,37,20337.728328093453,23530.322612132062,5072.4565867111705,41935.300386257724,7083.1995431285886,5737.3916299341572,-1345.8079131944314,90875.807913194411
20260831_073237_stage_B_3f3f96b3,38,27931.411198262864,23719.451133478815,4984.3726298131787,39481.350023381106,7613.6051838734929,6167.02019893753,-1446.5849849359629,96116.584984935966
20260831_073237_stage_B_3f3f96b3,39,29072.370279396353,12940.519311046586,5008.2509559265663,41348.742442120856,7841.4894131073352,6351.6064246169399,-1489.8829884903953,88369.882988490368
20260831_073237_stage_B_3f3f96b3,40,108043.42268372444,4084.195979262417,5082.563009991678,42199.891320468167,7947.7525970876377,6437.6796036409842,-1510.0729934466535,159410.07299344669
20260831_073237_stage_B_3f3f96b3,41,88289.366556810579,9582.1449456366336,5048.6402245221261,41326.134725725846,8348.8760668167379,6762.589614121559,-1586.2864526951789,144246.2864526952
20260831_073237_stage_B_3f3f96b3,42,84058.518648333833,24232.346244975983,5106.4565702020118,42126.812362580968,7705.9675057516206,6241.8336796588119,-1464.1338260928087,155524.13382609279
20260831_073237_stage_B_3f3f96b3,43,29586.469073062322,28969.478003540149,5085.9206632309379,39859.567729008842,7323.3445728538582,5931.9091040116264,-1391.4354688422318,103501.43546884225
20260831_073237_stage_B_3f3f96b3,44,12005.652435800257,27545.465245660329,5118.389728887606,41750.022661492418,5576.4740623190901,4516.9439904784649,-1059.5300718406252,86419.530071840607
20260831_073237_stage_B_3f3f96b3,45,12096.217580521157,23239.024207194318,5035.9683345994463,41694.319460377439,6344.8925404859265,5139.3629577935981,-1205.5295826923284,82065.529582692368
20260831_073237_stage_B_3f3f96b3,46,39494.553546812218,20784.361675527744,5009.9813247071343,42036.434621633918,7764.9008877950273,6289.5697191139716,-1475.3311686810557,107325.331168681
20260831_073237_stage_B_3f3f96b3,47,59523.890015572812,16393.584914973526,5099.5187356349697,38897.214277469342,8285.3049665821636,6711.0970229315517,-1574.2079436506119,119914.20794365063
20260831_073237_stage_B_3f3f96b3,48,95687.284814784274,28929.184520308099,5065.7499815101719,41398.949856598032,7269.3114378976697,5888.1422646971105,-1381.1691732005593,171081.16917320059
20260831_073237_stage_B_3f3f96b3,49,53385.79958138035,21961.50327297991,4990.6501800918431,40640.412756035468,7780.8725815135176,6302.5067910259486,-1478.365790487569,120978.36579048757
20260831_073237_stage_B_3f3f96b3,50,10822.093666522411,22290.087331114468,5056.4534542438641,40997.311523398057,6504.9788172569361,5269.032841978119,-1235.9459752788171,79165.945975278795
20260831_073237_stage_B_3f3f96b3,51,19290.469869064571,25783.551072329206,5031.5880735609926,40888.530264518973,6653.3646288093278,5389.2253493355556,-1264.1392794737721,90994.139279473748
20260831_073237_stage_B_3f3f96b3,52,75387.344803586937,30245.123779117028,5067.6226073482185,42871.55364047466,7166.5517396147443,5804.9069090879429,-1361.6448305268013,153571.64483052684
20260831_073237_stage_B_3f3f96b3,53,35037.837834977188,27768.446144346104,5049.3159444613048,40317.219770849726,7699.0510243912067,6236.2313297568735,-1462.8196946343332,108172.81969463432
20260831_073237_stage_B_3f3f96b3,54,26704.856971789388,24069.075323777495,5041.2592630532918,41017.142208326397,7328.0724576134971,5935.7386906669335,-1392.3337669465636,96832.333766946569
20260831_073237_stage_B_3f3f96b3,55,100259.59473712942,20837.702479272684,5056.7211561112144,42686.096247514302,5737.445368566614,4647.3307485389587,-1090.1146200276553,168840.11462002763
20260831_073237_stage_B_3f3f96b3,56,85163.47102385365,4601.8632639824718,5015.8393591110953,39844.586009375882,7925.0508227531054,6419.2911664300136,-1505.7596563230918,134625.75965632312
20260831_073237_stage_B_3f3f96b3,57,61249.658616713852,5416.0242887045079,5062.0249936465189,39904.458095370603,6221.9262865027049,5039.7602920671889,-1182.165994435516,111632.16599443548
20260831_073237_stage_B_3f3f96b3,58,90026.035080530113,8585.923830227599,5041.9398060247113,39293.189306402201,7774.147490445308,6297.0594672606976,-1477.0880231846104,142947.08802318462
20260831_073237_stage_B_3f3f96b3,59,65799.692657060383,4940.8778007834062,5052.7995017671137,40523.312488478688,7508.854989944959,6082.1725418554161,-1426.682448089543,116316.68244808959
20260831_073237_stage_B_3f3f96b3,60,84408.60276420509,4990.8539812714507,9757.4962693024881,39197.438242314456,8444.1645110180671,6839.7732539246372,-1604.3912570934299,138354.39125709346
20260831_073237_stage_B_3f3f96b3,61,93961.144473267515,27087.573382584716,9814.1255412741393,40988.144447821687,7057.8307628840885,5716.8429179361065,-1340.987844947982,171850.98784494807
20260831_073237_stage_B_3f3f96b3,62,67038.518081796778,5085.5162715643555,9763.1247446511879,40329.584414662138,7456.5448035498948,6039.8012908754108,-1416.743512674484,122216.74351267445
20260831_073237_stage_B_3f3f96b3,63,62688.737398544799,8421.5396397358199,9788.9907883906799,40154.634513602941,7283.6965277593717,5899.7941874850885,-1383.9023402742832,121053.90234027425
20260831_073237_stage_B_3f3f96b3,64,106781.97424421545,5519.7543082001212,9785.8683803352742,41251.007491296012,8624.2338107732267,6985.6293867263148,-1638.6044240469118,163338.60442404688
20260831_073237_stage_B_3f3f96b3,65,83486.340828945773,8843.4074532586765,9708.2378081018196,39870.098412157313,8095.181591913697,6557.0970894500942,-1538.0845024636028,141908.08450246358
20260831_073237_stage_B_3f3f96b3,66,63475.145238438934,28526.403048515349,9744.8233611512824,38931.191177245317,7250.3306597415822,5872.7678343906791,-1377.562825350903,140677.56282535091
20260831_073237_stage_B_3f3f96b3,67,23660.140861556334,5011.9597044026787,9746.8339393200276,39568.277542808632,8880.0634109879738,7192.8513629002573,-1687.2120480877165,77987.212048087677
20260831_073237_stage_B_3f3f96b3,68,19070.163955403794,4426.2746937990833,9692.9199377543518,38792.863760780747,9274.8544617787848,7512.6321140408154,-1762.2223477379694,71982.222347737974
20260831_073237_stage_B_3f3f96b3,69,32778.616384514316,4849.8859300498152,9837.2445987565061,39984.089495803048,8946.5074164404887,7246.671007316796,-1699.8364091236926,87449.836409123687
20260831_073237_stage_B_3f3f96b3,70,20375.757790961219,4464.6064855361046,9758.1611620335898,39196.549697115523,8342.5007139286918,6757.4255782822429,-1585.0751356464489,73795.075135646432
20260831_073237_stage_B_3f3f96b3,71,8926.8223811684493,5298.6073132294441,9750.6802575133261,37230.714021113607,9509.5998580253236,7702.775885000513,-1806.8239730248106,61206.823973024824
20260831_073237_stage_B_3f3f96b3,72,11599.156830190695,16886.322106216277,9796.7732357641089,40434.445362492101,7193.1449192798937,5826.447384616712,-1366.6975346631816,78716.697534663181
20260831_073237_stage_B_3f3f96b3,73,54022.346649416977,17470.357030263032,9746.2867683856111,40763.806260759047,8383.1405727616093,6790.3438639369024,-1592.7967088247069,122002.79670882467
20260831_073237_stage_B_3f3f96b3,74,88005.781369867516,6925.3964698793516,9782.1372527432595,40241.478323607203,8130.4916636701855,6585.6982475728519,-1544.7934160973336,144954.79341609732
20260831_073237_stage_B_3f3f96b3,75,77514.124601779709,7880.188638898645,9831.0907490168356,40113.615751987498,7415.893377277278,6006.8736355945921,-1409.0197416826859,135339.01974168268
20260831_073237_stage_B_3f3f96b3,76,80441.212117628878,11448.358305932692,9804.4167557743131,40567.719850189955,8324.7738396097939,6743.0668100839348,-1581.7070295258591,142261.70702952583
20260831_073237_stage_B_3f3f96b3,77,92348.905549563933,16768.929466862457,9777.3013028594123,41617.070904383771,8537.9327561555892,6915.725532486028,-1622.2072236695612,160512.20722366957
20260831_073237_stage_B_3f3f96b3,78,108498.48058462639,9409.1843580651002,9762.4544798608367,41493.943383007296,8495.0673976818998,6881.0045921223382,-1614.0628055595616,169164.06280555963
20260831_073237_stage_B_3f3f96b3,79,29366.629166638922,9143.8270232965315,9771.4870457531633,40678.41088724124,7738.7059101570903,6268.3517872272432,-1470.3541229298471,88960.354122929857
20260831_073237_stage_B_3f3f96b3,80,116425.21222211976,6877.6375594436986,9798.8954988105379,41547.291374100416,8310.7192340758338,6731.6825796014245,-1579.0366544744093,174649.03665447439
20260831_073237_stage_B_3f3f96b3,81,113584.16469575504,8098.6497485441178,9760.7527349832508,41587.462636067685,8005.4200807899579,6484.3902654398644,-1521.0298153500935,173031.02981535008
20260831_073237_stage_B_3f3f96b3,82,16356.141404352773,9716.447534507286,9785.394702364476,39560.346424258933,8149.1056078077117,6600.7755423242497,-1548.330065483462,75418.33006548346
20260831_073237_stage_B_3f3f96b3,83,9332.037523141069,19007.512679221691,9817.9073984496299,40397.297735646855,7656.6070339959379,6201.8516975367083,-1454.7553364592295,78554.755336459246
20260831_073237_stage_B_3f3f96b3,84,34651.917959411971,5162.9471159151317,9828.0054021076794,40698.892494704,8219.8051165198576,6658.0421443810856,-1561.7629721387721,90341.762972138778
20260831_073237_stage_B_3f3f96b3,85,111445.15734658173,6274.1909904262529,9835.2400204584828,41324.835285842339,8154.861280572637,6605.4376372638344,-1549.4236433088026,168879.42364330881
20260831_073237_stage_B_3f3f96b3,86,68221.694802813203,7767.8701447717585,9726.6526382021639,38747.885149552938,7705.8038702107224,6241.7011348706847,-1464.1027353400377,124464.10273534007
20260831_073237_stage_B_3f3f96b3,87,34178.043020390949,12767.791183663698,9772.0609445374157,40744.176259085856,8063.5337246205263,6531.4623169426286,-1532.0714076778977,97462.071407677926
20260831_073237_stage_B_3f3f96b3,88,109808.41715225698,15385.309043291392,9769.1795803901296,42197.445974602379,7738.6934238995136,6268.3416733586064,-1470.3517505409072,177160.3517505409
20260831_073237_stage_B_3f3f96b3,89,115682.13336727397,9407.0787688301734,9773.2990348596268,41647.594785436195,8053.1892442104827,6523.0832878104948,-1530.1059563999879,176510.10595639999
20260831_073237_stage_B_3f3f96b3,90,121134.53516966368,24560.253506888312,9808.2993238256513,42392.791211257798,6715.1537454494246,5439.2745338140376,-1275.879211635387,197895.87921163545
20260831_073237_stage_B_3f3f96b3,91,104164.45468683146,23034.145720665601,9880.6081298515273,42119.792761140205,8152.6384130988417,6603.6371146100628,-1549.001298488779,179199.00129848882
20260831_073237_stage_B_3f3f96b3,92,40018.437876557902,15739.663118977798,9859.642868609677,39656.209012107189,7968.1730329083139,6454.2201566557305,-1513.9528762525833,105273.95287625256
20260831_073237_stage_B_3f3f96b3,93,12708.262054434004,4695.7526846293713,9760.1077197419418,38166.250294929938,9212.4881775539779,7462.1154238187182,-1750.3727537352597,65330.372753735253
20260831_073237_stage_B_3f3f96b3,94,110999.97645293883,5488.7928481551771,9778.7141335957986,41276.15480346002,8334.9380955252273,6751.2998573754348,-1583.6382381497924,167543.63823814984
20260831_073237_stage_B_3f3f96b3,95,56369.641727871007,5644.0780297576321,9795.7997846431208,39850.123261505862,7471.8042304084756,6052.1614266308661,-1419.6428037776095,111659.64280377762
20260831_073237_stage_B_3f3f96b3,96,15558.460359746075,16817.042377235277,9768.0797956725528,39990.724124829518,7391.0876709652575,5986.7810134818619,-1404.3066574833956,82134.306657483423
20260831_073237_stage_B_3f3f96b3,97,50132.597378075996,8648.2623343655341,9757.9026189192027,40936.987566899945,7714.473148740427,6248.7232504797457,-1465.7498982606812,109475.74989826068
20260831_073237_stage_B_3f3f96b3,98,67207.73455997229,7308.7031106423547,9798.7148570326844,39229.043874609393,7653.6652750352187,6199.4688727785324,-1454.1964022566863,123544.19640225673
20260831_073237_stage_B_3f3f96b3,99,96989.620276041023,8304.5007595267198,9805.7098679797582,40775.50305007062,6975.4418611480987,5650.1079075299658,-1325.3339536181329,155875.33395361813
20260831_073237_stage_B_3f3f96b3,100,19658.068493370367,4498.6905406525193,9760.0871382085716,38757.180680519064,9126.4571197395271,7392.4302669890176,-1734.0268527505095,72674.02685275051
20260831_073237_stage_B_3f3f96b3,101,57116.160920100578,12015.293902716159,9731.6768970264184,41553.664488754279,8193.664255776077,6636.8680471786229,-1556.7962085974541,120416.79620859744
20260831_073237_stage_B_3f3f96b3,102,67381.811076473576,12777.603027223626,9902.3508686247951,40281.885802453777,7387.6356567145313,5983.9848819387707,-1403.6507747757605,130343.65077477577
20260831_073237_stage_B_3f3f96b3,103,48534.989249683662,16232.845547591536,9741.5417608174757,40946.086656552878,8712.9642876080452,7057.5010729625137,-1655.4632146455315,115455.46321464554
20260831_073237_stage_B_3f3f96b3,104,49114.031878581045,10655.213551431738,9826.4820981652465,40829.350799313914,6974.0964604839228,5649.0181329919787,-1325.078327491944,110425.07832749194
20260831_073237_stage_B_3f3f96b3,105,20161.501954917741,6231.429327617775,9805.5376109730896,40055.598552387521,8126.6707678743587,6582.6033219782266,-1544.0674458961321,76254.067445896129
20260831_073237_stage_B_3f3f96b3,106,30584.437927398438,10842.097168278076,9813.6902540288866,40902.696114966275,7225.9024456402485,5852.9809809685994,-1372.9214646716491,92142.921464671672
20260831_073237_stage_B_3f3f96b3,107,106896.73356873629,7288.4845425848935,9789.0118917445106,41175.894015637889,8369.0737826503719,6778.9497639468,-1590.1240187035719,165150.12401870359
20260831_073237_stage_B_3f3f96b3,108,23820.192631723043,5944.3067017654912,9759.2405185932876,39618.152629156197,8062.592006515868,6530.6995252778515,-1531.8924812380164,79141.892481238028
20260831_073237_stage_B_3f3f96b3,109,46237.377318937128,7738.9099357331061,9760.4667943925961,39591.879276240914,7466.4911858091618,6047.8578605054227,-1418.6333253037392,103328.63332530374
20260831_073237_stage_B_3f3f96b3,110,101480.74848009289,10605.6704285181,9805.0693261758115,41323.949435734918,8186.514055377309,6631.0763848556207,-1555.4376705216882,163215.43767052173
20260831_073237_stage_B_3f3f96b3,111,102870.60125580564,18052.599681681084,9730.2472171301633,41391.788075671,8448.6117383573219,6843.3755080694291,-1605.2362302878928,172045.23623028788
20260831_073237_stage_B_3f3f96b3,112,60500.649629626561,24472.307869044733,9722.4914522262661,40128.549220811728,7968.4114300488463,6454.4132583395658,-1513.9981717092805,134823.9981717093
20260831_073237_stage_B_3f3f96b3,113,48854.045700063936,25122.990860021757,9776.0935962011026,40992.020196876183,8553.422911383901,6928.2725582209587,-1625.1503531629423,124745.15035316297
20260831_073237_stage_B_3f3f96b3,114,69380.465156078513,6760.8367797187138,9795.7460092097772,39993.201423626393,7632.8914138601376,6182.6420452267093,-1450.2493686334283,125930.24936863339
20260831_073237_stage_B_3f3f96b3,115,42586.208602459752,8050.1527485784736,9794.4128953736217,40116.117457515931,7720.4826522516596,6253.5909483238456,-1466.891703927814,100546.89170392777
20260831_073237_stage_B_3f3f96b3,116,84170.509855070384,5823.6452236708355,9769.0968430561315,41086.151830545939,8733.7039597015046,7074.3002073582174,-1659.4037523432871,140849.40375234329
20260831_073237_stage_B_3f3f96b3,117,75682.233393272676,8923.1582853443942,9751.1872038616893,40956.176836856117,8593.4511543938315,6960.695435059004,-1632.7557193348275,135312.75571933488
20260831_073237_stage_B_3f3f96b3,118,84656.690092343211,6343.6245638114797,9741.4986367588481,40204.580190627108,8033.6499133718262,6507.256429831179,-1526.3934835406471,140946.39348354063
20260831_073237_stage_B_3f3f96b3,119,49692.746190583384,30852.971676318037,9768.1465620545823,38707.584877085086,7323.4174002161344,5931.9680941750721,-1391.4493060410623,129021.44930604109
20260831_073237_stage_B_3f3f96b3,120,19158.379141491194,23914.245349469926,9812.325749825226,40006.348497707884,7533.151255232825,6101.8525167385842,-1431.2987384942408,92891.298738494224
20260831_073237_stage_B_3f3f96b3,121,36545.741667584109,31517.668167952434,9808.8231300885636,41334.701268548408,7878.6012324921303,6381.6669983186248,-1496.9342341735055,119206.93423417352
20260831_073237_stage_B_3f3f96b3,122,58423.121889232032,12163.640963222515,9844.6141446733855,41397.935223108296,8470.0643170327821,6860.752096796552,-1609.3122202362301,121829.31222023623
20260831_073237_stage_B_3f3f96b3,123,110986.61769287995,15761.065967532188,9800.0095525329489,42206.682218656861,8075.6601663259971,6541.2847347240549,-1534.3754316019422,178754.37543160195
20260831_073237_stage_B_3f3f96b3,124,50736.682813484695,20338.161382762701,9762.0785770181683,39445.21587786686,8011.2560585916099,6489.1174074592045,-1522.1386511324054,120282.13865113244
20260831_073237_stage_B_3f3f96b3,125,31970.886635767485,10332.404519872252,9822.9027972337371,40364.927717493192,7532.2193177193503,6101.0976473526753,-1431.1216703666751,92491.121670366672
20260831_073237_stage_B_3f3f96b3,126,50844.340543928214,19093.808613968406,9756.3856949346791,40480.972394225631,6765.8276160891292,5480.3203690321961,-1285.507247056933,120175.50724705693
20260831_073237_stage_B_3f3f96b3,127,76546.077494067373,22687.789824702824,9803.3459102791676,40826.995625335163,8127.4150230765235,6583.206168691986,-1544.2088543845375,149864.20885438452
20260831_073237_stage_B_3f3f96b3,128,56037.61443447051,32161.926259712629,9817.3705896588654,41912.247632437626,7469.2574541034119,6050.0985378237638,-1419.1589162796481,139929.15891627964
20260831_073237_stage_B_3f3f96b3,129,88520.762764965242,18343.103202948729,9779.0095174048238,41945.079432337734,8568.1837771396222,6940.2288594830961,-1627.954917656526,158587.95491765652
20260831_073237_stage_B_3f3f96b3,130,113441.63025132073,26977.585900543123,9826.8660083988998,42915.641145636269,7219.5963468367809,5847.8730409377922,-1371.7233058989887,193161.72330589904
20260831_073237_stage_B_3f3f96b3,131,116301.97709285599,26527.614963459295,9790.7134701117484,42407.330156796561,6724.3983327558926,5446.7626495322756,-1277.635683223617,195027.63568322358
20260831_073237_stage_B_3f3f96b3,132,111125.16150364351,22618.056966970908,9803.3874965796731,42868.806898719879,6817.9624521788201,5522.5495862648459,-1295.4128659139742,186415.41286591394
20260831_073237_stage_B_3f3f96b3,133,80531.826423539504,14551.403022799279,9771.5390053634037,41113.291574842398,7726.631718655819,6258.571692111218,-1468.060026544601,145968.06002654458
20260831_073237_stage_B_3f3f96b3,134,94024.916941236545,23076.374228681394,9847.8348820597457,42534.020249953777,7437.612115428532,6024.4658134971105,-1413.1463019314215,169483.14630193147
20260831_073237_stage_B_3f3f96b3,135,115774.27700690404,25158.607983297203,9841.12431649674,42917.534647162087,6323.9155466322909,5122.3715927721523,-1201.5439538601386,193691.54395386006
20260831_073237_stage_B_3f3f96b3,136,109465.65998023572,27286.369969052837,9784.5974686436202,42050.363705993077,6984.1638101328908,5657.1726862076421,-1326.9911239252488,188586.99112392525
20260831_073237_stage_B_3f3f96b3,137,57035.518929734913,21911.949299603977,9847.3719339376385,41191.04615549602,7662.5595724870982,6206.6732537145499,-1455.8863187725483,129985.88631877255
20260831_073237_stage_B_3f3f96b3,138,30455.740205726364,12617.325398978184,9834.2892008736162,41836.328411528026,6440.4379847692817,5216.7547676631202,-1223.6832171061615,94743.683217106183
20260831_073237_stage_B_3f3f96b3,139,86246.603611918632,17362.843004166178,9801.8753725286715,42372.221544496351,6860.7554374202318,5557.2119043103867,-1303.5435331098452,155783.54353310983
20260831_073237_stage_B_3f3f96b3,140,59978.438334073275,6045.3379728502641,9750.8058519915594,39656.24536784229,7162.2501408285088,5801.4226140710944,-1360.8275267574145,115430.82752675739
20260831_073237_stage_B_3f3f96b3,141,81720.113585449712,21064.361435978164,9759.559705123771,42623.404729360918,7144.4181890133696,5786.9787331008265,-1357.4394559125431,155167.43945591256
20260831_073237_stage_B_3f3f96b3,142,103044.22014745903,22366.851815430426,9772.9631838423084,42233.28333048967,8091.1498801129455,6553.8314028914838,-1537.3184772214618,177417.31847722144
20260831_073237_stage_B_3f3f96b3,143,47714.286052551637,24459.746826600811,9789.8400114845117,40712.480926378412,7717.6516685019369,6251.2978514865699,-1466.353817015367,122676.35381701538
20260831_073237_stage_B_3f3f96b3,144,77242.22065178043,11007.761419777858,9785.9822956039334,40306.695321641382,7329.787835808781,5937.1281470051208,-1392.6596888036602,138342.6596888036
20260831_073237_stage_B_3f3f96b3,145,35445.487770478358,17389.058710392357,9785.1076170223205,39555.674430939602,8449.0975201718447,6843.7689913391914,-1605.3285288326533,102175.32852883264
20260831_073237_stage_B_3f3f96b3,146,45010.807536723776,28853.589162005897,9807.7936232744105,41469.27282587748,7849.8060414818865,6358.3428936003311,-1491.4631478815554,125141.46314788156
20260831_073237_stage_B_3f3f96b3,147,40956.887878752183,30550.340356715005,9763.8160403197217,40713.811920470725,7972.9273487242272,6458.0711524666222,-1514.856196257605,121984.85619625764
20260831_073237_stage_B_3f3f96b3,148,41520.706191867757,25908.727229141819,9746.8439316340846,41943.226695795303,7260.547623363168,5881.043574924166,-1379.504048439002,119119.50404843895
20260831_073237_stage_B_3f3f96b3,149,82736.178806091237,23473.711346261414,9781.7856637111963,42504.739893237413,7191.6616279011942,5825.2459185999678,-1366.4157093012263,158496.41570930128
20260831_073237_stage_B_3f3f96b3,150,47314.8791585203,10543.957902677044,9733.2822172120377,38719.784137776325,6536.3337693986696,5294.4303532129279,-1241.9034161857417,106311.90341618571
20260831_073237_stage_B_3f3f96b3,151,26726.380446579326,13132.414482216995,9800.5906598471265,41845.487387457899,5446.6998742177466,4411.8268981163774,-1034.8729761013692,91504.872976101353
20260831_073237_stage_B_3f3f96b3,152,58040.064850991563,6997.5467855443467,13446.489185313092,38463.974679682316,7621.4500080597008,6173.3745065283665,-1448.0755015313343,116948.07550153132
20260831_073237_stage_B_3f3f96b3,153,75258.388022687839,6504.0015853894247,13442.988583364568,39208.895443747249,8706.7033431004329,7052.4297079113512,-1654.2736351890817,134414.27363518908
20260831_073237_stage_B_3f3f96b3,154,93209.37020355108,18743.663379619113,13526.992732287859,40280.17995120008,7369.5066666217344,5969.3003999636048,-1400.2062666581296,165760.20626665815
20260831_073237_stage_B_3f3f96b3,155,99855.40920002613,14803.772264377931,13601.999078039937,41343.835806547249,7763.243942058898,6288.2275930677069,-1475.0163489911911,169605.01634899125
20260831_073237_stage_B_3f3f96b3,156,25466.152602899769,30427.560239479459,13442.746808985325,37605.762406330345,7590.6424089206639,6148.4203512257363,-1442.2220576949276,106942.22205769489
20260831_073237_stage_B_3f3f96b3,157,9349.8984490285166,30636.971790723946,13600.043583962319,40086.708401855663,7019.0643451076121,5685.4421195371651,-1333.622225570447,93673.622225570434
20260831_073237_stage_B_3f3f96b3,158,13596.991175794868,28166.533184238619,13587.316099353588,40071.804030181549,8013.9183661505422,6491.2738765819386,-1522.6444895686036,95422.644489568629
20260831_073237_stage_B_3f3f96b3,159,14267.993452414343,20400.900902134345,13596.239717185437,39642.437619323558,8092.4825845141222,6554.9108934564392,-1537.571691057683,87907.571691057674
20260831_073237_stage_B_3f3f96b3,160,23979.741950704538,28447.076038579467,13592.817391258186,39980.493000129572,8105.9388456407796,6565.8104649690304,-1540.1283806717493,106000.12838067177
20260831_073237_stage_B_3f3f96b3,161,28790.151488873576,19520.865481380777,13448.175942727743,38388.757582290847,7357.6341856471072,5959.6836903741596,-1397.9504952729476,100147.95049527293
20260831_073237_stage_B_3f3f96b3,162,18846.304789707963,19628.299739250411,13527.723310102412,39673.564589787347,8767.8548886742392,7101.9624598261335,-1665.8924288481057,91675.892428848136
20260831_073237_stage_B_3f3f96b3,163,73095.25943348014,20517.959358810956,13532.614667110131,40402.441499151522,8727.7629397513501,7069.4879811985948,-1658.2749585527554,147548.27495855273
20260831_073237_stage_B_3f3f96b3,164,60762.512473847237,16962.048757442764,13479.645662722964,40049.357056946552,9229.2839524186984,7475.7200014591481,-1753.5639509595503,131253.56395095953
20260831_073237_stage_B_3f3f96b3,165,85342.459493281232,22770.391454164099,13515.340380342694,41412.079463323171,8369.846269006177,6779.5754778950022,-1590.2707911111747,163040.27079111119
20260831_073237_stage_B_3f3f96b3,166,110620.61461722819,17235.693377899766,13505.754337285936,41000.308392190243,7275.635392653302,5893.2646680491744,-1382.3707246041276,182362.37072460412
20260831_073237_stage_B_3f3f96b3,167,99381.514175623932,22834.591060473955,13627.360348938819,41444.35605726271,7988.5349594706522,6470.7133171712285,-1517.8216422994237,177287.82164229942
20260831_073237_stage_B_3f3f96b3,168,86882.542001876718,26561.419856120945,13544.573965069936,40874.298712245094,8751.7607121718629,7088.9261768592096,-1662.8345353126533,167862.83453531269
20260831_073237_stage_B_3f3f96b3,169,100566.84119243795,26575.398170843499,13577.153345337765,41562.049187245335,7797.0626098131243,6315.6207139486332,-1481.441895864491,182281.44189586455
20260831_073237_stage_B_3f3f96b3,170,101764.84991043029,29041.528192527032,13615.79052264348,41743.77024357787,7873.3624693613747,6377.4236001827139,-1495.9388691786608,186165.93886917867
20260831_073237_stage_B_3f3f96b3,171,88000.497258470918,26321.49453796454,13487.949474083623,40881.658146010552,8482.1021922611544,6870.5027757315338,-1611.5994165296206,168691.59941652964
20260831_073237_stage_B_3f3f96b3,172,40423.235992698021,15343.158247162319,13499.168229877338,38240.623488290032,6295.7155685673251,5099.5296105395901,-1196.1859580277351,107506.18595802771
20260831_073237_stage_B_3f3f96b3,173,8349.6347478844636,15342.818850873407,13540.20028811237,39160.335727398386,7910.4716540453228,6407.4820397767135,-1502.9896142686093,76392.989614268619
20260831_073237_stage_B_3f3f96b3,174,16029.982137048235,11043.147429163542,13416.970334774831,38428.845907136158,9152.3463585408026,7413.4005504180532,-1738.9458081227494,78918.945808122764
20260831_073237_stage_B_3f3f96b3,175,28898.905176567798,19983.329425591248,13602.896202931248,40238.703459592223,8230.7066562238924,6666.8723915413511,-1563.8342646825413,102723.83426468252
20260831_073237_stage_B_3f3f96b3,176,55473.829960797295,24032.955317796754,13582.076787303391,40683.447525407981,7959.5241647653511,6447.214573459938,-1512.3095913054131,133772.30959130541
20260831_073237_stage_B_3f3f96b3,177,90485.657936058997,26976.086755933109,13628.157363954386,41350.611039946249,8423.753136277579,6823.2400403848378,-1600.5130958927411,172440.51309589273
20260831_073237_stage_B_3f3f96b3,178,109101.99515448535,25014.692929037406,13641.900918154401,41622.522779190025,7795.3251624586801,6314.2133815915277,-1481.1117808671524,189381.11178086716
20260831_073237_stage_B_3f3f96b3,179,101154.37768134565,17197.910057928108,13609.171189214947,40716.016216829332,7986.7112911474769,6469.2361458294581,-1517.4751453180188,172677.47514531805
20260831_073237_stage_B_3f3f96b3,180,98053.323119047607,10622.604300978341,13524.500896983183,40321.980300358417,8854.782196671531,7172.3735793039414,-1682.4086173675896,162522.40861736756
20260831_073237_stage_B_3f3f96b3,181,116890.37534837029,11375.888370684686,13544.508425819977,41089.494714008375,8580.3518888597155,6950.0850299763724,-1630.266858883343,182900.26685888332
20260831_073237_stage_B_3f3f96b3,182,120516.92032707272,14959.82036040487,13601.757755039154,41384.284716453156,7856.7534682624855,6363.9703092926175,-1492.7831589698681,190462.78315896989
20260831_073237_stage_B_3f3f96b3,183,111138.5206392789,23457.205730568239,13598.35881942229,41319.430530203288,6913.2406288039247,5599.7249093311775,-1313.5157194727472,189513.51571947272
20260831_073237_stage_B_3f3f96b3,184,92689.577145603354,23678.786125487426,13540.033252394907,40839.352908869318,8198.6812229211773,6640.9317905661574,-1557.74943235502,170747.74943235499
20260831_073237_stage_B_3f3f96b3,185,72683.561382622473,20421.308876092306,13453.858089582618,39581.464153891473,8685.2236957310524,7035.0311935421523,-1650.1925021889001,146140.19250218885
20260831_073237_stage_B_3f3f96b3,186,41691.531211570575,27845.652273908076,13404.392025502304,37714.479981963574,8189.7657523396683,6633.7102593951277,-1556.0554929445407,120656.05549294455
20260831_073237_stage_B_3f3f96b3,187,17401.139592647633,27097.375340420793,13658.664444931332,39819.956873999989,7669.1381684196367,6212.001916419903,-1457.1362519997338,97977.136251999735
20260831_073237_stage_B_3f3f96b3,188,34419.272514009164,26979.838156998867,13626.154841578735,40291.290168861742,7560.8193760447266,6124.2636945962286,-1436.555681448498,115316.55568144852
20260831_073237_stage_B_3f3f96b3,189,63739.235557492386,21353.097715580836,13446.691487728307,39792.55812078547,8166.2256925632464,6614.6428109762319,-1551.5828815870145,138331.582881587
20260831_073237_stage_B_3f3f96b3,190,34574.80441424864,24404.52162585254,13457.710336228442,39156.331594222785,8122.9893186969166,6579.6213481445047,-1543.3679705524119,111593.36797055241
20260831_073237_stage_B_3f3f96b3,191,26581.941324617233,24591.730877706257,13594.639383230195,40097.450694121035,7872.4330509196152,6376.6707712448897,-1495.7622796747255,104865.76227967473
20260831_073237_stage_B_3f3f96b3,192,40355.41958830737,27940.648920368087,13382.420446460565,39500.678734163965,8995.6194173684107,7286.451728068414,-1709.1676892999967,121179.16768929997
20260831_073237_stage_B_3f3f96b3,193,62574.82499270761,31224.747912766998,13622.336004795223,41225.270275757139,7564.1009790894386,6126.9217930624463,-1437.1791860269923,148647.17918602697
20260831_073237_stage_B_3f3f96b3,194,73413.673687468603,33925.069096279789,13622.775216048032,40972.34920512668,8125.6168680162255,6581.7496630931428,-1543.8672049230827,161933.86720492312
20260831_073237_stage_B_3f3f96b3,195,41418.774823392763,30184.168527400947,13686.143315633988,39889.27408559186,7833.4776422084169,6345.1168901888195,-1488.3607520195974,125178.36075201957
20260831_073237_stage_B_3f3f96b3,196,37159.738249698232,27875.184040061111,13535.175249934933,39554.422704844175,8286.9486554655123,6712.4284109270639,-1574.5202445384484,118124.52024453846
20260831_073237_stage_B_3f3f96b3,197,26093.236909663472,29474.748422182591,13504.773370383937,39265.114175545299,7988.804619870034,6470.9317420947236,-1517.8728777753104,108337.8728777753
20260831_073237_stage_B_3f3f96b3,198,38120.978406292488,27543.448251123929,13438.10580613773,39013.932768554558,8770.8696426773076,7104.4044105686253,-1666.4652321086824,118116.46523210871
20260831_073237_stage_B_3f3f96b3,199,35560.84621396046,29343.554273637343,13585.359286579993,39151.468777092843,7111.7292172138677,5760.5006659432302,-1351.2285512706376,117641.22855127063
20260831_073237_stage_B_3f3f96b3,200,13600.75084144253,19769.8401785405,13579.823649658236,39247.080814103152,7407.8709670758444,6000.3754833314351,-1407.4954837444093,86197.495483744424
20260831_073237_stage_B_3f3f96b3,201,20365.801214131494,21792.141337123157,13580.96235132091,40399.845029192584,6888.1575356217245,5579.4076038535995,-1308.749931768125,96138.749931768136
20260831_073237_stage_B_3f3f96b3,202,28153.378237360637,16559.517762662636,13605.130388619207,39832.978936680258,8584.238554330148,6953.233229007421,-1631.005325322727,98151.005325322738
20260831_073237_stage_B_3f3f96b3,203,22496.716330967596,11048.743561447212,13486.171328050088,38775.825725163377,7881.3523454119359,6383.8953997836625,-1497.4569456282734,85807.456945628277
20260831_073237_stage_B_3f3f96b3,204,11961.910399239256,25420.257447229724,13646.065061338752,40108.997823373633,6932.7933220072136,5615.5625908258435,-1317.2307311813702,91137.230731181364
20260831_073237_stage_B_3f3f96b3,205,10447.008599553274,26944.398364125169,13649.142427334569,39915.281145527391,7083.3186133705085,5737.4880768301127,-1345.8305365403958,90955.830536540394
20260831_073237_stage_B_3f3f96b3,206,11606.965119691858,25359.365189536387,13642.891878497245,39782.440168405737,7166.6439796379746,5804.9816235067547,-1361.6623561312199,90391.66235613123
20260831_073237_stage_B_3f3f96b3,207,19176.695088386714,24383.618677783867,13628.410991893748,40056.125822246882,7183.4241069010486,5818.573526589852,-1364.8505803111966,97244.850580311206
20260831_073237_stage_B_3f3f96b3,208,23294.592361788207,20680.142215493004,13553.60934003406,39687.25974540288,8292.6508564111664,6717.0471936930444,-1575.603662718122,97215.603662718146
20260831_073237_stage_B_3f3f96b3,209,20331.447262024369,25890.734659407477,13545.253279866729,40174.629314542595,6800.33955705894,5508.2750412177438,-1292.0645158411962,99942.064515841164
20260831_073237_stage_B_3f3f96b3,210,21072.603025867262,26290.110052230808,13613.6513705617,40163.443122504497,7209.5135324436797,5839.705961279381,-1369.8075711642987,101139.80757116426
20260831_073237_stage_B_3f3f96b3,211,28593.449869389988,25953.884066717146,13621.15911581806,40057.074714155911,7976.6724530586171,6461.10468697748,-1515.5677660811371,108225.56776608111
20260831_073237_stage_B_3f3f96b3,212,25257.455377550537,20965.484225644632,13603.17761777976,39542.048065806812,7200.8699304302118,5832.7046436484698,-1368.165286781742,99368.165286781732
20260831_073237_stage_B_3f3f96b3,213,10149.165890121008,12239.650361205646,13396.522056128482,38039.621405532271,9026.1037525652755,7311.1440395778727,-1714.9597129874028,73824.959712987416
20260831_073237_stage_B_3f3f96b3,214,12416.506765312042,24427.433121152575,13642.868331363072,39908.791224973887,7345.2602252714132,5949.6607824698449,-1395.5994428015683,90395.599442801584
20260831_073237_stage_B_3f3f96b3,215,17800.201650590345,22994.006847268476,13655.010234444617,40290.316599219055,6471.2385869604732,5241.7032554379994,-1229.5353315224738,94739.535331522493
20260831_073237_stage_B_3f3f96b3,216,30281.582929690085,27313.899416646869,13557.058229044067,39220.742397403672,7069.9103830774347,5726.6274102927237,-1343.2829727847111,110373.28297278468
20260831_073237_stage_B_3f3f96b3,217,34066.640903557789,29537.497337635126,13655.813213221103,40370.407300241088,8738.7302876584599,7078.371533003351,-1660.3587546551089,117630.35875465511
20260831_073237_stage_B_3f3f96b3,218,20173.313590044032,22343.814135602468,13589.812329452003,39777.645563555358,7234.6611508099086,5860.0755321560291,-1374.5856186538795,95884.585618653859
20260831_073237_stage_B_3f3f96b3,219,19038.536868616018,24966.365838435253,13622.185457788913,40329.405337288918,7192.0710638375513,5825.5775617084155,-1366.4935021291358,97956.493502129102
20260831_073237_stage_B_3f3f96b3,220,27277.345325429054,23998.139518050288,13617.197181265437,40137.288896853541,8578.7943242017736,6948.8234026034352,-1629.9709215983385,105029.97092159832
20260831_073237_stage_B_3f3f96b3,221,48526.122035543325,21951.047442396892,13444.965618039896,39588.432981920028,8739.8319889482937,7079.2639110481168,-1660.5680779001768,123510.56807790013
20260831_073237_stage_B_3f3f96b3,222,55696.692514672613,15357.249836343957,13476.056547563083,39462.720804089797,7803.7879087865194,6321.0682061170801,-1482.7197026694394,123992.71970266945
20260831_073237_stage_B_3f3f96b3,223,51926.671352501311,28991.959224007704,13470.447936200211,39885.023784939229,8495.2752507811383,6881.1729531327228,-1614.1022976484155,134274.10229764847
20260831_073237_stage_B_3f3f96b3,224,52333.646145347855,25110.32958184438,13492.945767966496,39914.000261648216,9110.1145095100401,7379.1927527031312,-1730.9217568069089,130850.92175680696
20260831_073237_stage_B_3f3f96b3,225,87866.565963508401,26002.673601578994,13569.137796470643,41177.009742556445,8607.3005479709991,6971.9134438565061,-1635.387104114493,168615.38710411449
20260831_073237_stage_B_3f3f96b3,226,83978.439420946175,13774.026695289242,13428.760591432734,39121.242941339609,8381.4192053041406,6788.9495562963566,-1592.469649007784,150302.46964900775
20260831_073237_stage_B_3f3f96b3,227,62204.130191803342,24976.74347516082,13399.350994208999,38371.711591961292,8115.4539638656097,6573.517710731142,-1541.9362531344677,138951.93625313445
20260831_073237_stage_B_3f3f96b3,228,36099.166709767742,19961.253130252881,13515.157905903483,39486.522435084371,8695.264110570879,7043.1639295624127,-1652.1001810084663,109062.10018100849
20260831_073237_stage_B_3f3f96b3,229,55937.032684442362,23287.317788785491,13558.297725465649,40548.664090782884,8638.4857340862491,6997.1734446098581,-1641.312289476391,133331.31228947639
20260831_073237_stage_B_3f3f96b3,230,47017.156471044014,27520.25879943274,13601.391015460133,40703.696732115335,8802.6474634326732,7130.1444453804688,-1672.5030180522044,128842.50301805222
20260831_073237_stage_B_3f3f96b3,231,32035.630609102947,24271.463493529736,13471.174849339435,39970.441247566734,7309.0010502046098,5920.2908506657286,-1388.7101995388812,109748.71019953885
20260831_073237_stage_B_3f3f96b3,232,40919.808204150497,29033.675409266434,13478.544082516466,39923.256270390448,8554.1261385465605,6928.8421722227158,-1625.2839663238447,123355.28396632386
20260831_073237_stage_B_3f3f96b3,233,53749.679735333331,27535.954561441209,13484.344411856313,40371.354083164661,8849.1199568186257,7167.7871650230873,-1681.3327917955385,135141.33279179552
20260831_073237_stage_B_3f3f96b3,234,82649.129203285542,32087.384716886088,13495.870333766827,40675.950985148789,8201.7644162488323,6643.4291771615508,-1558.3352390872815,168908.33523908723
20260831_073237_stage_B_3f3f96b3,235,69487.725244159257,26314.826895474962,13501.796921811823,39481.636793409663,8031.5044992407638,6505.518644385018,-1525.9858548557459,148785.98585485571
20260831_073237_stage_B_3f3f96b3,236,39844.066064449333,20565.604187233057,13578.858350588527,39565.642018032733,7758.7927384402901,6284.6221181366382,-1474.170620303652,113554.17062030366
20260831_073237_stage_B_3f3f96b3,237,40221.39375971508,28969.600608392488,13461.521713163056,38436.644597639388,8574.5298889999431,6945.3692100899552,-1629.1606789099878,121089.16067891
20260831_073237_stage_B_3f3f96b3,238,44042.425217475291,25843.635346028565,13513.487308239975,38382.627058995153,7116.71016178424,5764.5352310452708,-1352.1749307389691,121782.17493073898
20260831_073237_stage_B_3f3f96b3,239,24103.580382877892,28949.302012169414,13553.585607404804,39377.066954759102,8334.3945116380037,6750.8595544267837,-1583.53495721122,105983.5349572112
20260831_073237_stage_B_3f3f96b3,240,25018.892847907777,23668.385578914582,13599.941582627367,40308.750238042609,8189.3170920650018,6633.3468445726512,-1555.9702474923506,102595.97024749234
20260831_073237_stage_B_3f3f96b3,241,9909.0921946535218,27120.4299180741,13580.51445620039,39932.740007687142,7277.7714558692387,5894.9948792540854,-1382.7765766151533,90542.776576615157
20260831_073237_stage_B_3f3f96b3,242,18631.473439453675,27850.684835703534,13566.850391738739,39426.212610778952,8448.5330403942316,6843.3117627193305,-1605.2212776749011,99475.221277674907
20260831_073237_stage_B_3f3f96b3,243,18300.768686549676,28355.233043959164,13545.25178509603,39550.256538779227,7586.8950230741457,6145.3849686900548,-1441.5100543840908,99751.510054384096
20260831_073237_stage_B_3f3f96b3,244,43012.327831839451,20162.521620590232,9783.4922586908015,40847.561798173192,6715.2816278614346,5439.378118567759,-1275.9035092936756,113805.90350929368
20260831_073237_stage_B_3f3f96b3,245,72264.744042029619,22114.631694867538,9701.1536938819063,38937.155320587088,7303.6039545587901,5915.9192031926368,-1387.6847513661533,143017.68475136615
20260831_073237_stage_B_3f3f96b3,246,32615.672317624692,29616.063321037167,9804.8358106268042,40237.676067124412,8074.986928489885,6540.7394120768067,-1534.2475164130783,112274.24751641307
20260831_073237_stage_B_3f3f96b3,247,69251.974076928658,30255.464953039871,9717.9726419669551,39361.683690641243,7563.6598030354917,6126.564440458732,-1437.0953625767597,148587.09536257674
20260831_073237_stage_B_3f3f96b3,248,24468.880558267534,30637.025911661658,9785.7546532703091,39183.668057035415,7501.7325275521698,6076.403347317254,-1425.3291802349158,104075.32918023493
20260831_073237_stage_B_3f3f96b3,249,18770.037543042119,29268.233319315426,9829.0828266347653,40631.93764799535,6943.6386157243969,5624.3472787367618,-1319.2913369876351,98499.291336987662
20260831_073237_stage_B_3f3f96b3,250,63530.464434297624,17462.911961836337,9798.7611877837699,40356.381281925802,8044.8361360186782,6516.3172701751273,-1528.5188658435509,131148.51886584354
20260831_073237_stage_B_3f3f96b3,251,28083.05632960147,26113.824858284555,9834.3135914318827,39402.039316630231,7280.1794523585795,5896.9453564104524,-1383.2340959481271,103433.23409594814
20260831_073237_stage_B_3f3f96b3,252,22705.815184150579,25025.649535119872,9813.3524645965845,40685.081897170217,6736.3109528276154,5456.4118717903621,-1279.8990810372534,98229.899081037263
20260831_073237_stage_B_3f3f96b3,253,12801.05578843189,27929.394888989245,9798.401049495571,40936.344479714724,6922.0852980601576,5606.8890914287267,-1315.1962066314309,91465.19620663143
20260831_073237_stage_B_3f3f96b3,254,91619.089570541095,30320.859896981761,9808.0037844825565,42339.815617755106,6409.3098408451606,5191.5409710845788,-1217.7688697605818,174087.7688697605
20260831_073237_stage_B_3f3f96b3,255,37755.65999382743,25980.233405190305,9813.3286255189887,40576.215126418574,7712.8271102911549,6247.3899593358328,-1465.4371509553221,114125.43715095529
20260831_073237_stage_B_3f3f96b3,256,13755.714738942441,19451.076451494395,9780.6094358284699,40383.912678996574,7901.6489750626088,6400.3356698007137,-1501.313305261895,83371.31330526188
20260831_073237_stage_B_3f3f96b3,257,42123.925814971481,15032.108826245012,9795.9554952122398,39668.519715051618,7318.4729025282213,5927.9630510478592,-1390.5098514803622,106620.50985148035
20260831_073237_stage_B_3f3f96b3,258,85234.699693369359,15472.023415124164,9756.3829094015655,41344.048382800749,8353.4442141886248,6766.2898134927882,-1587.1544006958366,151807.15440069584
20260831_073237_stage_B_3f3f96b3,259,115453.91841702405,19504.006589164208,9827.4796551991203,42072.739426141758,7148.1267764694403,5789.9826889402457,-1358.1440875291946,186858.14408752913
20260831_073237_stage_B_3f3f96b3,260,78187.605152220203,30229.863888308049,9798.1718101329861,40796.41945559391,8221.370032922061,6659.3097266668683,-1562.0603062551927,159012.06030625515
20260831_073237_stage_B_3f3f96b3,261,106811.31932836647,23538.32743579306,9771.5248661121914,40805.952853418901,7037.4972825819932,5700.3727988914134,-1337.1244836905798,180927.12448369066
20260831_073237_stage_B_3f3f96b3,262,47131.445633048883,28418.173158196314,9795.6860993368682,40667.166294223396,7644.5851831866703,6192.1139983812072,-1452.4711848054631,126012.47118480547
20260831_073237_stage_B_3f3f96b3,263,123322.26633298951,27754.207144213964,9806.6099037868389,42339.790323217581,6541.4405484628041,5298.5668442548713,-1242.8737042079329,203222.87370420789
20260831_073237_stage_B_3f3f96b3,264,87207.690982873246,33155.559600463625,9802.6356212519349,41382.207994596734,7516.2852588713513,6088.1910596857924,-1428.0941991855589,171548.09419918552
20260831_073237_stage_B_3f3f96b3,265,122085.80135609719,27399.131273050596,9789.3354706148311,42364.297516045306,6729.2927147783048,5450.7270989704257,-1278.5656158078791,201638.56561580792
20260831_073237_stage_B_3f3f96b3,266,48838.885803863559,28323.048255359019,9739.0207982663087,38935.856497891575,7141.1123967393269,5784.3010413588445,-1356.8113553804824,125836.81135538046
20260831_073237_stage_B_3f3f96b3,267,28226.625970839352,23812.345238638292,9709.4427140332627,40391.593929995412,7631.6202816121786,6181.6124281058619,-1450.0078535063167,102140.00785350632
20260831_073237_stage_B_3f3f96b3,268,22730.661119125867,26214.347734103721,9798.4846404749005,40552.069580814386,8029.2793395730478,6503.7162650541704,-1525.5630745188773,99295.563074518868
20260831_073237_stage_B_3f3f96b3,269,43961.737280550878,31000.047348113021,9767.8631498558789,39375.267071397349,7604.8149995637095,6159.9001496466044,-1444.9148499171051,124104.91484991713
20260831_073237_stage_B_3f3f96b3,270,118151.43201974242,29671.761613901512,9803.1757349082509,42246.504829115962,6857.2326193062036,5554.3584216380223,-1302.8741976681813,199872.87419766816
20260831_073237_stage_B_3f3f96b3,271,116623.15607419091,30735.536531561378,9821.4634053843529,42418.381063107168,6571.2477591781262,5322.7106849342799,-1248.5370742438463,199598.53707424382
20260831_073237_stage_B_3f3f96b3,272,59237.641729490118,32774.461214395255,9819.6823282780097,38878.260511528482,7210.7672825887703,5840.7214988968935,-1370.0457836918767,140710.04578369186
20260831_073237_stage_B_3f3f96b3,273,20302.625920022245,27685.343011862526,9840.5876614876706,40838.156133732591,7719.5406689739566,6252.8279418689071,-1466.7127271050495,98666.712727105027
20260831_073237_stage_B_3f3f96b3,274,27569.925298452803,26662.201269020701,9785.2705326084579,40965.236546528882,7908.5981400569872,6405.9644934461612,-1502.633646610826,104982.63364661083
20260831_073237_stage_B_3f3f96b3,275,17173.831420691684,26282.677287960614,9792.2557957939189,40854.966888186027,7598.5862770119056,6154.8548843796425,-1443.7313926322631,94103.731392632239
20260831_073237_stage_B_3f3f96b3,276,32156.796161476999,28482.936398508402,9759.8728433636807,38712.970375897457,7960.9251539292009,6448.3493746826553,-1512.5757792465456,109112.57577924654
20260831_073237_stage_B_3f3f96b3,277,22028.135969148156,26935.814686139463,9754.4413596775757,39628.894335409714,7038.3492124995601,5701.0628621246478,-1337.2863503749122,98347.28635037491
20260831_073237_stage_B_3f3f96b3,278,8358.9185436507341,25319.872789018897,9823.5514735106426,40521.256459652759,6755.7856096476044,5472.1863438145592,-1283.5992658330451,84023.599265833036
20260831_073237_stage_B_3f3f96b3,279,10577.58888975795,24436.315349823326,9838.2520149442935,40597.913106491716,7000.3650579857076,5670.2956969684237,-1330.0693610172839,85450.069361017289
20260831_073237_stage_B_3f3f96b3,280,78833.746174714877,30179.18985166866,9837.4440700889372,41659.537347470243,6789.0391786457258,5499.121734703037,-1289.9174439426888,160509.91744394272
20260831_073237_stage_B_3f3f96b3,281,119654.61920333764,22166.732488893005,9800.3313683979213,42247.704933052468,6575.7262825317202,5326.3382888506922,-1249.3879936810281,193869.38799368104
20260831_073237_stage_B_3f3f96b3,282,121580.46838096921,6128.4796507940273,9807.4452973398238,41540.235109238129,8140.1496754798227,6593.5212371386569,-1546.6284383411657,179056.6284383412
20260831_073237_stage_B_3f3f96b3,283,110698.24637378978,10458.304364739273,9774.2493542603806,41623.116448140259,8178.50811015606,6624.5915692264098,-1553.9165409296502,172553.9165409297
20260831_073237_stage_B_3f3f96b3,284,117363.14368567996,21143.120821276909,9744.8338563826128,42685.590889705745,7140.4697528697307,5783.7804998244819,-1356.6892530452487,190936.68925304522
20260831_073237_stage_B_3f3f96b3,285,116894.21300801079,29868.324107634726,9842.2542735875777,42245.511012951531,6159.4863272875282,4989.1839251028969,-1170.3024021846313,198850.30240218461
20260831_073237_stage_B_3f3f96b3,286,79469.236308748659,10637.292821555104,9831.5362921902488,41022.839360690341,8636.3409641283961,6995.4361809440006,-1640.9047831843955,140960.90478318435
20260831_073237_stage_B_3f3f96b3,287,110470.90771443125,7308.2312022448577,9771.4702824822343,41423.004699295336,8440.0731497561974,6836.4592513025191,-1603.6138984536783,168973.61389845368
20260831_073237_stage_B_3f3f96b3,288,108576.85380885888,12296.104906705317,9813.8044690320876,41446.880681403403,8387.5992947348896,6793.9554287352612,-1593.6438659996284,172133.64386599968
20260831_073237_stage_B_3f3f96b3,289,120739.51285692734,7333.5977705421956,9800.0102220972967,41622.794300079382,8346.9218402433289,6761.0066905970962,-1585.9151496462327,179495.9151496462
20260831_073237_stage_B_3f3f96b3,290,121869.73325252345,14028.737126820512,9748.8151070868917,42266.780736063563,7231.9274868126267,5857.8612643182278,-1374.066222494399,187914.06622249441
20260831_073237_stage_B_3f3f96b3,291,79978.192583631855,13899.787816995107,9782.0221413115669,38818.757553340467,7888.2110277842494,6389.4509325052441,-1498.7600952790053,142478.76009527899
20260831_073237_stage_B_3f3f96b3,292,23030.825304378159,15037.244958498728,9779.2312118748832,40035.782196357664,8647.8087953128615,7004.7251242034154,-1643.0836711094462,87883.083671109431
20260831_073237_stage_B_3f3f96b3,293,81489.849500814977,11242.198571488321,9824.1813687173308,41048.677379603396,8078.4569506529442,6543.5501300288834,-1534.9068206240609,143604.90682062402
20260831_073237_stage_B_3f3f96b3,294,108952.16467153409,13099.083289863733,9807.0318663770413,41503.232605158191,8165.8549101741892,6614.3424772410917,-1551.5124329330974,173361.51243293303
20260831_073237_stage_B_3f3f96b3,295,121175.68282399779,8632.4390154442681,9717.7697010187348,41763.455878957895,7838.6706285195914,6349.3232091008695,-1489.347419418722,181289.34741941869
20260831_073237_stage_B_3f3f96b3,296,94550.681507474073,21670.541114266107,9762.4900568605735,41517.065799816774,7477.7814653551395,6057.0029869376613,-1420.7784784174783,167500.77847841752
20260831_073237_stage_B_3f3f96b3,297,100544.03114776577,30492.3113400896,9749.8771846345935,42111.83695460319,7252.9296162801711,5874.872989186937,-1378.0566270932341,182898.05662709317
20260831_073237_stage_B_3f3f96b3,298,53119.615495018086,30587.621864747514,9766.431248345114,38884.455966275149,7148.0240757149668,5789.8995013291233,-1358.1245743858435,132358.12457438587
20260831_073237_stage_B_3f3f96b3,299,15879.070769073292,26534.988537477635,9758.2385696791534,40782.643275036862,7552.3218487733147,6117.3806975063853,-1434.9411512669294,92954.941151266947
20260831_073237_stage_B_3f3f96b3,300,73696.322469324921,29103.488838300324,9744.3082278587517,40020.282649479464,7391.590447176266,5987.1882622127769,-1404.4021849634892,152564.40218496346
20260831_073237_stage_B_3f3f96b3,301,92932.394128894564,12249.218098543204,9816.8710754177737,41847.811825516394,6980.5006756417652,5654.2055472698266,-1326.2951283719385,156846.29512837194
20260831_073237_stage_B_3f3f96b3,302,38059.579174857987,8916.3964928669502,9869.8211637434761,40903.177163731663,7573.5473431585378,6134.5733479584142,-1438.9739952001237,97748.973995200067
20260831_073237_stage_B_3f3f96b3,303,95766.339006876136,8200.7013039718731,9806.5758586163283,41259.984175957477,7229.4755022201407,5855.8751567983145,-1373.6003454218262,155033.60034542182
20260831_073237_stage_B_3f3f96b3,304,20050.435775060389,4982.2551579948413,9782.3706470638353,38888.966080514852,9126.4613717574684,7392.43371112355,-1734.0276606339185,73704.027660633918
20260831_073237_stage_B_3f3f96b3,305,35198.321413347221,4742.0861624424579,9749.8523885500344,39075.010637200052,9185.6347449461973,7440.3641434064202,-1745.2706015397771,88765.270601539756
20260831_073237_stage_B_3f3f96b3,306,54442.543869312649,5518.811605507175,9778.9498004680099,39920.873385575927,8532.5192677040322,6911.3406068402664,-1621.1786608637658,109661.17866086375
20260831_073237_stage_B_3f3f96b3,307,16242.473482554382,5826.1467021138651,9779.1798116330701,37871.961462351777,9209.2708350162466,7459.5093763631603,-1749.7614586530863,69719.761458653084
20260831_073237_stage_B_3f3f96b3,308,72400.429667257413,7944.1114614819189,9803.2999687871234,40262.720308189084,8739.7968721867146,7079.2354664712384,-1660.5614057154762,130410.56140571553
20260831_073237_stage_B_3f3f96b3,309,94401.971570394875,16186.837053897085,9791.2389379733231,40704.397586139145,8549.7113073919008,6925.2661589874378,-1624.445148404463,161084.44514840443
20260831_073237_stage_B_3f3f96b3,310,58735.703457428215,16044.910443689143,9792.9748187680834,40299.42353819096,8752.6960951388774,7089.6838370624937,-1663.0122580763837,124873.0122580764
20260831_073237_stage_B_3f3f96b3,311,36314.865519708816,16414.016625678491,9753.7578859380737,39317.281133399003,8841.6903406547335,7161.7691759303352,-1679.9211647243983,101799.92116472439
20260831_073237_stage_B_3f3f96b3,312,113548.35490090259,8273.4842392686405,9789.249819750743,40735.028471408834,8611.1443754251577,6975.0269440943721,-1636.1174313307856,172346.11743133079
20260831_073237_stage_B_3f3f96b3,313,102555.70082810741,27083.277404974539,9789.7739116139455,41555.265930379283,8179.0425003958408,6625.024425320632,-1554.0180750752088,180984.01807507518
20260831_073237_stage_B_3f3f96b3,314,66809.945611728748,29876.455179837645,9793.6160936080942,37986.475845373301,9086.8038449885371,7360.3111144407148,-1726.4927305478222,144466.49273054779
20260831_073237_stage_B_3f3f96b3,315,35441.123474304157,22307.924366428942,9734.605404513577,38477.944364588628,8797.882157027916,7126.2845471926094,-1671.5976098353067,105961.5976098353
20260831_073237_stage_B_3f3f96b3,316,93939.655505667077,14645.080948262095,9729.2980988056952,40116.210621164988,8738.1324942099873,7077.8873203100911,-1660.2451738998961,158430.24517389986
20260831_073237_stage_B_3f3f96b3,317,98045.618717189689,28234.556849922727,9815.5270904031768,40220.596451440186,8454.2058366093024,6847.906727653537,-1606.2991089557654,176316.29910895578
20260831_073237_stage_B_3f3f96b3,318,39094.100017392491,24684.123596555764,9761.2189008132045,37909.484299463598,8625.9306011843582,6987.0037869593298,-1638.9268142250285,111448.92681422507
20260831_073237_stage_B_3f3f96b3,319,17594.651909982829,8800.3551264677826,9805.3435963240445,39446.52261057336,8299.3328597264244,6722.4596163784026,-1576.8732433480218,75646.873243348018
20260831_073237_stage_B_3f3f96b3,320,10430.129697891181,5634.8050884702552,9730.1470654017958,36706.648800395968,9535.4244850483865,7723.693832889192,-1811.7306521591945,62501.730652159196
20260831_073237_stage_B_3f3f96b3,321,82270.850696448266,4587.8031977055416,9762.8052708198502,37500.781006781886,8696.0009039762026,7043.7607322207214,-1652.2401717554812,134122.24017175555
20260831_073237_stage_B_3f3f96b3,322,52988.616406983383,25894.935897034618,9743.1655811727524,37724.514822100304,8743.3300383739643,7082.097331082914,-1661.2327072910502,126351.23270729106
20260831_073237_stage_B_3f3f96b3,323,14426.180990752024,7463.0804150380027,9821.1261393644327,38259.096665058903,9207.8116327018561,7458.3274224885045,-1749.4842102133516,69969.484210213355
20260831_073237_stage_B_3f3f96b3,324,66475.165352970944,3760.0039153795378,9769.7393584271413,39405.96626401406,8899.3415304824466,7208.4666396907805,-1690.8748907916661,119410.87489079167
20260831_073237_stage_B_3f3f96b3,325,61584.998675271563,5345.9732146594461,9765.3662375576514,37745.587928482259,8589.0845051098531,6957.1584491389813,-1631.9260559708719,114441.92605597092
20260831_073237_stage_B_3f3f96b3,326,119173.28453591236,10981.827137881781,9795.4150546736637,41277.646522960145,8464.0697443576901,6855.8964929297281,-1608.173251427962,181228.17325142794
20260831_073237_stage_B_3f3f96b3,327,116103.0188713517,20631.936529102179,9791.5403043844799,41331.343818020163,8041.2606466240122,6513.4211237654499,-1527.8395228585623,187857.83952285853
20260831_073237_stage_B_3f3f96b3,328,73883.498735664427,19831.63554007046,9772.5764054429837,37908.454261730963,8874.5523310991121,7188.3873881902837,-1686.1649429088284,141396.16494290886
20260831_073237_stage_B_3f3f96b3,329,62995.274948518527,26225.373261017769,9718.1006067004473,38357.384499775784,8716.491136908211,7060.3578208956542,-1656.1333160125569,137296.13331601254
20260831_073237_stage_B_3f3f96b3,330,73039.777724527608,28272.836103125355,9823.7498911943603,38844.420843869048,8740.9713827174874,7080.1868200011631,-1660.7845627163242,149980.78456271638
20260831_073237_stage_B_3f3f96b3,331,78596.940810050859,22815.889293851804,9785.2261771682151,39043.790678833589,8536.0366310759819,6914.1896711715453,-1621.8469599044365,150241.84695990448
20260831_073237_stage_B_3f3f96b3,332,71837.741257747941,27800.984009276704,9780.1627778601887,39519.683499144558,8624.0607580494816,6985.4892140200791,-1638.5715440294025,148938.5715440294
20260831_073237_stage_B_3f3f96b3,333,79588.148858423476,29256.423644611441,9796.781098269561,39810.936057170933,8643.6297814495101,7001.3401229741039,-1642.2896584754062,158452.28965847541
20260831_073237_stage_B_3f3f96b3,334,119588.52975949721,25444.175697272934,9849.7807725340735,41799.843763189572,7538.5789078621783,6106.2489153683628,-1432.3299924938156,196682.32999249379
20260831_073237_stage_B_3f3f96b3,335,104879.26106095157,29099.306116451662,5046.0240928735502,42272.956838071623,7144.9900439387884,5787.4419355904174,-1357.548108348371,181297.54810834839
20260831_073237_stage_B_3f3f96b3,336,84548.286301454151,30412.255466462146,5018.3836141184729,40715.163021301923,7495.2021228246949,6071.1137194880048,-1424.0884033366901,160694.0884033367
20260831_073237_stage_B_3f3f96b3,337,52721.839037754631,26519.614306384949,4998.5885269390692,40259.982486007757,7315.917668875757,5925.8933117893612,-1390.0243570863959,124500.0243570864
20260831_073237_stage_B_3f3f96b3,338,45902.653859763996,25892.976222791043,5055.2135774506132,40217.558065577658,7465.272239912164,6046.8705143288562,-1418.4017255833078,117068.40172558332
20260831_073237_stage_B_3f3f96b3,339,46806.497837531315,26186.852749717367,5039.787558985674,40967.625726975384,6740.8624905777151,5460.0986173679512,-1280.7638732097639,119000.76387320974
20260831_073237_stage_B_3f3f96b3,340,45751.784925183667,25637.42464196599,5031.7051723691911,40078.035271974295,7257.6316394376863,5878.6816279445256,-1378.9500114931607,116498.95001149316
20260831_073237_stage_B_3f3f96b3,341,24245.840625944653,24972.639454639117,5041.4241826012976,40600.328716451309,6474.9104191387332,5244.6774395023731,-1230.2329796363601,94860.232979636377
20260831_073237_stage_B_3f3f96b3,342,19577.914879047996,23721.777195707524,5052.1607416360039,42074.979509615303,6035.959610562124,4889.1272845553203,-1146.8323260068037,90426.832326006828
20260831_073237_stage_B_3f3f96b3,343,33795.614071881624,15116.15879375958,5045.3117306422319,39817.154040815549,7285.4665110472397,5901.2278739482626,-1384.2386370989771,93774.238637098984
20260831_073237_stage_B_3f3f96b3,344,13955.122399802296,16821.077460840639,5073.2627612454789,40979.266778501376,6730.154738893646,5451.4253385038519,-1278.7294003897941,76828.729400389799
20260831_073237_stage_B_3f3f96b3,345,15763.12254187997,11276.604135180118,5074.7779745194675,40673.821077635032,8043.8196274452257,6515.4938982306312,-1528.3257292145945,72788.325729214586
20260831_073237_stage_B_3f3f96b3,346,91865.15164330136,11996.40179435079,5087.3751847639714,40752.781457502155,7851.1056837804172,6359.3956038621372,-1491.7100799182799,149701.71007991827
20260831_073237_stage_B_3f3f96b3,347,68730.493157896388,25172.015059215948,5045.7938351422445,39607.374184763452,7135.1380895685079,5779.461852550492,-1355.6762370180159,138555.67623701802
20260831_073237_stage_B_3f3f96b3,348,9500.2616324712581,19644.797328178709,5074.9522358745044,41641.926777496832,6220.7261790593784,5038.7882050380977,-1181.9379740212808,75861.937974021304
20260831_073237_stage_B_3f3f96b3,349,25334.04223055315,11294.268407141944,5105.3737623652769,41289.988994554245,7914.0704979716566,6410.3971033570388,-1503.6733946146178,83023.673394614627
20260831_073237_stage_B_3f3f96b3,350,21237.296766936874,13577.665667712721,5073.9173173968347,41096.434727543856,7712.1814715276869,6246.8669919374261,-1465.3144795902608,80985.314479590292
20260831_073237_stage_B_3f3f96b3,351,117949.79995222419,25529.325208817361,5056.2037531091992,42825.549918120312,6530.9412224791558,5290.0623902081143,-1240.8788322710416,191360.87883227109
20260831_073237_stage_B_3f3f96b3,352,119614.87996123309,25540.202267985471,5035.4589901586132,42778.841209319202,6470.4338352440172,5241.0514065476536,-1229.3824286963636,192969.38242869638
20260831_073237_stage_B_3f3f96b3,353,78820.137886527998,27015.692730642779,5023.8528456542608,39796.55433258861,7348.619975861182,5952.3821804475565,-1396.2377954136255,150656.23779541365
20260831_073237_stage_B_3f3f96b3,354,114360.52312194066,6912.0198245354468,4996.9704978347063,42657.290772413886,7877.9169301301681,6381.1127134054359,-1496.8042167247322,168926.80421672467
20260831_073237_stage_B_3f3f96b3,355,77678.116504498772,18000.590209765949,5004.5876895860838,39589.733785728837,7331.7273135769774,5938.6991239973513,-1393.0281895796261,140273.02818957967
20260831_073237_stage_B_3f3f96b3,356,39762.371218256187,21938.331113370794,5048.6178700055061,39915.839926519315,7079.7901481676636,5734.6300200158084,-1345.1601281518551,106665.16012815179
20260831_073237_stage_B_3f3f96b3,357,17612.748031473679,21607.965065090255,5074.8240540249462,41527.912349573337,7070.7868429590635,5727.3373427968418,-1343.4495001622217,85823.449500162213
20260831_073237_stage_B_3f3f96b3,358,25817.638961977857,11641.149235350698,5058.4713550344313,41352.18540275703,6418.1313427370269,5198.6863876169937,-1219.4449551200332,83869.444955120009
20260831_073237_stage_B_3f3f96b3,359,93647.811360723179,5171.2235376066747,5084.3239907149364,41635.351408798342,7835.3173570689405,6346.6070592258411,-1488.7102978430994,145538.71029784312
20260831_073237_stage_B_3f3f96b3,360,113279.88075150627,4598.0768145455495,5025.121799284705,42270.12322888233,7911.5926011518322,6408.3900069329829,-1503.2025942188493,165173.20259421886
20260831_073237_stage_B_3f3f96b3,361,117443.49275082673,5785.1015862238964,5039.3318539600086,42387.828390927963,7925.0241154662663,6419.2695335276749,-1505.7545819385914,170655.75458193861
20260831_073237_stage_B_3f3f96b3,362,75604.922578059137,6509.2872144412886,4993.7764205226686,39317.690616820109,7187.7727886485445,5822.0959588053211,-1365.6768298432235,126425.6768298432
20260831_073237_stage_B_3f3f96b3,363,104938.67960473824,9166.8780478732187,5072.5117363844229,41643.926319019185,8168.3984632375141,6616.4027552223852,-1551.9957080151289,160821.99570801505
20260831_073237_stage_B_3f3f96b3,364,104249.38820412794,15239.14358951039,5029.5169807952116,40959.499360984657,7566.0428179903402,6128.49468257218,-1437.5481354181602,165477.54813541821
20260831_073237_stage_B_3f3f96b3,365,53030.431540302343,8897.74619001471,5059.8192695103817,39394.502031741213,7065.7843766770766,5723.2853451084293,-1342.4990315686473,106382.49903156864
