relative_path,sha256,bytes,status
acceptance/acceptance_results.csv,89155549d8e3afcd65b3419e869ac98588bb9ba4a0c61bcc1c286fa14c94eb5c,1009,PASS
acceptance/physical_audit.csv,9a38cf29f4d8d3f888776ca83d4debd2f589220ae038529786806d8d2ddb52dd,659,PASS
checkpoints/checkpoint_manifest.csv,7f5998a30724881f1cab224506b9a90a22b0d44338acb89a391b53f3080a31b7,14918,PASS
checkpoints/iteration_000.mat,a2a907860f2dc2bebfa6f62e44f29a4fa533ea3a6b617aaef22282eaef2cf875,73449,PASS
checkpoints/iteration_001.mat,f3890bbff187eda3f84a10c4a0e4d1620248e49d278925ca92608d1739119fb0,185458,PASS
checkpoints/iteration_002.mat,ec0b729efd39d329b8996a23a5c1ee5881c8944d7cd1ab806e3d141061c46f1f,186193,PASS
checkpoints/iteration_003.mat,fe39dedd541470abcbae1848c897206ebd21af18d9dba36948a49ad4f2900884,186435,PASS
checkpoints/iteration_004.mat,fa32749227143e6ae1f4f23fd3c10b156652b042c9b588c06df06715775b6c40,186452,PASS
checkpoints/iteration_005.mat,7fb7008da65e055ee4e055c7ca8d5700cfa08b3f3974958f3fdd589d70c346e3,186373,PASS
checkpoints/iteration_006.mat,92e8640fddd179e81a5d33ac3c0239fb4bf159fdce9dab0e35b7ce25829a67fb,186407,PASS
checkpoints/iteration_007.mat,4f004c234d329f71448fa7ab38787f7bad95ad850b9cf28aec5b4ef7c97ce059,186152,PASS
checkpoints/iteration_008.mat,a9cd3cf3ced28806e288ca7dd33cf8ab2519948ec04510c1be96b3adcb85a015,186219,PASS
checkpoints/iteration_009.mat,8ce1ff04cb3d98eca3aeadf5e92cb1d0ea34b588e90a2e636ed30874f1c98a0f,186164,PASS
checkpoints/iteration_010.mat,286e2852287a8a7d6e93bc55027aa5616a36ec76575674079c29f088d6470092,186282,PASS
checkpoints/iteration_011.mat,24b2207cb589583ff2981df4a8af1ddc1930f74e8eb3aed4e4aa6814d1f157d8,186224,PASS
checkpoints/iteration_012.mat,f8435753cc110007904120c2a4d04261f051a07d820c3798a81da21ed16b4fba,186172,PASS
checkpoints/iteration_013.mat,8eb9d81cb22353aa7f6b31eda0b96ef90c4d5301bf03ca0678348a24f6aff991,186250,PASS
checkpoints/iteration_014.mat,73c59ef20de1d5c42f93eee6debd9283c3990055cad7e5e3b912a49db891caa3,186197,PASS
checkpoints/iteration_015.mat,9835605eaf191771533222cba807c1737a405e291b6cf8229cc641c021ca06b0,186076,PASS
checkpoints/iteration_016.mat,034ef4b782eadc14c5ebcb3280294923ca36127b824faae76c44f7611e643caa,186133,PASS
checkpoints/iteration_017.mat,a604fb7b65d733db20351bf7612826b9a59c7ee5861d3422c3c38dd083de9181,186173,PASS
checkpoints/iteration_018.mat,a74f18cde0369e465f3286bf4b477d216dfba0dfbf845d22fe4a76021793da9b,186118,PASS
checkpoints/iteration_019.mat,aba06de535b9daf8cd674877ceabb3b98b9af96152ea67b724b0e00c309fbea0,186180,PASS
checkpoints/iteration_020.mat,872687812163854311afb9b2406fbe8908866423e0211a8528121be5d71bb98e,186102,PASS
checkpoints/iteration_021.mat,bf8b29888e296205591247d8bda55d735155fe0ec71cb51df0623062f4657454,186196,PASS
checkpoints/iteration_022.mat,2f6a6bb2dbdb3adcbdf9637ceaa5dd9f27078f6479a8bbe6a1bb4f5b174a3bde,186111,PASS
checkpoints/iteration_023.mat,9d051fe7f8fde9ae8c1f2dabff008e137f7ae2d5dd4076c0611582b1700af256,185951,PASS
checkpoints/iteration_024.mat,3eabb7960486ee38fbd55f4912b10ef26a7eadc3fdf5e259692363ac78362a5b,186426,PASS
checkpoints/iteration_025.mat,8cbcf1ea04af7d52a19af7d2e233a08ffc3ee080543b12871db2e8735a017b81,186434,PASS
checkpoints/iteration_026.mat,c7ca2d0e64b820537d1af8322afb79a9553f5481c91df80d45516027dffb2ba1,186139,PASS
checkpoints/iteration_027.mat,b79e82d297c2fa27ba135802fe55ab289f4282969fe4f39b836ea1be4ae0245d,185702,PASS
checkpoints/iteration_028.mat,5006088d1e2924a4031d46680266ac87cccb318667be7f4cb8921e390f487172,185542,PASS
checkpoints/iteration_029.mat,d5e878b5022e13186726603e717ce52eb19d95dadcb18f694a482537d4f7c4ea,185391,PASS
checkpoints/iteration_030.mat,409bf8896795f2ef0d37028bfe84fe19142361af69a9902dfa976b98f4ca0690,185598,PASS
diagnostics/daily_joint_factorization_history.csv,d324cb434f57728607c2c724d66072dcf799e2d856ae1bac95b41badb6efce98,33531,PASS
diagnostics/direction_audit_history.csv,aa002d42462371f75e8733899c2ad34307573f05b373ae7d9508308613b2e89a,19522,PASS
diagnostics/final_daily_water_constraint_audit.csv,e81367130db2c45d70df29bc5eecde2170271d8d5041a9e31a69b3ca8443b6c4,3820,PASS
diagnostics/initial_metrics.json,18a00a00122c0ef45c054e449332c1a4b8a0b4f6011b28339ecb64bb4a70a6b1,864,PASS
diagnostics/iteration_history.csv,ffcd68834a5ca63cfde95235e7e30770ea5303b7d9f481a482d631a4cdb3ea4d,23877,PASS
diagnostics/nonzero_water_hessian_direction_comparison.csv,2e9c9e8c79cb6033b4d905b2d741a038c0c19d739b3e0b212149e14c212c56c4,355,PASS
diagnostics/nonzero_water_hessian_gate.csv,614fdb0b7fe8ead528627af07a6acc47e3954ddd418277ecde5f4be8bce908f6,827,PASS
diagnostics/nonzero_water_hessian_gate.mat,7336be93d52ba0ae81a4ef70ce278ed364d2a9077e00e3fd198a9f0ef18dfb39,247135530,PASS
diagnostics/nonzero_water_hessian_matrix_manifest.csv,7861eb3fa53c6625f1124e5e2c2efbf051d0aef9bb40841863e3381ba0266553,2212,PASS
diagnostics/objective_history.csv,fbe9e92602947b9b032a16f8f2f3662a08ac9519d9b07dfcc7a20c972d859253,9637,PASS
diagnostics/residual_history.csv,2415973e95489406e29343a3b53ef97bd211854fe1fb92d9b469b0e3a5c502c8,10390,PASS
diagnostics/step_history.csv,15b4b9b6985c519f0ea077295f3faa7420e474767450a454c25be00c3ebd8149,9423,PASS
diagnostics/timing_history.csv,a727843e90faaef6a0bef917f79b7b7d6af163d219fe985752f831cd556f1202,3950,PASS
diagnostics/water_hessian_history.csv,a1cd8b06a1779c392c98cdbceac196fb4537a937ecc867b57bf7db870c5c23a3,14644,PASS
diagnostics/water_input_audit.csv,ca081706115c89cba4c4c72afb5acc618c29cada29604c6bb5cc59319c6d9fc1,7739,PASS
diagnostics/water_slack_second_order_correction_history.csv,0447cebd8a1c5bf5bc3a43cb0e45809e315314288727ba1f68adb9a7f22fe8ad,638814,PASS
effective_config.yaml,a711336e5c5442a12a5dbf59a76df972b574fd39164477c6d6c5687d9e991321,3238,PASS
environment.csv,0df9e87f7fb8fc8b23fa8c4ad4333b9e47e067f22f2364c63c4243560473afe4,1312,PASS
git_state.txt,4df1912d710c8d7f50587fa058a62a2b2c1b2f8a240f0c4dd61c3824c102dd88,6725,PASS
indices/block_index.csv,ff66315049617ac0839d848dd349b754f9c2ca6953e428c570dd3793fa31186d,15519,PASS
indices/constraint_index.csv,e7c0f3bae28c130588e10b9ff858aaa4a6abb93a88acce3bb11882a14b2221f8,1003842,PASS
indices/fixed_zero_map.csv,37b6454195b022a0cfa2a5ee11e09400a454e175a28c97466065aaff48539663,51976,PASS
indices/permutation_map.csv,47625a24116c426f241867e7feebaf156b64983704d29847372fcb836213efe0,991444,PASS
indices/soc_link_map.csv,262935d633959761d5c4e7bde39110d5dfcf2235607bcfc2baeeed35b2031b19,33743,PASS
indices/variable_index.csv,9c9e97395474c71496c57a93055f19e3b12aa6afbd3db84f4e906302641c8481,342481,PASS
indices/water_constraint_index.csv,90eb7790683285f7fb176e8eee78982bef237bf0d6218197bb99c09be35b2ff8,19012,PASS
input_hashes.csv,499b37605cb75610fe79b382d94fa74b785d1e9ec2898197376e91c8431b623b,559,PASS
issues/decision_log.csv,8eb917aab77d5e1c511db6b8d82b4997985179a3491cf50d3235acebe758fa5c,308,PASS
issues/issue_log.csv,2700541ff18c8ea5f307f63f846e5ddb11c2df4d96a8c6367dac25d1eceddf70,91,PASS
matrices/final_direction_audit.mat,dc23a1e3f4b61f1bc23af9b5bd5511286b7792009bdfd2822ca378b87e67ac29,624930,PASS
matrices/final_linearization.mat,4c16ea5d4a534c5293fd1b7cda57bf2d9f9d1ca3b9213635ba020d7d804e468f,135283576,PASS
matrices/matrix_manifest.csv,22b6727494d064ce8210a95cf392b251e0ba8e1d1456319a82e595963bfbf85a,2915,PASS
reports/report_sha256.csv,aafa18d2273a6bde83363345e1d46293c1ba9b790676b40b2bb2a483cc85107e,216,PASS
reports/report_structure_validation.csv,ca652b1592ebddecb1f146cb5e6fb13a5544f21f7e2490f68db2a37794a632d4,378,PASS
reports/report_visual_qa.csv,a8cce804ac7330245ea4437e78ccc737a208048cd20f8d4d8679871237fe9a95,2162,PASS
reports/阶段B-2C_七日递推IPM收敛与水量物理验收报告.docx,d4835d29c464a649bbc9511dabc1c1ead8bd3cf962b671e931c25ba9bfce3510,10827,PASS
results/capacity_results.csv,8738a0b32cc8bb890c23aafdf871b6e7ae4cc36e4f390cb95ec488fd438c5c1e,915,PASS
results/final_state_and_physical.mat,4e665afa61cebf4104fb03a990a797c25e7658e9a305022d6735f01a43e82c65,260366,PASS
results/hourly_dispatch_results.csv,838922609a20d6e66fe1da7ec2eed449062cac79257f22d0e07d4338911c5578,76348,PASS
tests/a4_3_affected/matlab_test_console.log,5e46db36caaeda461a3e3cd52db8766aedbc9b2b8c875942aac64bb30b7b7f81,6728,PASS
tests/a4_3_affected/test_command.txt,1b726f12ef8a7f3f587f2f1b73e29af0494ec6874b03133f7ad5a9745e9c2cd3,50,PASS
tests/a4_3_affected/test_evidence_sha256.csv,63db438a3b3ba20de80012e1776089342c2153f12e49defb9235ff3934b30c31,592,PASS
tests/a4_3_affected/test_inventory.csv,dd3ddea1b4ba2d6905a46adbcada6856e9740495bbcb0f0358393026d67d8be3,1939,PASS
tests/a4_3_affected/test_results.csv,0963001f4511591e5c8dd5ec60a594c91ae796672b230a6cd9288d5d51b582ab,3568,PASS
tests/a4_3_affected/test_results.xml,4c3fb1f3ac6e616d62fc0c73346079725724124a5a333bb68356c322243d8f98,2346,PASS
tests/a4_3_affected/test_summary.json,8a3f33b929852fca8608db43b11e7f0a63205d66ade67dcc3c717a3a605b08bb,535,PASS
tests/b1_affected/matlab_test_console.log,6993f17a229c775d59105fb3c2084b3f5400d8c26178c53b368a9685a978a52d,2694,PASS
tests/b1_affected/test_command.txt,7753292931ef7d2ff1023362c7473d8a6dcbabcccaafbfc73232a9f2e3ce6354,44,PASS
tests/b1_affected/test_evidence_sha256.csv,f41fddf215b8c3e23c4b6ead018d59020082a325f696bc53883332568f9431c1,590,PASS
tests/b1_affected/test_inventory.csv,9ea11d06589de7e99766fd6455a9daa2e50bc811ca920026668264a75c079969,586,PASS
tests/b1_affected/test_results.csv,7e6a12c2131c15cfaa28dd694d07995f8525f973b73765459689243baa4315b5,1071,PASS
tests/b1_affected/test_results.xml,99d6c77aedfb0f09460dac9681d2875f17444b7b996c23f0c90cf6ca29e89c39,913,PASS
tests/b1_affected/test_summary.json,2680575353b751885a00cec5a3f0c92a62774b86cc6f32c9953cd43fac4ca773,544,PASS
tests/b1_regression/matlab_test_console.log,7b10bb52f80910860e688b85a4ae4fa21b589c2aa2d95a8d1eb9a504830c197f,6026,PASS
tests/b1_regression/test_command.txt,d8a86674338e1c399c8e92e5281454a1b18b4e455813db833c261b69065aca14,40,PASS
tests/b1_regression/test_evidence_sha256.csv,3e2100d56270f2262c7e626b04184b69f55d2ffc1b04ff85e03bc67e712bb7b0,592,PASS
tests/b1_regression/test_inventory.csv,d90f9c9ef59d47c2f2a1940bdb745fa37312da58c47e88edd1daf07b0a0b4919,1734,PASS
tests/b1_regression/test_results.csv,308cdbbcec3b8381886e91d302108b757f58df7e2dcda814ab2ee3ea291967db,3010,PASS
tests/b1_regression/test_results.xml,efb2c52981417b41acbee4b37182f2719c3594806cd5624e9d5a418dc36408ce,2056,PASS
tests/b1_regression/test_summary.json,4589e4e76901b97e18f1d6e1118ff5be0a37c3bf78e26bc78f70b2a27dc1a6bc,528,PASS
tests/b2a_regression/matlab_test_console.log,0a1597bbf2458e5a25de59f9c2a3b7e6a8bcd88929f71619d6e97e3514b2e7be,8060,PASS
tests/b2a_regression/test_command.txt,c0f80ad44c4837df53a93c76133778fae8918fc90035bab73e1a4e682f64489a,41,PASS
tests/b2a_regression/test_evidence_sha256.csv,6c000c20a32ab3a7640a77a4efd1a731b81b07ba94decf76e647f09d2b3db17f,592,PASS
tests/b2a_regression/test_inventory.csv,bf664e5f2e4423a343a91c1481bdccd914ef9006ce15d8392d34c79ac1a2452e,2246,PASS
tests/b2a_regression/test_results.csv,6edeb4bf07b4b447dca7d850c8e8c95d5e5d37d7df774e4e9ec25e53cea10f60,4055,PASS
tests/b2a_regression/test_results.xml,651dabf3c17b9a4d3646d315ae509c91f268b2753b4706f4fc7ced93ecf0021d,2785,PASS
tests/b2a_regression/test_summary.json,24fa232600e52330877b56d28c9ced8621b2a0a0fbc40ec62c6625d1b94ef8e1,531,PASS
tests/b2b_regression/matlab_test_console.log,8d7b41db97392f47b417040485b91dc8c642b07a95569740a547272b6a97df2e,5616,PASS
tests/b2b_regression/test_command.txt,ef207bc06a5ead7f2a0a2d0558cc1597354bb932546df5aa1851d6ad23587018,41,PASS
tests/b2b_regression/test_evidence_sha256.csv,11b7bf19da65cb5da466bf4bc9b197f5620391bfe865c715b63d868ff7ae9f56,592,PASS
tests/b2b_regression/test_inventory.csv,b99e6735beecd8bc927be57de1a3e6610ce224cb005804f1379a4a79b569098e,1796,PASS
tests/b2b_regression/test_results.csv,c1ea1dde40ee0606a07091bf564991c44f1edbd9b85f4be752a61990f22755b9,2756,PASS
tests/b2b_regression/test_results.xml,eab26ad9a2a26b0f1eac893b44d534b2a93a5b4e1222069c87bad64422dd0f42,1869,PASS
tests/b2b_regression/test_summary.json,3d5c2d3feef86b4bff5c86bdb15a45a42b550917844f2340a76c7123edb3bf1b,530,PASS
tests/dependency_closure_audit.csv,c53586b85034d502f4188ddb1fde87a1ea738ef64b9f7a80f09332f990722944,499,PASS
tests/forbidden_code_audit.csv,76d76b1db93500bb1e7d2404152264aee1273863da167de2435399090999dc1a,471,PASS
tests/forbidden_execution_audit.csv,cc5cc67f1395aea3521c517cb7ec7fa227669dc793beeb7c24373074bb4f5f58,356,PASS
tests/git_diff_check.txt,5faa5b3604defa7050f6c4546769cb162c167b529c8e2e2e1b7b8fd271cc196d,550,PASS
tests/matlab_test_console.log,59c85a36ded317f049be784a66e25bc9fa201fd334b0e4361fe784d8032c5b52,6923,PASS
tests/stage_a_structure/matlab_test_console.log,6741ac0a68a13febdb0d79c73807b7112395618b4d190fef11a67740dfe2ff2d,2666,PASS
tests/stage_a_structure/test_command.txt,2ac844be8243ebe10efc2c73099a4f105f677980a50a3a80a4491694f85207ce,44,PASS
tests/stage_a_structure/test_evidence_sha256.csv,060d99393cf2928b18301da022494116582798a3dbff1e9c93cd0da43cda96f0,590,PASS
tests/stage_a_structure/test_inventory.csv,1d662601ef779ec98de34d67d1f244f8c853b7662d546e6438586800e0aa2a0a,680,PASS
tests/stage_a_structure/test_results.csv,bc2575fd82297c17b45e3be40407e29dfadb335fbb0722f1189ab4c0a2f038bc,1091,PASS
tests/stage_a_structure/test_results.xml,439791b8c3a969dbd81a9f5987b4e23e213ea5dfbb40be0b13f4b2e434223889,829,PASS
tests/stage_a_structure/test_summary.json,eb04373e355ae19d859d807cb258a7a3aecc0a18497047ac9a856707cd609547,544,PASS
tests/static_check_summary.csv,026d266e783a6d7744523571e94d6e23333a9c4db66a19c47d51b0a133892f89,2510,PASS
tests/test_command.txt,b758d7fe9325503df542df461bee1f3abca68c25606c2cab788c800cebbc0b10,46,PASS
tests/test_evidence_sha256.csv,b56f082c9f80337a8864c3a5b7171166ec7b4d32867512df56e0a92bac1bc34f,592,PASS
tests/test_inventory.csv,5581186f6e81e74e60103101e5917a1d58bf4f563e38cadb61ae9a79cdbce709,2186,PASS
tests/test_results.csv,61167f4c75fb61e1a1244e0261011387210a385d00bbe5ce9f6faff004a42322,3816,PASS
tests/test_results.xml,e87195556363cb888855fa38dc43bbe4b4db347d6a713b9d11ea42454bad4bfa,2386,PASS
tests/test_summary.json,629429fd723f48b52df3dbe4ae0eea64dbcc60eece2ae8a309d610685f06ff14,531,PASS
