iteration,objective_raw,objective_scaled,objective_scale_factor,QW1,QW2,QW3,QW4,QW5,QP1,QP2,QP3,QP4,QP5,QS1,QS2,ES1,ES2
1,49313516916.009804,10022.77707569568,4920145.04,1660.0188877465016,1029.2762539655089,1271.2655763798373,949.95249999999999,1058.2959505372773,1358.0543161642054,1290.6132844591543,1149.9096061477005,1010.2869138852781,942.15862513590776,232.52297404283445,381.17666903233425,465.0459480856689,762.35333806466849
2,49692786965.714165,10099.862211727434,4920145.04,1678.6938947540227,1029.3991352126707,1279.9956327881898,949.22660033773855,1059.5982568256775,1375.5703040103979,1306.8722789643273,1164.400585890628,1022.9262842449012,953.54659195109355,234.72206974987191,383.07129452179203,469.44413949974381,766.14258904358405
3,50422118484.83429,10248.095955487175,4920145.04,1679.5243595182146,1029.4948026769707,1279.5821104137542,949.43478918820063,1059.5428210734581,1419.9777851520053,1348.2828248238059,1197.8627256143534,1047.5424657798671,976.31857963497407,255.91914019918286,402.34848920463617,511.83828039836573,804.69697840927233
4,50877370081.209793,10340.624040060777,4920145.04,1679.5987562130745,1029.5825616229686,1279.6297019827534,949.5437850690106,1059.6084824332311,1419.4713186455858,1348.5365025396304,1198.3194643004408,1048.1802774619355,977.41965513967568,299.97795957009959,453.26269337481108,599.95591914019917,906.52538674962216
5,51116860604.465202,10389.299540743865,4920145.04,1679.6236445075369,1029.6104748402238,1279.6496149992649,949.57673112822124,1059.6320809251756,1419.4003282602771,1348.6028563651814,1198.4205755505545,1048.3205922000277,977.65253584118238,299.45422203049498,499.97663134668738,598.90844406098995,999.95326269337477
6,51106525886.199188,10387.19905017255,4920145.04,1679.6789259892282,1029.6721628074147,1279.6943120738929,949.64845724593999,1059.68459251166,1419.2512936957796,1348.7348891697129,1198.6234809659932,1048.6092214144651,978.1217321869359,299.70340846639346,496.86627706438054,599.40681693278691,993.73255412876108
7,51121557393.465195,10390.254144513023,4920145.04,1679.6751303105109,1029.6699302118993,1279.6890502710105,949.64733222139637,1059.6808615821626,1419.1792463835056,1348.7016391487987,1198.6009836834496,1048.6081807833016,978.13881956827902,299.55950329951804,499.99843313853216,599.11900659903608,999.99686627706433
8,51111885798.002357,10388.288431026082,4920145.04,1679.6424671818027,1029.6367325271049,1279.6513918196106,949.61075678696568,1059.6443812089938,1418.7920547090357,1348.2357784144381,1198.0929155441502,1048.2201665229054,977.49957383853939,299.52460966041616,499.8351663473095,599.04921932083232,999.67033269461899
9,51095279938.770264,10384.91335588153,4920145.04,1679.5641561768377,1029.5591019176895,1279.5703725038984,949.52526154564794,1059.5633199917725,1418.1885792705302,1347.4287561974845,1197.213236208336,1047.5187086882806,976.32289168027216,299.47009254341475,499.69086391547881,598.9401850868295,999.38172783095763
10,50883353517.160583,10341.840149728712,4920145.04,1679.3414354599322,1029.3301344302088,1279.3266108079031,949.25364516569482,1059.313349246077,1412.5009634510891,1337.725831728002,1184.9601690041181,1040.7686968252608,949.76329456226927,299.34120199475336,499.42832786876306,598.68240398950672,998.85665573752613
11,50258605681.666512,10214.862625607986,4920145.04,1679.3269714988649,1029.3139134669145,1279.306861222201,949.23071416758285,1059.2921107297261,1411.4028505029205,1334.5037168541801,1179.0168924536408,1039.5555405714579,784.08288164728106,299.32670376931549,499.38807695653566,598.65340753863097,998.77615391307131
12,49486623105.821251,10057.960223428952,4920145.04,1679.3044213859444,1029.2874637690747,1279.2739772576099,949.19233518834733,1059.2556027163266,1409.246372945355,1319.744564714073,960.10950844622676,1037.1538041005936,785.27568236662842,299.30266882866022,499.31664828906509,598.60533765732043,998.63329657813017
13,48723118632.327034,9902.780961987055,4920145.04,1679.2833237404589,1029.2610811169397,1279.2399057616244,949.1503456582484,1059.215742357268,1406.3917268435152,1080.1198722823572,962.64264265802967,1033.9726195127532,784.8380591683449,299.27321640482972,499.22017107094155,598.54643280965945,998.44034214188309
14,48469284992.978813,9851.1902797440325,4920145.04,1679.2294520705113,1029.1996321456072,1279.1652136580333,949.0605972889864,1059.1328725377357,1367.2245497853792,1080.8130713191579,960.00132132132899,996.93925743506645,784.49008880787562,299.23534500733626,499.07386513425183,598.47069001467253,998.14773026850366
15,47459752628.174515,9646.0068234440732,4920145.04,1679.1863567712899,1029.1424541913764,1279.0836939247063,948.95910655392811,1059.0349488813272,1136.1156122748928,1081.0923546398124,960.43568867455565,908.83486172264634,784.49539192624559,299.16432162095583,498.73526087856885,598.32864324191166,997.4705217571377
16,47236295566.2397,9600.5900602962101,4920145.04,1679.1462615838104,1029.0950123104176,1279.017135215068,948.87992875939835,1058.9580039422694,1138.1774412581635,1080.917725121873,960.46031240616173,840.03441743086137,784.47590379369205,299.12292655827702,498.46643426138019,598.24585311655403,996.93286852276037
17,47197841669.498314,9592.7744580266099,4920145.04,1679.044432718485,1028.9713060285239,1278.8394957070323,948.65398535323618,1058.744984763646,1136.0010887206292,1080.4931788608937,960.32152058213865,840.15093747769549,784.3786993992577,299.06658264694534,493.44872046468788,598.13316529389067,986.89744092937576
18,46678825320.855537,9487.2864400061535,4920145.04,1678.7727846236291,1028.6158336401131,1278.2856315401723,947.9192677637858,1058.0554270767386,1136.277294093954,1080.0002465894304,960.11390529920311,840.02927616788088,784.18021194861399,298.93384765708589,395.21322103553842,597.86769531417178,790.42644207107674
19,46315506057.454262,9413.4432381396346,4920145.04,1678.468039306209,1028.1922424712257,1277.5553936201859,946.90261129760108,1057.0981449924132,1136.0001386470472,1080.1143251859489,960.10601608024126,840.22229528035177,784.12722811651793,298.80458659155147,327.65407841779557,597.60917318310294,655.30815683559103
20,45642883983.683899,9276.7354646284766,4920145.04,1678.7987993130498,1028.2609733513723,1276.7851525311467,938.92635423582942,981.71770099080027,1136.062600035518,1080.1322220259372,960.12275628446139,840.21176077297673,784.12688851974531,298.59849517902393,276.77113827329941,597.19699035804786,553.54227654659871
21,45568126734.660439,9261.541349736397,4920145.04,1678.9101790120631,1028.2720742113879,1245.6291407517481,949.99446317711784,992.87964491264734,1136.0622097434082,1080.1244017687022,960.11588437674948,840.19363453097606,784.1196645646653,298.31255251431872,270.28501038386975,596.62510502863745,540.57002076773938
22,45391310680.71199,9225.604186805027,4920145.04,1679.3004728806513,1028.1297186510658,1161.4007769351504,949.66586534272358,1059.9664398224563,1136.0492422490215,1080.0859325003271,960.08110193952928,840.11828931198181,784.08584752655122,293.48485552624572,254.0868694232046,586.96971105249145,508.17373884640915
23,45340795061.829803,9215.3370872639571,4920145.04,1679.5599298765308,1028.0949464135226,1152.6892917426242,949.90685687061125,1058.9832666470932,1136.0390915890434,1080.0616988174409,960.05878338021375,840.07678514276893,784.06353888543049,297.07883291489367,250.00204343471162,594.15766582978733,500.00408686942319
24,45333355771.107216,9213.8250808775374,4920145.04,1679.6408055140714,1027.6631371049809,1148.7076687009117,949.9209015732298,1059.1815403353835,1136.0322006811559,1080.0505806510862,960.04818051498012,840.0626383149613,784.05215482918436,299.99853941645745,250.00743391133099,599.99707883291489,500.01486782266193
25,45322569152.307144,9211.6327433118004,4920145.04,1679.7330411023956,887.682000377544,1279.9343538343503,949.93914515680797,1059.4045429725284,1136.0243494132415,1080.0380149996031,960.03620980447442,840.04687360209709,784.03920848825851,299.97923356850407,250.01024092998392,599.95846713700814,500.02048185996779
26,45303113814.719666,9207.6785229729048,4920145.04,1679.9813030974249,889.03326773971833,1273.8060306911948,949.98979705520003,1059.9997022714863,1136.0029039362121,1080.0038805385025,960.00367898097386,840.00418322527321,784.00400891352251,299.96115471061404,250.01540430180927,599.92230942122808,500.03080860361854
27,45301704045.031731,9207.3919928652613,4920145.04,1679.9986878505631,882.21711154802301,1279.9969030153457,949.99855551992925,1059.9986510322899,1136.0003253167713,1080.0003803834277,960.00036223329539,840.00038871400761,784.00037013191218,299.99422683945727,250.00249636239695,599.98845367891454,500.00499272479391
28,45301609002.868233,9207.3726759218116,4920145.04,1679.9999712840713,882.19014645156858,1279.9979276471604,949.99990290964899,1059.9998561349757,1136.0000176397912,1080.0000175436821,960.00001681787069,840.00001668019775,784.00001550037928,299.99962968077187,250.00017832073664,599.99925936154375,500.00035664147327
29,45301606779.452026,9207.3722240212719,4920145.04,1679.9999971168204,882.18737853367088,1279.9997914347853,949.99999018274389,1059.9999854484095,1136.0000017736108,1080.0000017622046,960.00000168931251,840.00000167560586,784.00000155531313,299.99996376826357,250.00001815614411,599.99992753652714,500.00003631228822
30,45301606556.374329,9207.3721786816131,4920145.04,1679.9999997102993,882.18710122059747,1279.9999789567516,949.99999901331125,1059.999998537287,1136.0000001782023,1080.0000001770527,960.00000016972888,840.00000016835463,784.00000015626165,299.99999636693582,250.00000182595809,599.99999273387164,500.00000365191619
