run_id,stage_id,day,hydro_id,water_a,water_b,water_c,water_min_m3,water_max_m3,min_not_above_max,all_finite,source_field,status,max_output_mw,nonnegative_bounds,max_output_positive,water_unit,power_unit
20260811_121452_stage_B_2C_4168a6e9,stage_B,14,1,0.001,16.41,352.86000000000001,35023.93,38915.480000000003,true,true,data.base.hydro.waterA|waterB|waterC|maxOutputMW;data.timeseries.hydroWaterMin|hydroWaterMax;unit=m3/day,PASS,300,true,true,m3/day,MW
20260811_121452_stage_B_2C_4168a6e9,stage_B,14,2,0.001,16.420000000000002,352.94999999999999,34507.480000000003,38341.639999999999,true,true,data.base.hydro.waterA|waterB|waterC|maxOutputMW;data.timeseries.hydroWaterMin|hydroWaterMax;unit=m3/day,PASS,300,true,true,m3/day,MW
20260811_121452_stage_B_2C_4168a6e9,stage_B,14,3,0.001,16.510000000000002,355.26999999999998,18049.599999999999,20055.110000000001,true,true,data.base.hydro.waterA|waterB|waterC|maxOutputMW;data.timeseries.hydroWaterMin|hydroWaterMax;unit=m3/day,PASS,150,true,true,m3/day,MW
20260811_121452_stage_B_2C_4168a6e9,stage_B,14,4,0.001,16.539999999999999,355.56999999999999,18070.5,20078.330000000002,true,true,data.base.hydro.waterA|waterB|waterC|maxOutputMW;data.timeseries.hydroWaterMin|hydroWaterMax;unit=m3/day,PASS,150,true,true,m3/day,MW
20260811_121452_stage_B_2C_4168a6e9,stage_B,15,1,0.001,16.41,352.86000000000001,34974.580000000002,38860.639999999999,true,true,data.base.hydro.waterA|waterB|waterC|maxOutputMW;data.timeseries.hydroWaterMin|hydroWaterMax;unit=m3/day,PASS,300,true,true,m3/day,MW
20260811_121452_stage_B_2C_4168a6e9,stage_B,15,2,0.001,16.420000000000002,352.94999999999999,34446.559999999998,38273.959999999999,true,true,data.base.hydro.waterA|waterB|waterC|maxOutputMW;data.timeseries.hydroWaterMin|hydroWaterMax;unit=m3/day,PASS,300,true,true,m3/day,MW
20260811_121452_stage_B_2C_4168a6e9,stage_B,15,3,0.001,16.510000000000002,355.26999999999998,18130.82,20145.349999999999,true,true,data.base.hydro.waterA|waterB|waterC|maxOutputMW;data.timeseries.hydroWaterMin|hydroWaterMax;unit=m3/day,PASS,150,true,true,m3/day,MW
20260811_121452_stage_B_2C_4168a6e9,stage_B,15,4,0.001,16.539999999999999,355.56999999999999,18834.439999999999,20927.150000000001,true,true,data.base.hydro.waterA|waterB|waterC|maxOutputMW;data.timeseries.hydroWaterMin|hydroWaterMax;unit=m3/day,PASS,150,true,true,m3/day,MW
20260811_121452_stage_B_2C_4168a6e9,stage_B,16,1,0.001,16.41,352.86000000000001,34442.010000000002,38268.900000000001,true,true,data.base.hydro.waterA|waterB|waterC|maxOutputMW;data.timeseries.hydroWaterMin|hydroWaterMax;unit=m3/day,PASS,300,true,true,m3/day,MW
20260811_121452_stage_B_2C_4168a6e9,stage_B,16,2,0.001,16.420000000000002,352.94999999999999,34566.800000000003,38407.559999999998,true,true,data.base.hydro.waterA|waterB|waterC|maxOutputMW;data.timeseries.hydroWaterMin|hydroWaterMax;unit=m3/day,PASS,300,true,true,m3/day,MW
20260811_121452_stage_B_2C_4168a6e9,stage_B,16,3,0.001,16.510000000000002,355.26999999999998,18267.790000000001,20297.540000000001,true,true,data.base.hydro.waterA|waterB|waterC|maxOutputMW;data.timeseries.hydroWaterMin|hydroWaterMax;unit=m3/day,PASS,150,true,true,m3/day,MW
20260811_121452_stage_B_2C_4168a6e9,stage_B,16,4,0.001,16.539999999999999,355.56999999999999,18641.279999999999,20712.529999999999,true,true,data.base.hydro.waterA|waterB|waterC|maxOutputMW;data.timeseries.hydroWaterMin|hydroWaterMax;unit=m3/day,PASS,150,true,true,m3/day,MW
20260811_121452_stage_B_2C_4168a6e9,stage_B,17,1,0.001,16.41,352.86000000000001,34716.970000000001,38574.410000000003,true,true,data.base.hydro.waterA|waterB|waterC|maxOutputMW;data.timeseries.hydroWaterMin|hydroWaterMax;unit=m3/day,PASS,300,true,true,m3/day,MW
20260811_121452_stage_B_2C_4168a6e9,stage_B,17,2,0.001,16.420000000000002,352.94999999999999,34602.239999999998,38446.93,true,true,data.base.hydro.waterA|waterB|waterC|maxOutputMW;data.timeseries.hydroWaterMin|hydroWaterMax;unit=m3/day,PASS,300,true,true,m3/day,MW
20260811_121452_stage_B_2C_4168a6e9,stage_B,17,3,0.001,16.510000000000002,355.26999999999998,18030.740000000002,20034.16,true,true,data.base.hydro.waterA|waterB|waterC|maxOutputMW;data.timeseries.hydroWaterMin|hydroWaterMax;unit=m3/day,PASS,150,true,true,m3/day,MW
20260811_121452_stage_B_2C_4168a6e9,stage_B,17,4,0.001,16.539999999999999,355.56999999999999,18310.279999999999,20344.759999999998,true,true,data.base.hydro.waterA|waterB|waterC|maxOutputMW;data.timeseries.hydroWaterMin|hydroWaterMax;unit=m3/day,PASS,150,true,true,m3/day,MW
20260811_121452_stage_B_2C_4168a6e9,stage_B,18,1,0.001,16.41,352.86000000000001,34871.510000000002,38746.120000000003,true,true,data.base.hydro.waterA|waterB|waterC|maxOutputMW;data.timeseries.hydroWaterMin|hydroWaterMax;unit=m3/day,PASS,300,true,true,m3/day,MW
20260811_121452_stage_B_2C_4168a6e9,stage_B,18,2,0.001,16.420000000000002,352.94999999999999,35081.839999999997,38979.82,true,true,data.base.hydro.waterA|waterB|waterC|maxOutputMW;data.timeseries.hydroWaterMin|hydroWaterMax;unit=m3/day,PASS,300,true,true,m3/day,MW
20260811_121452_stage_B_2C_4168a6e9,stage_B,18,3,0.001,16.510000000000002,355.26999999999998,18009.099999999999,20010.110000000001,true,true,data.base.hydro.waterA|waterB|waterC|maxOutputMW;data.timeseries.hydroWaterMin|hydroWaterMax;unit=m3/day,PASS,150,true,true,m3/day,MW
20260811_121452_stage_B_2C_4168a6e9,stage_B,18,4,0.001,16.539999999999999,355.56999999999999,18063.330000000002,20070.369999999999,true,true,data.base.hydro.waterA|waterB|waterC|maxOutputMW;data.timeseries.hydroWaterMin|hydroWaterMax;unit=m3/day,PASS,150,true,true,m3/day,MW
20260811_121452_stage_B_2C_4168a6e9,stage_B,19,1,0.001,16.41,352.86000000000001,34738.940000000002,38598.82,true,true,data.base.hydro.waterA|waterB|waterC|maxOutputMW;data.timeseries.hydroWaterMin|hydroWaterMax;unit=m3/day,PASS,300,true,true,m3/day,MW
20260811_121452_stage_B_2C_4168a6e9,stage_B,19,2,0.001,16.420000000000002,352.94999999999999,34447.959999999999,38275.510000000002,true,true,data.base.hydro.waterA|waterB|waterC|maxOutputMW;data.timeseries.hydroWaterMin|hydroWaterMax;unit=m3/day,PASS,300,true,true,m3/day,MW
20260811_121452_stage_B_2C_4168a6e9,stage_B,19,3,0.001,16.510000000000002,355.26999999999998,18319.950000000001,20355.5,true,true,data.base.hydro.waterA|waterB|waterC|maxOutputMW;data.timeseries.hydroWaterMin|hydroWaterMax;unit=m3/day,PASS,150,true,true,m3/day,MW
20260811_121452_stage_B_2C_4168a6e9,stage_B,19,4,0.001,16.539999999999999,355.56999999999999,18267.07,20296.740000000002,true,true,data.base.hydro.waterA|waterB|waterC|maxOutputMW;data.timeseries.hydroWaterMin|hydroWaterMax;unit=m3/day,PASS,150,true,true,m3/day,MW
20260811_121452_stage_B_2C_4168a6e9,stage_B,20,1,0.001,16.41,352.86000000000001,34463.269999999997,38292.519999999997,true,true,data.base.hydro.waterA|waterB|waterC|maxOutputMW;data.timeseries.hydroWaterMin|hydroWaterMax;unit=m3/day,PASS,300,true,true,m3/day,MW
20260811_121452_stage_B_2C_4168a6e9,stage_B,20,2,0.001,16.420000000000002,352.94999999999999,34906.730000000003,38785.260000000002,true,true,data.base.hydro.waterA|waterB|waterC|maxOutputMW;data.timeseries.hydroWaterMin|hydroWaterMax;unit=m3/day,PASS,300,true,true,m3/day,MW
20260811_121452_stage_B_2C_4168a6e9,stage_B,20,3,0.001,16.510000000000002,355.26999999999998,18048.439999999999,20053.82,true,true,data.base.hydro.waterA|waterB|waterC|maxOutputMW;data.timeseries.hydroWaterMin|hydroWaterMax;unit=m3/day,PASS,150,true,true,m3/day,MW
20260811_121452_stage_B_2C_4168a6e9,stage_B,20,4,0.001,16.539999999999999,355.56999999999999,18259.790000000001,20288.650000000001,true,true,data.base.hydro.waterA|waterB|waterC|maxOutputMW;data.timeseries.hydroWaterMin|hydroWaterMax;unit=m3/day,PASS,150,true,true,m3/day,MW
